mode: set
github.com/OpenSIN-Code/SIN-Code-Bundle/cmd/sin-code/internal/adw.go:47.54,49.20 2 0
github.com/OpenSIN-Code/SIN-Code-Bundle/cmd/sin-code/internal/adw.go:49.20,51.4 1 0
github.com/OpenSIN-Code/SIN-Code-Bundle/cmd/sin-code/internal/adw.go:52.3,53.17 2 0
github.com/OpenSIN-Code/SIN-Code-Bundle/cmd/sin-code/internal/adw.go:53.17,55.4 1 0
github.com/OpenSIN-Code/SIN-Code-Bundle/cmd/sin-code/internal/adw.go:56.3,56.65 1 0
github.com/OpenSIN-Code/SIN-Code-Bundle/cmd/sin-code/internal/adw.go:56.65,57.18 1 0
github.com/OpenSIN-Code/SIN-Code-Bundle/cmd/sin-code/internal/adw.go:57.18,59.5 1 0
github.com/OpenSIN-Code/SIN-Code-Bundle/cmd/sin-code/internal/adw.go:60.4,60.61 1 0
github.com/OpenSIN-Code/SIN-Code-Bundle/cmd/sin-code/internal/adw.go:63.3,65.26 2 0
github.com/OpenSIN-Code/SIN-Code-Bundle/cmd/sin-code/internal/adw.go:65.26,69.4 3 0
github.com/OpenSIN-Code/SIN-Code-Bundle/cmd/sin-code/internal/adw.go:70.3,70.31 1 0
github.com/OpenSIN-Code/SIN-Code-Bundle/cmd/sin-code/internal/adw.go:101.52,108.82 5 0
github.com/OpenSIN-Code/SIN-Code-Bundle/cmd/sin-code/internal/adw.go:108.82,109.33 1 0
github.com/OpenSIN-Code/SIN-Code-Bundle/cmd/sin-code/internal/adw.go:109.33,110.35 1 0
github.com/OpenSIN-Code/SIN-Code-Bundle/cmd/sin-code/internal/adw.go:110.35,112.170 2 0
github.com/OpenSIN-Code/SIN-Code-Bundle/cmd/sin-code/internal/adw.go:112.170,114.6 1 0
github.com/OpenSIN-Code/SIN-Code-Bundle/cmd/sin-code/internal/adw.go:116.4,116.14 1 0
github.com/OpenSIN-Code/SIN-Code-Bundle/cmd/sin-code/internal/adw.go:119.3,121.100 3 0
github.com/OpenSIN-Code/SIN-Code-Bundle/cmd/sin-code/internal/adw.go:121.100,123.4 1 0
github.com/OpenSIN-Code/SIN-Code-Bundle/cmd/sin-code/internal/adw.go:125.3,127.42 3 0
github.com/OpenSIN-Code/SIN-Code-Bundle/cmd/sin-code/internal/adw.go:127.42,129.4 1 0
github.com/OpenSIN-Code/SIN-Code-Bundle/cmd/sin-code/internal/adw.go:130.3,134.18 3 0
github.com/OpenSIN-Code/SIN-Code-Bundle/cmd/sin-code/internal/adw.go:134.18,142.4 1 0
github.com/OpenSIN-Code/SIN-Code-Bundle/cmd/sin-code/internal/adw.go:145.3,146.25 2 0
github.com/OpenSIN-Code/SIN-Code-Bundle/cmd/sin-code/internal/adw.go:146.25,154.4 1 0
github.com/OpenSIN-Code/SIN-Code-Bundle/cmd/sin-code/internal/adw.go:155.3,156.32 2 0
github.com/OpenSIN-Code/SIN-Code-Bundle/cmd/sin-code/internal/adw.go:156.32,158.4 1 0
github.com/OpenSIN-Code/SIN-Code-Bundle/cmd/sin-code/internal/adw.go:161.3,161.19 1 0
github.com/OpenSIN-Code/SIN-Code-Bundle/cmd/sin-code/internal/adw.go:161.19,163.4 1 0
github.com/OpenSIN-Code/SIN-Code-Bundle/cmd/sin-code/internal/adw.go:163.9,163.30 1 0
github.com/OpenSIN-Code/SIN-Code-Bundle/cmd/sin-code/internal/adw.go:163.30,165.4 1 0
github.com/OpenSIN-Code/SIN-Code-Bundle/cmd/sin-code/internal/adw.go:165.9,165.92 1 0
github.com/OpenSIN-Code/SIN-Code-Bundle/cmd/sin-code/internal/adw.go:165.92,167.4 1 0
github.com/OpenSIN-Code/SIN-Code-Bundle/cmd/sin-code/internal/adw.go:170.3,173.64 2 0
github.com/OpenSIN-Code/SIN-Code-Bundle/cmd/sin-code/internal/adw.go:173.64,175.19 2 0
github.com/OpenSIN-Code/SIN-Code-Bundle/cmd/sin-code/internal/adw.go:175.19,182.5 1 0
github.com/OpenSIN-Code/SIN-Code-Bundle/cmd/sin-code/internal/adw.go:185.3,185.13 1 0
github.com/OpenSIN-Code/SIN-Code-Bundle/cmd/sin-code/internal/adw.go:187.2,187.16 1 0
github.com/OpenSIN-Code/SIN-Code-Bundle/cmd/sin-code/internal/adw.go:187.16,189.3 1 0
github.com/OpenSIN-Code/SIN-Code-Bundle/cmd/sin-code/internal/adw.go:192.2,195.43 2 0
github.com/OpenSIN-Code/SIN-Code-Bundle/cmd/sin-code/internal/adw.go:195.43,196.26 1 0
github.com/OpenSIN-Code/SIN-Code-Bundle/cmd/sin-code/internal/adw.go:196.26,204.4 1 0
github.com/OpenSIN-Code/SIN-Code-Bundle/cmd/sin-code/internal/adw.go:208.2,212.31 5 0
github.com/OpenSIN-Code/SIN-Code-Bundle/cmd/sin-code/internal/adw.go:212.31,213.25 1 0
github.com/OpenSIN-Code/SIN-Code-Bundle/cmd/sin-code/internal/adw.go:214.19,215.14 1 0
github.com/OpenSIN-Code/SIN-Code-Bundle/cmd/sin-code/internal/adw.go:216.15,217.10 1 0
github.com/OpenSIN-Code/SIN-Code-Bundle/cmd/sin-code/internal/adw.go:218.17,219.12 1 0
github.com/OpenSIN-Code/SIN-Code-Bundle/cmd/sin-code/internal/adw.go:220.14,221.9 1 0
github.com/OpenSIN-Code/SIN-Code-Bundle/cmd/sin-code/internal/adw.go:225.2,226.15 2 0
github.com/OpenSIN-Code/SIN-Code-Bundle/cmd/sin-code/internal/adw.go:226.15,228.3 1 0
github.com/OpenSIN-Code/SIN-Code-Bundle/cmd/sin-code/internal/adw.go:229.2,229.17 1 0
github.com/OpenSIN-Code/SIN-Code-Bundle/cmd/sin-code/internal/adw.go:229.17,231.3 1 0
github.com/OpenSIN-Code/SIN-Code-Bundle/cmd/sin-code/internal/adw.go:233.2,234.16 2 0
github.com/OpenSIN-Code/SIN-Code-Bundle/cmd/sin-code/internal/adw.go:234.16,236.3 1 0
github.com/OpenSIN-Code/SIN-Code-Bundle/cmd/sin-code/internal/adw.go:237.2,237.16 1 0
github.com/OpenSIN-Code/SIN-Code-Bundle/cmd/sin-code/internal/adw.go:237.16,239.3 1 0
github.com/OpenSIN-Code/SIN-Code-Bundle/cmd/sin-code/internal/adw.go:240.2,240.16 1 0
github.com/OpenSIN-Code/SIN-Code-Bundle/cmd/sin-code/internal/adw.go:240.16,242.3 1 0
github.com/OpenSIN-Code/SIN-Code-Bundle/cmd/sin-code/internal/adw.go:243.2,243.16 1 0
github.com/OpenSIN-Code/SIN-Code-Bundle/cmd/sin-code/internal/adw.go:243.16,245.3 1 0
github.com/OpenSIN-Code/SIN-Code-Bundle/cmd/sin-code/internal/adw.go:247.2,248.42 2 0
github.com/OpenSIN-Code/SIN-Code-Bundle/cmd/sin-code/internal/adw.go:248.42,250.3 1 0
github.com/OpenSIN-Code/SIN-Code-Bundle/cmd/sin-code/internal/adw.go:250.8,250.25 1 0
github.com/OpenSIN-Code/SIN-Code-Bundle/cmd/sin-code/internal/adw.go:250.25,252.3 1 0
github.com/OpenSIN-Code/SIN-Code-Bundle/cmd/sin-code/internal/adw.go:254.2,268.3 1 0
github.com/OpenSIN-Code/SIN-Code-Bundle/cmd/sin-code/internal/adw.go:271.65,275.16 4 0
github.com/OpenSIN-Code/SIN-Code-Bundle/cmd/sin-code/internal/adw.go:275.16,277.3 1 0
github.com/OpenSIN-Code/SIN-Code-Bundle/cmd/sin-code/internal/adw.go:278.2,278.31 1 0
github.com/OpenSIN-Code/SIN-Code-Bundle/cmd/sin-code/internal/adw.go:278.31,279.41 1 0
github.com/OpenSIN-Code/SIN-Code-Bundle/cmd/sin-code/internal/adw.go:279.41,283.20 4 0
github.com/OpenSIN-Code/SIN-Code-Bundle/cmd/sin-code/internal/adw.go:283.20,292.5 1 0
github.com/OpenSIN-Code/SIN-Code-Bundle/cmd/sin-code/internal/adw.go:295.2,295.15 1 0
github.com/OpenSIN-Code/SIN-Code-Bundle/cmd/sin-code/internal/adw.go:298.69,302.29 4 0
github.com/OpenSIN-Code/SIN-Code-Bundle/cmd/sin-code/internal/adw.go:302.29,304.23 2 0
github.com/OpenSIN-Code/SIN-Code-Bundle/cmd/sin-code/internal/adw.go:304.23,305.12 1 0
github.com/OpenSIN-Code/SIN-Code-Bundle/cmd/sin-code/internal/adw.go:307.3,311.39 5 0
github.com/OpenSIN-Code/SIN-Code-Bundle/cmd/sin-code/internal/adw.go:311.39,312.41 1 0
github.com/OpenSIN-Code/SIN-Code-Bundle/cmd/sin-code/internal/adw.go:312.41,314.13 2 0
github.com/OpenSIN-Code/SIN-Code-Bundle/cmd/sin-code/internal/adw.go:316.4,317.65 2 0
github.com/OpenSIN-Code/SIN-Code-Bundle/cmd/sin-code/internal/adw.go:317.65,318.10 1 0
github.com/OpenSIN-Code/SIN-Code-Bundle/cmd/sin-code/internal/adw.go:320.4,320.11 1 0
github.com/OpenSIN-Code/SIN-Code-Bundle/cmd/sin-code/internal/adw.go:322.3,323.19 2 0
github.com/OpenSIN-Code/SIN-Code-Bundle/cmd/sin-code/internal/adw.go:323.19,332.4 1 0
github.com/OpenSIN-Code/SIN-Code-Bundle/cmd/sin-code/internal/adw.go:334.2,334.15 1 0
github.com/OpenSIN-Code/SIN-Code-Bundle/cmd/sin-code/internal/adw.go:337.65,341.29 4 0
github.com/OpenSIN-Code/SIN-Code-Bundle/cmd/sin-code/internal/adw.go:341.29,343.23 2 0
github.com/OpenSIN-Code/SIN-Code-Bundle/cmd/sin-code/internal/adw.go:343.23,344.12 1 0
github.com/OpenSIN-Code/SIN-Code-Bundle/cmd/sin-code/internal/adw.go:346.3,351.35 6 0
github.com/OpenSIN-Code/SIN-Code-Bundle/cmd/sin-code/internal/adw.go:351.35,352.32 1 0
github.com/OpenSIN-Code/SIN-Code-Bundle/cmd/sin-code/internal/adw.go:352.32,353.18 1 0
github.com/OpenSIN-Code/SIN-Code-Bundle/cmd/sin-code/internal/adw.go:353.18,356.6 2 0
github.com/OpenSIN-Code/SIN-Code-Bundle/cmd/sin-code/internal/adw.go:356.11,356.25 1 0
github.com/OpenSIN-Code/SIN-Code-Bundle/cmd/sin-code/internal/adw.go:356.25,358.6 1 0
github.com/OpenSIN-Code/SIN-Code-Bundle/cmd/sin-code/internal/adw.go:360.4,361.36 2 0
github.com/OpenSIN-Code/SIN-Code-Bundle/cmd/sin-code/internal/adw.go:361.36,362.10 1 0
github.com/OpenSIN-Code/SIN-Code-Bundle/cmd/sin-code/internal/adw.go:365.3,366.19 2 0
github.com/OpenSIN-Code/SIN-Code-Bundle/cmd/sin-code/internal/adw.go:366.19,375.4 1 0
github.com/OpenSIN-Code/SIN-Code-Bundle/cmd/sin-code/internal/adw.go:377.2,377.15 1 0
github.com/OpenSIN-Code/SIN-Code-Bundle/cmd/sin-code/internal/adw.go:380.49,387.83 3 0
github.com/OpenSIN-Code/SIN-Code-Bundle/cmd/sin-code/internal/adw.go:387.83,389.3 1 0
github.com/OpenSIN-Code/SIN-Code-Bundle/cmd/sin-code/internal/adw.go:390.2,392.29 3 0
github.com/OpenSIN-Code/SIN-Code-Bundle/cmd/sin-code/internal/adw.go:392.29,398.38 1 0
github.com/OpenSIN-Code/SIN-Code-Bundle/cmd/sin-code/internal/adw.go:398.38,399.12 1 0
github.com/OpenSIN-Code/SIN-Code-Bundle/cmd/sin-code/internal/adw.go:401.3,401.95 1 0
github.com/OpenSIN-Code/SIN-Code-Bundle/cmd/sin-code/internal/adw.go:401.95,402.12 1 0
github.com/OpenSIN-Code/SIN-Code-Bundle/cmd/sin-code/internal/adw.go:405.3,406.75 2 0
github.com/OpenSIN-Code/SIN-Code-Bundle/cmd/sin-code/internal/adw.go:406.75,407.12 1 0
github.com/OpenSIN-Code/SIN-Code-Bundle/cmd/sin-code/internal/adw.go:409.3,410.29 2 0
github.com/OpenSIN-Code/SIN-Code-Bundle/cmd/sin-code/internal/adw.go:410.29,411.18 1 0
github.com/OpenSIN-Code/SIN-Code-Bundle/cmd/sin-code/internal/adw.go:411.18,415.39 1 0
github.com/OpenSIN-Code/SIN-Code-Bundle/cmd/sin-code/internal/adw.go:415.39,417.18 2 0
github.com/OpenSIN-Code/SIN-Code-Bundle/cmd/sin-code/internal/adw.go:417.18,421.56 4 0
github.com/OpenSIN-Code/SIN-Code-Bundle/cmd/sin-code/internal/adw.go:421.56,422.16 1 0
github.com/OpenSIN-Code/SIN-Code-Bundle/cmd/sin-code/internal/adw.go:426.5,427.107 2 0
github.com/OpenSIN-Code/SIN-Code-Bundle/cmd/sin-code/internal/adw.go:427.107,429.6 1 0
github.com/OpenSIN-Code/SIN-Code-Bundle/cmd/sin-code/internal/adw.go:430.5,436.7 1 0
github.com/OpenSIN-Code/SIN-Code-Bundle/cmd/sin-code/internal/adw.go:440.2,440.15 1 0
github.com/OpenSIN-Code/SIN-Code-Bundle/cmd/sin-code/internal/adw.go:443.63,447.34 3 0
github.com/OpenSIN-Code/SIN-Code-Bundle/cmd/sin-code/internal/adw.go:447.34,448.28 1 0
github.com/OpenSIN-Code/SIN-Code-Bundle/cmd/sin-code/internal/adw.go:448.28,450.42 1 0
github.com/OpenSIN-Code/SIN-Code-Bundle/cmd/sin-code/internal/adw.go:450.42,451.39 1 0
github.com/OpenSIN-Code/SIN-Code-Bundle/cmd/sin-code/internal/adw.go:451.39,452.24 1 0
github.com/OpenSIN-Code/SIN-Code-Bundle/cmd/sin-code/internal/adw.go:452.24,454.21 2 0
github.com/OpenSIN-Code/SIN-Code-Bundle/cmd/sin-code/internal/adw.go:454.21,462.8 2 0
github.com/OpenSIN-Code/SIN-Code-Bundle/cmd/sin-code/internal/adw.go:468.2,468.15 1 0
github.com/OpenSIN-Code/SIN-Code-Bundle/cmd/sin-code/internal/adw.go:471.35,474.2 2 1
github.com/OpenSIN-Code/SIN-Code-Bundle/cmd/sin-code/internal/adw.go:476.37,479.2 2 0
github.com/OpenSIN-Code/SIN-Code-Bundle/cmd/sin-code/internal/adw.go:481.34,484.2 2 0
github.com/OpenSIN-Code/SIN-Code-Bundle/cmd/sin-code/internal/adw.go:486.52,493.14 6 0
github.com/OpenSIN-Code/SIN-Code-Bundle/cmd/sin-code/internal/adw.go:494.12,497.4 1 0
github.com/OpenSIN-Code/SIN-Code-Bundle/cmd/sin-code/internal/adw.go:498.16,502.4 1 0
github.com/OpenSIN-Code/SIN-Code-Bundle/cmd/sin-code/internal/adw.go:503.34,507.4 1 0
github.com/OpenSIN-Code/SIN-Code-Bundle/cmd/sin-code/internal/adw.go:508.14,511.4 1 0
github.com/OpenSIN-Code/SIN-Code-Bundle/cmd/sin-code/internal/adw.go:512.14,516.4 1 0
github.com/OpenSIN-Code/SIN-Code-Bundle/cmd/sin-code/internal/adw.go:517.10,518.14 1 0
github.com/OpenSIN-Code/SIN-Code-Bundle/cmd/sin-code/internal/adw.go:521.2,521.31 1 0
github.com/OpenSIN-Code/SIN-Code-Bundle/cmd/sin-code/internal/adw.go:521.31,523.46 2 0
github.com/OpenSIN-Code/SIN-Code-Bundle/cmd/sin-code/internal/adw.go:523.46,525.4 1 0
github.com/OpenSIN-Code/SIN-Code-Bundle/cmd/sin-code/internal/adw.go:527.2,527.14 1 0
github.com/OpenSIN-Code/SIN-Code-Bundle/cmd/sin-code/internal/adw.go:530.40,541.23 10 0
github.com/OpenSIN-Code/SIN-Code-Bundle/cmd/sin-code/internal/adw.go:541.23,545.44 3 0
github.com/OpenSIN-Code/SIN-Code-Bundle/cmd/sin-code/internal/adw.go:545.44,547.4 1 0
github.com/OpenSIN-Code/SIN-Code-Bundle/cmd/sin-code/internal/adw.go:548.3,548.34 1 0
github.com/OpenSIN-Code/SIN-Code-Bundle/cmd/sin-code/internal/adw.go:548.34,550.26 2 0
github.com/OpenSIN-Code/SIN-Code-Bundle/cmd/sin-code/internal/adw.go:551.20,552.17 1 0
github.com/OpenSIN-Code/SIN-Code-Bundle/cmd/sin-code/internal/adw.go:553.16,554.15 1 0
github.com/OpenSIN-Code/SIN-Code-Bundle/cmd/sin-code/internal/adw.go:555.18,556.17 1 0
github.com/OpenSIN-Code/SIN-Code-Bundle/cmd/sin-code/internal/adw.go:558.4,559.22 2 0
github.com/OpenSIN-Code/SIN-Code-Bundle/cmd/sin-code/internal/adw.go:559.22,561.5 1 0
github.com/OpenSIN-Code/SIN-Code-Bundle/cmd/sin-code/internal/adw.go:562.4,563.26 2 0
github.com/OpenSIN-Code/SIN-Code-Bundle/cmd/sin-code/internal/adw.go:563.26,565.5 1 0
github.com/OpenSIN-Code/SIN-Code-Bundle/cmd/sin-code/internal/adw.go:567.8,569.3 1 0
github.com/OpenSIN-Code/SIN-Code-Bundle/cmd/sin-code/internal/adw.go:570.2,570.12 1 0
github.com/OpenSIN-Code/SIN-Code-Bundle/cmd/sin-code/internal/adw.go:573.13,576.2 2 1
github.com/OpenSIN-Code/SIN-Code-Bundle/cmd/sin-code/internal/agent_doctor_cmd.go:28.54,31.17 3 0
github.com/OpenSIN-Code/SIN-Code-Bundle/cmd/sin-code/internal/agent_doctor_cmd.go:31.17,33.4 1 0
github.com/OpenSIN-Code/SIN-Code-Bundle/cmd/sin-code/internal/agent_doctor_cmd.go:34.3,34.28 1 0
github.com/OpenSIN-Code/SIN-Code-Bundle/cmd/sin-code/internal/agent_doctor_cmd.go:34.28,40.4 2 0
github.com/OpenSIN-Code/SIN-Code-Bundle/cmd/sin-code/internal/agent_doctor_cmd.go:41.3,53.33 13 0
github.com/OpenSIN-Code/SIN-Code-Bundle/cmd/sin-code/internal/agent_doctor_cmd.go:53.33,55.4 1 0
github.com/OpenSIN-Code/SIN-Code-Bundle/cmd/sin-code/internal/agent_doctor_cmd.go:56.3,56.32 1 0
github.com/OpenSIN-Code/SIN-Code-Bundle/cmd/sin-code/internal/agent_doctor_cmd.go:56.32,58.4 1 0
github.com/OpenSIN-Code/SIN-Code-Bundle/cmd/sin-code/internal/agent_doctor_cmd.go:59.3,59.13 1 0
github.com/OpenSIN-Code/SIN-Code-Bundle/cmd/sin-code/internal/agent_doctor_cmd.go:74.54,77.21 3 0
github.com/OpenSIN-Code/SIN-Code-Bundle/cmd/sin-code/internal/agent_doctor_cmd.go:77.21,79.4 1 0
github.com/OpenSIN-Code/SIN-Code-Bundle/cmd/sin-code/internal/agent_doctor_cmd.go:80.3,81.17 2 0
github.com/OpenSIN-Code/SIN-Code-Bundle/cmd/sin-code/internal/agent_doctor_cmd.go:81.17,83.4 1 0
github.com/OpenSIN-Code/SIN-Code-Bundle/cmd/sin-code/internal/agent_doctor_cmd.go:84.3,84.23 1 0
github.com/OpenSIN-Code/SIN-Code-Bundle/cmd/sin-code/internal/agent_doctor_cmd.go:84.23,86.29 2 0
github.com/OpenSIN-Code/SIN-Code-Bundle/cmd/sin-code/internal/agent_doctor_cmd.go:86.29,87.29 1 0
github.com/OpenSIN-Code/SIN-Code-Bundle/cmd/sin-code/internal/agent_doctor_cmd.go:87.29,89.6 1 0
github.com/OpenSIN-Code/SIN-Code-Bundle/cmd/sin-code/internal/agent_doctor_cmd.go:91.4,91.21 1 0
github.com/OpenSIN-Code/SIN-Code-Bundle/cmd/sin-code/internal/agent_doctor_cmd.go:93.3,94.28 2 0
github.com/OpenSIN-Code/SIN-Code-Bundle/cmd/sin-code/internal/agent_doctor_cmd.go:94.28,96.4 1 0
github.com/OpenSIN-Code/SIN-Code-Bundle/cmd/sin-code/internal/agent_doctor_cmd.go:97.3,99.28 3 0
github.com/OpenSIN-Code/SIN-Code-Bundle/cmd/sin-code/internal/agent_doctor_cmd.go:99.28,100.13 1 0
github.com/OpenSIN-Code/SIN-Code-Bundle/cmd/sin-code/internal/agent_doctor_cmd.go:100.13,102.5 1 0
github.com/OpenSIN-Code/SIN-Code-Bundle/cmd/sin-code/internal/agent_doctor_cmd.go:104.3,104.17 1 0
github.com/OpenSIN-Code/SIN-Code-Bundle/cmd/sin-code/internal/agent_doctor_cmd.go:104.17,106.4 1 0
github.com/OpenSIN-Code/SIN-Code-Bundle/cmd/sin-code/internal/agent_doctor_cmd.go:107.3,107.13 1 0
github.com/OpenSIN-Code/SIN-Code-Bundle/cmd/sin-code/internal/agent_doctor_cmd.go:111.13,115.2 3 1
github.com/OpenSIN-Code/SIN-Code-Bundle/cmd/sin-code/internal/agent_doctor_cmd.go:117.80,119.27 2 0
github.com/OpenSIN-Code/SIN-Code-Bundle/cmd/sin-code/internal/agent_doctor_cmd.go:119.27,122.25 3 0
github.com/OpenSIN-Code/SIN-Code-Bundle/cmd/sin-code/internal/agent_doctor_cmd.go:122.25,124.4 1 0
github.com/OpenSIN-Code/SIN-Code-Bundle/cmd/sin-code/internal/agent_doctor_cmd.go:125.3,126.18 2 0
github.com/OpenSIN-Code/SIN-Code-Bundle/cmd/sin-code/internal/agent_doctor_cmd.go:126.18,130.12 4 0
github.com/OpenSIN-Code/SIN-Code-Bundle/cmd/sin-code/internal/agent_doctor_cmd.go:132.3,136.20 4 0
github.com/OpenSIN-Code/SIN-Code-Bundle/cmd/sin-code/internal/agent_doctor_cmd.go:136.20,138.4 1 0
github.com/OpenSIN-Code/SIN-Code-Bundle/cmd/sin-code/internal/agent_doctor_cmd.go:139.3,139.20 1 0
github.com/OpenSIN-Code/SIN-Code-Bundle/cmd/sin-code/internal/agent_doctor_cmd.go:139.20,142.4 2 0
github.com/OpenSIN-Code/SIN-Code-Bundle/cmd/sin-code/internal/agent_doctor_cmd.go:142.9,144.4 1 0
github.com/OpenSIN-Code/SIN-Code-Bundle/cmd/sin-code/internal/agent_doctor_cmd.go:146.3,146.27 1 0
github.com/OpenSIN-Code/SIN-Code-Bundle/cmd/sin-code/internal/agent_doctor_cmd.go:146.27,147.77 1 0
github.com/OpenSIN-Code/SIN-Code-Bundle/cmd/sin-code/internal/agent_doctor_cmd.go:147.77,150.5 2 0
github.com/OpenSIN-Code/SIN-Code-Bundle/cmd/sin-code/internal/agent_doctor_cmd.go:150.10,152.5 1 0
github.com/OpenSIN-Code/SIN-Code-Bundle/cmd/sin-code/internal/agent_doctor_cmd.go:155.3,156.18 2 0
github.com/OpenSIN-Code/SIN-Code-Bundle/cmd/sin-code/internal/agent_doctor_cmd.go:156.18,158.4 1 0
github.com/OpenSIN-Code/SIN-Code-Bundle/cmd/sin-code/internal/agent_doctor_cmd.go:159.3,161.32 2 0
github.com/OpenSIN-Code/SIN-Code-Bundle/cmd/sin-code/internal/agent_doctor_cmd.go:161.32,163.19 2 0
github.com/OpenSIN-Code/SIN-Code-Bundle/cmd/sin-code/internal/agent_doctor_cmd.go:163.19,165.5 1 0
github.com/OpenSIN-Code/SIN-Code-Bundle/cmd/sin-code/internal/agent_doctor_cmd.go:165.10,166.37 1 0
github.com/OpenSIN-Code/SIN-Code-Bundle/cmd/sin-code/internal/agent_doctor_cmd.go:166.37,169.6 2 0
github.com/OpenSIN-Code/SIN-Code-Bundle/cmd/sin-code/internal/agent_doctor_cmd.go:170.5,170.47 1 0
github.com/OpenSIN-Code/SIN-Code-Bundle/cmd/sin-code/internal/agent_doctor_cmd.go:173.3,173.25 1 0
github.com/OpenSIN-Code/SIN-Code-Bundle/cmd/sin-code/internal/agent_doctor_cmd.go:175.2,175.12 1 0
github.com/OpenSIN-Code/SIN-Code-Bundle/cmd/sin-code/internal/agent_doctor_cmd.go:178.63,180.21 2 1
github.com/OpenSIN-Code/SIN-Code-Bundle/cmd/sin-code/internal/agent_doctor_cmd.go:180.21,182.3 1 0
github.com/OpenSIN-Code/SIN-Code-Bundle/cmd/sin-code/internal/agent_doctor_cmd.go:183.2,183.18 1 1
github.com/OpenSIN-Code/SIN-Code-Bundle/cmd/sin-code/internal/agent_doctor_cmd.go:183.18,185.3 1 1
github.com/OpenSIN-Code/SIN-Code-Bundle/cmd/sin-code/internal/agent_doctor_cmd.go:186.2,187.16 2 1
github.com/OpenSIN-Code/SIN-Code-Bundle/cmd/sin-code/internal/agent_doctor_cmd.go:187.16,189.3 1 0
github.com/OpenSIN-Code/SIN-Code-Bundle/cmd/sin-code/internal/agent_doctor_cmd.go:190.2,190.18 1 1
github.com/OpenSIN-Code/SIN-Code-Bundle/cmd/sin-code/internal/agent_doctor_cmd.go:190.18,192.3 1 0
github.com/OpenSIN-Code/SIN-Code-Bundle/cmd/sin-code/internal/agent_doctor_cmd.go:193.2,195.16 3 1
github.com/OpenSIN-Code/SIN-Code-Bundle/cmd/sin-code/internal/agent_doctor_cmd.go:195.16,197.3 1 0
github.com/OpenSIN-Code/SIN-Code-Bundle/cmd/sin-code/internal/agent_doctor_cmd.go:198.2,199.28 2 1
github.com/OpenSIN-Code/SIN-Code-Bundle/cmd/sin-code/internal/agent_doctor_cmd.go:199.28,201.3 1 1
github.com/OpenSIN-Code/SIN-Code-Bundle/cmd/sin-code/internal/agent_doctor_cmd.go:202.2,207.64 2 1
github.com/OpenSIN-Code/SIN-Code-Bundle/cmd/sin-code/internal/agent_doctor_cmd.go:207.64,209.3 1 1
github.com/OpenSIN-Code/SIN-Code-Bundle/cmd/sin-code/internal/agent_doctor_cmd.go:210.2,211.29 2 1
github.com/OpenSIN-Code/SIN-Code-Bundle/cmd/sin-code/internal/agent_doctor_cmd.go:211.29,213.3 1 1
github.com/OpenSIN-Code/SIN-Code-Bundle/cmd/sin-code/internal/agent_doctor_cmd.go:214.2,214.17 1 1
github.com/OpenSIN-Code/SIN-Code-Bundle/cmd/sin-code/internal/agent_doctor_cmd.go:217.49,218.25 1 0
github.com/OpenSIN-Code/SIN-Code-Bundle/cmd/sin-code/internal/agent_doctor_cmd.go:218.25,219.13 1 0
github.com/OpenSIN-Code/SIN-Code-Bundle/cmd/sin-code/internal/agent_doctor_cmd.go:219.13,221.4 1 0
github.com/OpenSIN-Code/SIN-Code-Bundle/cmd/sin-code/internal/agent_doctor_cmd.go:223.2,223.14 1 0
github.com/OpenSIN-Code/SIN-Code-Bundle/cmd/sin-code/internal/agent_doctor_cmd.go:226.42,228.28 2 0
github.com/OpenSIN-Code/SIN-Code-Bundle/cmd/sin-code/internal/agent_doctor_cmd.go:228.28,230.12 2 0
github.com/OpenSIN-Code/SIN-Code-Bundle/cmd/sin-code/internal/agent_doctor_cmd.go:230.12,232.4 1 0
github.com/OpenSIN-Code/SIN-Code-Bundle/cmd/sin-code/internal/agent_doctor_cmd.go:233.3,234.50 2 0
github.com/OpenSIN-Code/SIN-Code-Bundle/cmd/sin-code/internal/agent_doctor_cmd.go:234.50,236.4 1 0
github.com/OpenSIN-Code/SIN-Code-Bundle/cmd/sin-code/internal/agent_doctor_cmd.go:237.3,237.50 1 0
github.com/OpenSIN-Code/SIN-Code-Bundle/cmd/sin-code/internal/agent_doctor_cmd.go:237.50,239.4 1 0
github.com/OpenSIN-Code/SIN-Code-Bundle/cmd/sin-code/internal/agent_doctor_cmd.go:240.3,240.48 1 0
github.com/OpenSIN-Code/SIN-Code-Bundle/cmd/sin-code/internal/agent_doctor_cmd.go:240.48,242.4 1 0
github.com/OpenSIN-Code/SIN-Code-Bundle/cmd/sin-code/internal/agent_doctor_cmd.go:243.3,243.54 1 0
github.com/OpenSIN-Code/SIN-Code-Bundle/cmd/sin-code/internal/agent_doctor_cmd.go:243.54,245.4 1 0
github.com/OpenSIN-Code/SIN-Code-Bundle/cmd/sin-code/internal/agent_doctor_cmd.go:246.3,246.34 1 0
github.com/OpenSIN-Code/SIN-Code-Bundle/cmd/sin-code/internal/agent_doctor_cmd.go:246.34,248.4 1 0
github.com/OpenSIN-Code/SIN-Code-Bundle/cmd/sin-code/internal/agent_doctor_cmd.go:249.3,249.16 1 0
github.com/OpenSIN-Code/SIN-Code-Bundle/cmd/sin-code/internal/agent_edit_cmd.go:28.54,30.24 2 0
github.com/OpenSIN-Code/SIN-Code-Bundle/cmd/sin-code/internal/agent_edit_cmd.go:30.24,32.4 1 0
github.com/OpenSIN-Code/SIN-Code-Bundle/cmd/sin-code/internal/agent_edit_cmd.go:33.3,33.25 1 0
github.com/OpenSIN-Code/SIN-Code-Bundle/cmd/sin-code/internal/agent_edit_cmd.go:33.25,35.4 1 0
github.com/OpenSIN-Code/SIN-Code-Bundle/cmd/sin-code/internal/agent_edit_cmd.go:36.3,36.40 1 0
github.com/OpenSIN-Code/SIN-Code-Bundle/cmd/sin-code/internal/agent_edit_cmd.go:44.54,47.3 2 0
github.com/OpenSIN-Code/SIN-Code-Bundle/cmd/sin-code/internal/agent_edit_cmd.go:54.54,57.17 3 0
github.com/OpenSIN-Code/SIN-Code-Bundle/cmd/sin-code/internal/agent_edit_cmd.go:57.17,59.4 1 0
github.com/OpenSIN-Code/SIN-Code-Bundle/cmd/sin-code/internal/agent_edit_cmd.go:60.3,60.49 1 0
github.com/OpenSIN-Code/SIN-Code-Bundle/cmd/sin-code/internal/agent_edit_cmd.go:60.49,63.4 2 0
github.com/OpenSIN-Code/SIN-Code-Bundle/cmd/sin-code/internal/agent_edit_cmd.go:64.3,64.43 1 0
github.com/OpenSIN-Code/SIN-Code-Bundle/cmd/sin-code/internal/agent_edit_cmd.go:64.43,66.4 1 0
github.com/OpenSIN-Code/SIN-Code-Bundle/cmd/sin-code/internal/agent_edit_cmd.go:67.3,68.13 2 0
github.com/OpenSIN-Code/SIN-Code-Bundle/cmd/sin-code/internal/agent_edit_cmd.go:72.13,79.2 5 1
github.com/OpenSIN-Code/SIN-Code-Bundle/cmd/sin-code/internal/agent_edit_cmd.go:81.43,83.16 2 0
github.com/OpenSIN-Code/SIN-Code-Bundle/cmd/sin-code/internal/agent_edit_cmd.go:83.16,85.3 1 0
github.com/OpenSIN-Code/SIN-Code-Bundle/cmd/sin-code/internal/agent_edit_cmd.go:86.2,86.48 1 0
github.com/OpenSIN-Code/SIN-Code-Bundle/cmd/sin-code/internal/agent_edit_cmd.go:86.48,88.3 1 0
github.com/OpenSIN-Code/SIN-Code-Bundle/cmd/sin-code/internal/agent_edit_cmd.go:89.2,90.52 2 0
github.com/OpenSIN-Code/SIN-Code-Bundle/cmd/sin-code/internal/agent_edit_cmd.go:90.52,92.68 2 0
github.com/OpenSIN-Code/SIN-Code-Bundle/cmd/sin-code/internal/agent_edit_cmd.go:92.68,94.4 1 0
github.com/OpenSIN-Code/SIN-Code-Bundle/cmd/sin-code/internal/agent_edit_cmd.go:95.3,95.78 1 0
github.com/OpenSIN-Code/SIN-Code-Bundle/cmd/sin-code/internal/agent_edit_cmd.go:97.2,98.18 2 0
github.com/OpenSIN-Code/SIN-Code-Bundle/cmd/sin-code/internal/agent_edit_cmd.go:98.18,100.3 1 0
github.com/OpenSIN-Code/SIN-Code-Bundle/cmd/sin-code/internal/agent_edit_cmd.go:101.2,105.18 5 0
github.com/OpenSIN-Code/SIN-Code-Bundle/cmd/sin-code/internal/agent_edit_cmd.go:108.41,110.49 2 0
github.com/OpenSIN-Code/SIN-Code-Bundle/cmd/sin-code/internal/agent_edit_cmd.go:110.49,112.3 1 0
github.com/OpenSIN-Code/SIN-Code-Bundle/cmd/sin-code/internal/agent_edit_cmd.go:113.2,113.36 1 0
github.com/OpenSIN-Code/SIN-Code-Bundle/cmd/sin-code/internal/agent_edit_cmd.go:113.36,116.3 2 0
github.com/OpenSIN-Code/SIN-Code-Bundle/cmd/sin-code/internal/agent_edit_cmd.go:117.2,124.9 1 0
github.com/OpenSIN-Code/SIN-Code-Bundle/cmd/sin-code/internal/agent_edit_cmd.go:127.59,129.16 2 0
github.com/OpenSIN-Code/SIN-Code-Bundle/cmd/sin-code/internal/agent_edit_cmd.go:129.16,131.3 1 0
github.com/OpenSIN-Code/SIN-Code-Bundle/cmd/sin-code/internal/agent_edit_cmd.go:132.2,132.48 1 0
github.com/OpenSIN-Code/SIN-Code-Bundle/cmd/sin-code/internal/agent_edit_cmd.go:132.48,134.3 1 0
github.com/OpenSIN-Code/SIN-Code-Bundle/cmd/sin-code/internal/agent_edit_cmd.go:135.2,137.44 3 0
github.com/OpenSIN-Code/SIN-Code-Bundle/cmd/sin-code/internal/agent_edit_cmd.go:137.44,138.61 1 0
github.com/OpenSIN-Code/SIN-Code-Bundle/cmd/sin-code/internal/agent_edit_cmd.go:138.61,140.4 1 0
github.com/OpenSIN-Code/SIN-Code-Bundle/cmd/sin-code/internal/agent_edit_cmd.go:142.2,142.20 1 0
github.com/OpenSIN-Code/SIN-Code-Bundle/cmd/sin-code/internal/agent_edit_cmd.go:142.20,144.3 1 0
github.com/OpenSIN-Code/SIN-Code-Bundle/cmd/sin-code/internal/agent_edit_cmd.go:145.2,145.29 1 0
github.com/OpenSIN-Code/SIN-Code-Bundle/cmd/sin-code/internal/agent_edit_cmd.go:145.29,147.10 2 0
github.com/OpenSIN-Code/SIN-Code-Bundle/cmd/sin-code/internal/agent_edit_cmd.go:147.10,149.4 1 0
github.com/OpenSIN-Code/SIN-Code-Bundle/cmd/sin-code/internal/agent_edit_cmd.go:150.3,150.55 1 0
github.com/OpenSIN-Code/SIN-Code-Bundle/cmd/sin-code/internal/agent_edit_cmd.go:150.55,152.4 1 0
github.com/OpenSIN-Code/SIN-Code-Bundle/cmd/sin-code/internal/agent_edit_cmd.go:154.2,155.16 2 0
github.com/OpenSIN-Code/SIN-Code-Bundle/cmd/sin-code/internal/agent_edit_cmd.go:155.16,157.3 1 0
github.com/OpenSIN-Code/SIN-Code-Bundle/cmd/sin-code/internal/agent_edit_cmd.go:158.2,159.56 2 0
github.com/OpenSIN-Code/SIN-Code-Bundle/cmd/sin-code/internal/agent_edit_cmd.go:159.56,161.3 1 0
github.com/OpenSIN-Code/SIN-Code-Bundle/cmd/sin-code/internal/agent_edit_cmd.go:162.2,163.12 2 0
github.com/OpenSIN-Code/SIN-Code-Bundle/cmd/sin-code/internal/agent_edit_cmd.go:166.47,168.13 2 0
github.com/OpenSIN-Code/SIN-Code-Bundle/cmd/sin-code/internal/agent_edit_cmd.go:168.13,170.3 1 0
github.com/OpenSIN-Code/SIN-Code-Bundle/cmd/sin-code/internal/agent_edit_cmd.go:171.2,171.71 1 0
github.com/OpenSIN-Code/SIN-Code-Bundle/cmd/sin-code/internal/agent_edit_cmd.go:174.74,175.13 1 0
github.com/OpenSIN-Code/SIN-Code-Bundle/cmd/sin-code/internal/agent_edit_cmd.go:176.14,177.17 1 0
github.com/OpenSIN-Code/SIN-Code-Bundle/cmd/sin-code/internal/agent_edit_cmd.go:178.21,179.24 1 0
github.com/OpenSIN-Code/SIN-Code-Bundle/cmd/sin-code/internal/agent_edit_cmd.go:180.14,181.40 1 0
github.com/OpenSIN-Code/SIN-Code-Bundle/cmd/sin-code/internal/agent_edit_cmd.go:182.18,183.21 1 0
github.com/OpenSIN-Code/SIN-Code-Bundle/cmd/sin-code/internal/agent_edit_cmd.go:184.18,185.20 1 0
github.com/OpenSIN-Code/SIN-Code-Bundle/cmd/sin-code/internal/agent_edit_cmd.go:186.15,187.18 1 0
github.com/OpenSIN-Code/SIN-Code-Bundle/cmd/sin-code/internal/agent_edit_cmd.go:188.20,190.17 2 0
github.com/OpenSIN-Code/SIN-Code-Bundle/cmd/sin-code/internal/agent_edit_cmd.go:190.17,192.4 1 0
github.com/OpenSIN-Code/SIN-Code-Bundle/cmd/sin-code/internal/agent_edit_cmd.go:193.3,193.20 1 0
github.com/OpenSIN-Code/SIN-Code-Bundle/cmd/sin-code/internal/agent_edit_cmd.go:194.21,196.17 2 0
github.com/OpenSIN-Code/SIN-Code-Bundle/cmd/sin-code/internal/agent_edit_cmd.go:196.17,198.4 1 0
github.com/OpenSIN-Code/SIN-Code-Bundle/cmd/sin-code/internal/agent_edit_cmd.go:199.3,199.22 1 0
github.com/OpenSIN-Code/SIN-Code-Bundle/cmd/sin-code/internal/agent_edit_cmd.go:200.21,201.23 1 0
github.com/OpenSIN-Code/SIN-Code-Bundle/cmd/sin-code/internal/agent_edit_cmd.go:202.21,204.17 2 0
github.com/OpenSIN-Code/SIN-Code-Bundle/cmd/sin-code/internal/agent_edit_cmd.go:204.17,206.4 1 0
github.com/OpenSIN-Code/SIN-Code-Bundle/cmd/sin-code/internal/agent_edit_cmd.go:207.3,207.21 1 0
github.com/OpenSIN-Code/SIN-Code-Bundle/cmd/sin-code/internal/agent_edit_cmd.go:208.26,209.21 1 0
github.com/OpenSIN-Code/SIN-Code-Bundle/cmd/sin-code/internal/agent_edit_cmd.go:210.24,212.17 2 0
github.com/OpenSIN-Code/SIN-Code-Bundle/cmd/sin-code/internal/agent_edit_cmd.go:212.17,214.4 1 0
github.com/OpenSIN-Code/SIN-Code-Bundle/cmd/sin-code/internal/agent_edit_cmd.go:215.3,215.24 1 0
github.com/OpenSIN-Code/SIN-Code-Bundle/cmd/sin-code/internal/agent_edit_cmd.go:216.21,217.33 1 0
github.com/OpenSIN-Code/SIN-Code-Bundle/cmd/sin-code/internal/agent_edit_cmd.go:218.20,219.32 1 0
github.com/OpenSIN-Code/SIN-Code-Bundle/cmd/sin-code/internal/agent_edit_cmd.go:220.10,221.46 1 0
github.com/OpenSIN-Code/SIN-Code-Bundle/cmd/sin-code/internal/agent_edit_cmd.go:223.2,223.12 1 0
github.com/OpenSIN-Code/SIN-Code-Bundle/cmd/sin-code/internal/agent_edit_cmd.go:226.34,227.13 1 0
github.com/OpenSIN-Code/SIN-Code-Bundle/cmd/sin-code/internal/agent_edit_cmd.go:227.13,229.3 1 0
github.com/OpenSIN-Code/SIN-Code-Bundle/cmd/sin-code/internal/agent_edit_cmd.go:230.2,232.26 3 0
github.com/OpenSIN-Code/SIN-Code-Bundle/cmd/sin-code/internal/agent_edit_cmd.go:232.26,233.40 1 0
github.com/OpenSIN-Code/SIN-Code-Bundle/cmd/sin-code/internal/agent_edit_cmd.go:233.40,235.4 1 0
github.com/OpenSIN-Code/SIN-Code-Bundle/cmd/sin-code/internal/agent_edit_cmd.go:237.2,237.12 1 0
github.com/OpenSIN-Code/SIN-Code-Bundle/cmd/sin-code/internal/agent_helpers.go:15.89,16.32 1 0
github.com/OpenSIN-Code/SIN-Code-Bundle/cmd/sin-code/internal/agent_helpers.go:16.32,18.3 1 0
github.com/OpenSIN-Code/SIN-Code-Bundle/cmd/sin-code/internal/agent_helpers.go:19.2,19.25 1 0
github.com/OpenSIN-Code/SIN-Code-Bundle/cmd/sin-code/internal/agent_helpers.go:19.25,21.3 1 0
github.com/OpenSIN-Code/SIN-Code-Bundle/cmd/sin-code/internal/agent_helpers.go:22.2,22.29 1 0
github.com/OpenSIN-Code/SIN-Code-Bundle/cmd/sin-code/internal/agent_helpers.go:22.29,24.3 1 0
github.com/OpenSIN-Code/SIN-Code-Bundle/cmd/sin-code/internal/agent_helpers.go:25.2,25.28 1 0
github.com/OpenSIN-Code/SIN-Code-Bundle/cmd/sin-code/internal/agent_helpers.go:25.28,27.3 1 0
github.com/OpenSIN-Code/SIN-Code-Bundle/cmd/sin-code/internal/agent_helpers.go:28.2,28.26 1 0
github.com/OpenSIN-Code/SIN-Code-Bundle/cmd/sin-code/internal/agent_helpers.go:28.26,30.3 1 0
github.com/OpenSIN-Code/SIN-Code-Bundle/cmd/sin-code/internal/agent_helpers.go:31.2,31.29 1 0
github.com/OpenSIN-Code/SIN-Code-Bundle/cmd/sin-code/internal/agent_helpers.go:31.29,33.3 1 0
github.com/OpenSIN-Code/SIN-Code-Bundle/cmd/sin-code/internal/agent_helpers.go:34.2,34.31 1 0
github.com/OpenSIN-Code/SIN-Code-Bundle/cmd/sin-code/internal/agent_helpers.go:34.31,36.3 1 0
github.com/OpenSIN-Code/SIN-Code-Bundle/cmd/sin-code/internal/agent_helpers.go:37.2,37.31 1 0
github.com/OpenSIN-Code/SIN-Code-Bundle/cmd/sin-code/internal/agent_helpers.go:37.31,39.3 1 0
github.com/OpenSIN-Code/SIN-Code-Bundle/cmd/sin-code/internal/agent_helpers.go:40.2,40.30 1 0
github.com/OpenSIN-Code/SIN-Code-Bundle/cmd/sin-code/internal/agent_helpers.go:40.30,42.3 1 0
github.com/OpenSIN-Code/SIN-Code-Bundle/cmd/sin-code/internal/agent_helpers.go:43.2,43.34 1 0
github.com/OpenSIN-Code/SIN-Code-Bundle/cmd/sin-code/internal/agent_helpers.go:43.34,45.3 1 0
github.com/OpenSIN-Code/SIN-Code-Bundle/cmd/sin-code/internal/agent_helpers.go:46.2,46.33 1 0
github.com/OpenSIN-Code/SIN-Code-Bundle/cmd/sin-code/internal/agent_helpers.go:46.33,48.3 1 0
github.com/OpenSIN-Code/SIN-Code-Bundle/cmd/sin-code/internal/agent_helpers.go:49.2,49.29 1 0
github.com/OpenSIN-Code/SIN-Code-Bundle/cmd/sin-code/internal/agent_helpers.go:49.29,51.3 1 0
github.com/OpenSIN-Code/SIN-Code-Bundle/cmd/sin-code/internal/agent_helpers.go:52.2,52.33 1 0
github.com/OpenSIN-Code/SIN-Code-Bundle/cmd/sin-code/internal/agent_helpers.go:52.33,54.3 1 0
github.com/OpenSIN-Code/SIN-Code-Bundle/cmd/sin-code/internal/agent_helpers.go:55.2,55.13 1 0
github.com/OpenSIN-Code/SIN-Code-Bundle/cmd/sin-code/internal/agent_helpers.go:58.44,59.46 1 0
github.com/OpenSIN-Code/SIN-Code-Bundle/cmd/sin-code/internal/agent_helpers.go:59.46,61.3 1 0
github.com/OpenSIN-Code/SIN-Code-Bundle/cmd/sin-code/internal/agent_helpers.go:62.2,63.15 2 0
github.com/OpenSIN-Code/SIN-Code-Bundle/cmd/sin-code/internal/agent_helpers.go:63.15,65.3 1 0
github.com/OpenSIN-Code/SIN-Code-Bundle/cmd/sin-code/internal/agent_helpers.go:66.2,66.15 1 0
github.com/OpenSIN-Code/SIN-Code-Bundle/cmd/sin-code/internal/agent_helpers.go:66.15,69.17 3 0
github.com/OpenSIN-Code/SIN-Code-Bundle/cmd/sin-code/internal/agent_helpers.go:69.17,71.4 1 0
github.com/OpenSIN-Code/SIN-Code-Bundle/cmd/sin-code/internal/agent_helpers.go:73.2,73.60 1 0
github.com/OpenSIN-Code/SIN-Code-Bundle/cmd/sin-code/internal/agent_helpers.go:76.36,78.22 2 0
github.com/OpenSIN-Code/SIN-Code-Bundle/cmd/sin-code/internal/agent_helpers.go:78.22,79.79 1 0
github.com/OpenSIN-Code/SIN-Code-Bundle/cmd/sin-code/internal/agent_helpers.go:79.79,81.4 1 0
github.com/OpenSIN-Code/SIN-Code-Bundle/cmd/sin-code/internal/agent_helpers.go:83.2,83.20 1 0
github.com/OpenSIN-Code/SIN-Code-Bundle/cmd/sin-code/internal/agent_helpers.go:86.67,89.16 3 0
github.com/OpenSIN-Code/SIN-Code-Bundle/cmd/sin-code/internal/agent_helpers.go:89.16,91.3 1 0
github.com/OpenSIN-Code/SIN-Code-Bundle/cmd/sin-code/internal/agent_helpers.go:92.2,93.29 2 0
github.com/OpenSIN-Code/SIN-Code-Bundle/cmd/sin-code/internal/agent_helpers.go:93.29,95.3 1 0
github.com/OpenSIN-Code/SIN-Code-Bundle/cmd/sin-code/internal/agent_helpers.go:96.2,96.27 1 0
github.com/OpenSIN-Code/SIN-Code-Bundle/cmd/sin-code/internal/agent_helpers.go:96.27,97.41 1 0
github.com/OpenSIN-Code/SIN-Code-Bundle/cmd/sin-code/internal/agent_helpers.go:97.41,99.4 1 0
github.com/OpenSIN-Code/SIN-Code-Bundle/cmd/sin-code/internal/agent_helpers.go:99.9,101.4 1 0
github.com/OpenSIN-Code/SIN-Code-Bundle/cmd/sin-code/internal/agent_helpers.go:103.2,104.27 2 0
github.com/OpenSIN-Code/SIN-Code-Bundle/cmd/sin-code/internal/agent_helpers.go:104.27,106.3 1 0
github.com/OpenSIN-Code/SIN-Code-Bundle/cmd/sin-code/internal/agent_helpers.go:107.2,107.38 1 0
github.com/OpenSIN-Code/SIN-Code-Bundle/cmd/sin-code/internal/agent_helpers.go:107.38,107.74 1 0
github.com/OpenSIN-Code/SIN-Code-Bundle/cmd/sin-code/internal/agent_helpers.go:108.2,108.17 1 0
github.com/OpenSIN-Code/SIN-Code-Bundle/cmd/sin-code/internal/agent_helpers.go:111.80,113.16 2 0
github.com/OpenSIN-Code/SIN-Code-Bundle/cmd/sin-code/internal/agent_helpers.go:113.16,115.3 1 0
github.com/OpenSIN-Code/SIN-Code-Bundle/cmd/sin-code/internal/agent_helpers.go:116.2,117.44 2 0
github.com/OpenSIN-Code/SIN-Code-Bundle/cmd/sin-code/internal/agent_helpers.go:117.44,119.65 2 0
github.com/OpenSIN-Code/SIN-Code-Bundle/cmd/sin-code/internal/agent_helpers.go:119.65,121.4 1 0
github.com/OpenSIN-Code/SIN-Code-Bundle/cmd/sin-code/internal/agent_helpers.go:122.3,122.52 1 0
github.com/OpenSIN-Code/SIN-Code-Bundle/cmd/sin-code/internal/agent_helpers.go:122.52,123.24 1 0
github.com/OpenSIN-Code/SIN-Code-Bundle/cmd/sin-code/internal/agent_helpers.go:123.24,125.5 1 0
github.com/OpenSIN-Code/SIN-Code-Bundle/cmd/sin-code/internal/agent_helpers.go:127.3,127.42 1 0
github.com/OpenSIN-Code/SIN-Code-Bundle/cmd/sin-code/internal/agent_helpers.go:129.2,129.51 1 0
github.com/OpenSIN-Code/SIN-Code-Bundle/cmd/sin-code/internal/agent_helpers.go:129.51,130.23 1 0
github.com/OpenSIN-Code/SIN-Code-Bundle/cmd/sin-code/internal/agent_helpers.go:130.23,132.4 1 0
github.com/OpenSIN-Code/SIN-Code-Bundle/cmd/sin-code/internal/agent_helpers.go:134.2,134.106 1 0
github.com/OpenSIN-Code/SIN-Code-Bundle/cmd/sin-code/internal/agent_helpers.go:137.30,138.13 1 0
github.com/OpenSIN-Code/SIN-Code-Bundle/cmd/sin-code/internal/agent_helpers.go:138.13,140.3 1 0
github.com/OpenSIN-Code/SIN-Code-Bundle/cmd/sin-code/internal/agent_helpers.go:141.2,141.10 1 0
github.com/OpenSIN-Code/SIN-Code-Bundle/cmd/sin-code/internal/ast_go.go:18.13,18.57 1 1
github.com/OpenSIN-Code/SIN-Code-Bundle/cmd/sin-code/internal/ast_go.go:20.43,20.68 1 1
github.com/OpenSIN-Code/SIN-Code-Bundle/cmd/sin-code/internal/ast_go.go:22.75,24.19 2 1
github.com/OpenSIN-Code/SIN-Code-Bundle/cmd/sin-code/internal/ast_go.go:24.19,26.3 1 0
github.com/OpenSIN-Code/SIN-Code-Bundle/cmd/sin-code/internal/ast_go.go:27.2,29.16 3 1
github.com/OpenSIN-Code/SIN-Code-Bundle/cmd/sin-code/internal/ast_go.go:29.16,31.3 1 1
github.com/OpenSIN-Code/SIN-Code-Bundle/cmd/sin-code/internal/ast_go.go:32.2,33.34 2 1
github.com/OpenSIN-Code/SIN-Code-Bundle/cmd/sin-code/internal/ast_go.go:33.34,34.43 1 1
github.com/OpenSIN-Code/SIN-Code-Bundle/cmd/sin-code/internal/ast_go.go:34.43,36.4 1 1
github.com/OpenSIN-Code/SIN-Code-Bundle/cmd/sin-code/internal/ast_go.go:37.3,37.12 1 0
github.com/OpenSIN-Code/SIN-Code-Bundle/cmd/sin-code/internal/ast_go.go:39.2,39.43 1 1
github.com/OpenSIN-Code/SIN-Code-Bundle/cmd/sin-code/internal/ast_go.go:39.43,41.3 1 1
github.com/OpenSIN-Code/SIN-Code-Bundle/cmd/sin-code/internal/ast_go.go:43.2,43.35 1 1
github.com/OpenSIN-Code/SIN-Code-Bundle/cmd/sin-code/internal/ast_go.go:43.35,45.3 1 1
github.com/OpenSIN-Code/SIN-Code-Bundle/cmd/sin-code/internal/ast_go.go:47.2,47.34 1 1
github.com/OpenSIN-Code/SIN-Code-Bundle/cmd/sin-code/internal/ast_go.go:47.34,48.27 1 1
github.com/OpenSIN-Code/SIN-Code-Bundle/cmd/sin-code/internal/ast_go.go:49.22,52.45 3 1
github.com/OpenSIN-Code/SIN-Code-Bundle/cmd/sin-code/internal/ast_go.go:52.45,55.5 2 0
github.com/OpenSIN-Code/SIN-Code-Bundle/cmd/sin-code/internal/ast_go.go:56.4,56.42 1 1
github.com/OpenSIN-Code/SIN-Code-Bundle/cmd/sin-code/internal/ast_go.go:57.21,58.33 1 1
github.com/OpenSIN-Code/SIN-Code-Bundle/cmd/sin-code/internal/ast_go.go:58.33,59.29 1 1
github.com/OpenSIN-Code/SIN-Code-Bundle/cmd/sin-code/internal/ast_go.go:60.24,63.32 3 1
github.com/OpenSIN-Code/SIN-Code-Bundle/cmd/sin-code/internal/ast_go.go:64.27,66.26 2 1
github.com/OpenSIN-Code/SIN-Code-Bundle/cmd/sin-code/internal/ast_go.go:66.26,67.40 1 1
github.com/OpenSIN-Code/SIN-Code-Bundle/cmd/sin-code/internal/ast_go.go:67.40,69.35 2 0
github.com/OpenSIN-Code/SIN-Code-Bundle/cmd/sin-code/internal/ast_go.go:69.35,73.10 1 0
github.com/OpenSIN-Code/SIN-Code-Bundle/cmd/sin-code/internal/ast_go.go:76.30,78.27 2 1
github.com/OpenSIN-Code/SIN-Code-Bundle/cmd/sin-code/internal/ast_go.go:78.27,79.41 1 1
github.com/OpenSIN-Code/SIN-Code-Bundle/cmd/sin-code/internal/ast_go.go:79.41,81.35 2 0
github.com/OpenSIN-Code/SIN-Code-Bundle/cmd/sin-code/internal/ast_go.go:81.35,85.10 1 0
github.com/OpenSIN-Code/SIN-Code-Bundle/cmd/sin-code/internal/ast_go.go:88.14,89.24 1 0
github.com/OpenSIN-Code/SIN-Code-Bundle/cmd/sin-code/internal/ast_go.go:91.6,91.44 1 1
github.com/OpenSIN-Code/SIN-Code-Bundle/cmd/sin-code/internal/ast_go.go:92.25,95.30 3 1
github.com/OpenSIN-Code/SIN-Code-Bundle/cmd/sin-code/internal/ast_go.go:95.30,97.7 1 1
github.com/OpenSIN-Code/SIN-Code-Bundle/cmd/sin-code/internal/ast_go.go:98.6,98.32 1 1
github.com/OpenSIN-Code/SIN-Code-Bundle/cmd/sin-code/internal/ast_go.go:98.32,99.24 1 1
github.com/OpenSIN-Code/SIN-Code-Bundle/cmd/sin-code/internal/ast_go.go:99.24,100.16 1 0
github.com/OpenSIN-Code/SIN-Code-Bundle/cmd/sin-code/internal/ast_go.go:102.7,104.9 1 1
github.com/OpenSIN-Code/SIN-Code-Bundle/cmd/sin-code/internal/ast_go.go:110.2,110.17 1 1
github.com/OpenSIN-Code/SIN-Code-Bundle/cmd/sin-code/internal/ast_go.go:113.38,114.23 1 0
github.com/OpenSIN-Code/SIN-Code-Bundle/cmd/sin-code/internal/ast_go.go:115.18,116.16 1 0
github.com/OpenSIN-Code/SIN-Code-Bundle/cmd/sin-code/internal/ast_go.go:117.21,118.27 1 0
github.com/OpenSIN-Code/SIN-Code-Bundle/cmd/sin-code/internal/ast_go.go:119.22,120.27 1 0
github.com/OpenSIN-Code/SIN-Code-Bundle/cmd/sin-code/internal/ast_go.go:121.26,122.27 1 0
github.com/OpenSIN-Code/SIN-Code-Bundle/cmd/sin-code/internal/ast_go.go:124.2,124.12 1 0
github.com/OpenSIN-Code/SIN-Code-Bundle/cmd/sin-code/internal/ast_provider.go:40.53,41.37 1 1
github.com/OpenSIN-Code/SIN-Code-Bundle/cmd/sin-code/internal/ast_provider.go:41.37,42.63 1 1
github.com/OpenSIN-Code/SIN-Code-Bundle/cmd/sin-code/internal/ast_provider.go:42.63,43.12 1 0
github.com/OpenSIN-Code/SIN-Code-Bundle/cmd/sin-code/internal/ast_provider.go:45.3,45.29 1 1
github.com/OpenSIN-Code/SIN-Code-Bundle/cmd/sin-code/internal/ast_provider.go:49.57,51.41 2 1
github.com/OpenSIN-Code/SIN-Code-Bundle/cmd/sin-code/internal/ast_provider.go:51.41,52.63 1 1
github.com/OpenSIN-Code/SIN-Code-Bundle/cmd/sin-code/internal/ast_provider.go:52.63,55.4 2 1
github.com/OpenSIN-Code/SIN-Code-Bundle/cmd/sin-code/internal/ast_provider.go:57.2,57.53 1 1
github.com/OpenSIN-Code/SIN-Code-Bundle/cmd/sin-code/internal/ast_provider.go:60.61,63.33 3 0
github.com/OpenSIN-Code/SIN-Code-Bundle/cmd/sin-code/internal/ast_provider.go:63.33,64.26 1 0
github.com/OpenSIN-Code/SIN-Code-Bundle/cmd/sin-code/internal/ast_provider.go:64.26,65.61 1 0
github.com/OpenSIN-Code/SIN-Code-Bundle/cmd/sin-code/internal/ast_provider.go:65.61,67.5 1 0
github.com/OpenSIN-Code/SIN-Code-Bundle/cmd/sin-code/internal/ast_provider.go:68.4,68.20 1 0
github.com/OpenSIN-Code/SIN-Code-Bundle/cmd/sin-code/internal/ast_provider.go:71.2,72.13 2 0
github.com/OpenSIN-Code/SIN-Code-Bundle/cmd/sin-code/internal/ast_provider.go:75.43,77.41 2 0
github.com/OpenSIN-Code/SIN-Code-Bundle/cmd/sin-code/internal/ast_provider.go:77.41,78.68 1 0
github.com/OpenSIN-Code/SIN-Code-Bundle/cmd/sin-code/internal/ast_provider.go:78.68,80.4 1 0
github.com/OpenSIN-Code/SIN-Code-Bundle/cmd/sin-code/internal/ast_provider.go:81.3,81.25 1 0
github.com/OpenSIN-Code/SIN-Code-Bundle/cmd/sin-code/internal/ast_provider.go:83.2,83.15 1 0
github.com/OpenSIN-Code/SIN-Code-Bundle/cmd/sin-code/internal/ast_structural.go:18.13,18.62 1 1
github.com/OpenSIN-Code/SIN-Code-Bundle/cmd/sin-code/internal/ast_structural.go:20.48,22.2 1 1
github.com/OpenSIN-Code/SIN-Code-Bundle/cmd/sin-code/internal/ast_structural.go:31.80,33.19 2 1
github.com/OpenSIN-Code/SIN-Code-Bundle/cmd/sin-code/internal/ast_structural.go:33.19,35.3 1 0
github.com/OpenSIN-Code/SIN-Code-Bundle/cmd/sin-code/internal/ast_structural.go:36.2,39.29 3 1
github.com/OpenSIN-Code/SIN-Code-Bundle/cmd/sin-code/internal/ast_structural.go:39.29,40.65 1 1
github.com/OpenSIN-Code/SIN-Code-Bundle/cmd/sin-code/internal/ast_structural.go:40.65,42.4 1 0
github.com/OpenSIN-Code/SIN-Code-Bundle/cmd/sin-code/internal/ast_structural.go:43.3,44.15 2 1
github.com/OpenSIN-Code/SIN-Code-Bundle/cmd/sin-code/internal/ast_structural.go:44.15,45.12 1 1
github.com/OpenSIN-Code/SIN-Code-Bundle/cmd/sin-code/internal/ast_structural.go:47.3,50.23 4 1
github.com/OpenSIN-Code/SIN-Code-Bundle/cmd/sin-code/internal/ast_structural.go:50.23,52.4 1 1
github.com/OpenSIN-Code/SIN-Code-Bundle/cmd/sin-code/internal/ast_structural.go:52.9,54.4 1 1
github.com/OpenSIN-Code/SIN-Code-Bundle/cmd/sin-code/internal/ast_structural.go:55.3,59.5 1 1
github.com/OpenSIN-Code/SIN-Code-Bundle/cmd/sin-code/internal/ast_structural.go:61.2,61.17 1 1
github.com/OpenSIN-Code/SIN-Code-Bundle/cmd/sin-code/internal/ast_structural.go:64.37,65.11 1 1
github.com/OpenSIN-Code/SIN-Code-Bundle/cmd/sin-code/internal/ast_structural.go:66.31,67.16 1 1
github.com/OpenSIN-Code/SIN-Code-Bundle/cmd/sin-code/internal/ast_structural.go:69.2,69.10 1 1
github.com/OpenSIN-Code/SIN-Code-Bundle/cmd/sin-code/internal/ast_structural.go:72.34,72.80 1 1
github.com/OpenSIN-Code/SIN-Code-Bundle/cmd/sin-code/internal/ast_structural.go:74.64,76.43 2 1
github.com/OpenSIN-Code/SIN-Code-Bundle/cmd/sin-code/internal/ast_structural.go:76.43,78.55 2 1
github.com/OpenSIN-Code/SIN-Code-Bundle/cmd/sin-code/internal/ast_structural.go:78.55,79.12 1 1
github.com/OpenSIN-Code/SIN-Code-Bundle/cmd/sin-code/internal/ast_structural.go:81.3,82.26 2 1
github.com/OpenSIN-Code/SIN-Code-Bundle/cmd/sin-code/internal/ast_structural.go:82.26,83.9 1 1
github.com/OpenSIN-Code/SIN-Code-Bundle/cmd/sin-code/internal/ast_structural.go:85.3,85.14 1 1
github.com/OpenSIN-Code/SIN-Code-Bundle/cmd/sin-code/internal/ast_structural.go:87.2,87.12 1 1
github.com/OpenSIN-Code/SIN-Code-Bundle/cmd/sin-code/internal/ast_structural.go:90.52,94.39 4 1
github.com/OpenSIN-Code/SIN-Code-Bundle/cmd/sin-code/internal/ast_structural.go:94.39,98.34 4 1
github.com/OpenSIN-Code/SIN-Code-Bundle/cmd/sin-code/internal/ast_structural.go:98.34,100.22 2 1
github.com/OpenSIN-Code/SIN-Code-Bundle/cmd/sin-code/internal/ast_structural.go:100.22,101.56 1 0
github.com/OpenSIN-Code/SIN-Code-Bundle/cmd/sin-code/internal/ast_structural.go:101.56,104.6 2 0
github.com/OpenSIN-Code/SIN-Code-Bundle/cmd/sin-code/internal/ast_structural.go:105.5,105.13 1 0
github.com/OpenSIN-Code/SIN-Code-Bundle/cmd/sin-code/internal/ast_structural.go:107.4,107.21 1 1
github.com/OpenSIN-Code/SIN-Code-Bundle/cmd/sin-code/internal/ast_structural.go:107.21,108.16 1 0
github.com/OpenSIN-Code/SIN-Code-Bundle/cmd/sin-code/internal/ast_structural.go:108.16,110.6 1 0
github.com/OpenSIN-Code/SIN-Code-Bundle/cmd/sin-code/internal/ast_structural.go:110.11,110.25 1 0
github.com/OpenSIN-Code/SIN-Code-Bundle/cmd/sin-code/internal/ast_structural.go:110.25,112.6 1 0
github.com/OpenSIN-Code/SIN-Code-Bundle/cmd/sin-code/internal/ast_structural.go:112.11,112.35 1 0
github.com/OpenSIN-Code/SIN-Code-Bundle/cmd/sin-code/internal/ast_structural.go:112.35,114.6 1 0
github.com/OpenSIN-Code/SIN-Code-Bundle/cmd/sin-code/internal/ast_structural.go:115.5,115.13 1 0
github.com/OpenSIN-Code/SIN-Code-Bundle/cmd/sin-code/internal/ast_structural.go:117.4,117.13 1 1
github.com/OpenSIN-Code/SIN-Code-Bundle/cmd/sin-code/internal/ast_structural.go:118.24,119.23 1 0
github.com/OpenSIN-Code/SIN-Code-Bundle/cmd/sin-code/internal/ast_structural.go:120.13,121.24 1 0
github.com/OpenSIN-Code/SIN-Code-Bundle/cmd/sin-code/internal/ast_structural.go:121.24,122.26 1 0
github.com/OpenSIN-Code/SIN-Code-Bundle/cmd/sin-code/internal/ast_structural.go:122.26,124.7 1 0
github.com/OpenSIN-Code/SIN-Code-Bundle/cmd/sin-code/internal/ast_structural.go:124.12,124.33 1 0
github.com/OpenSIN-Code/SIN-Code-Bundle/cmd/sin-code/internal/ast_structural.go:124.33,127.7 2 0
github.com/OpenSIN-Code/SIN-Code-Bundle/cmd/sin-code/internal/ast_structural.go:129.13,131.18 2 1
github.com/OpenSIN-Code/SIN-Code-Bundle/cmd/sin-code/internal/ast_structural.go:132.13,134.29 2 1
github.com/OpenSIN-Code/SIN-Code-Bundle/cmd/sin-code/internal/ast_structural.go:134.29,136.6 1 1
github.com/OpenSIN-Code/SIN-Code-Bundle/cmd/sin-code/internal/ast_structural.go:137.13,138.16 1 1
github.com/OpenSIN-Code/SIN-Code-Bundle/cmd/sin-code/internal/ast_structural.go:138.16,140.6 1 1
github.com/OpenSIN-Code/SIN-Code-Bundle/cmd/sin-code/internal/ast_structural.go:143.3,143.28 1 1
github.com/OpenSIN-Code/SIN-Code-Bundle/cmd/sin-code/internal/ast_structural.go:143.28,145.4 1 0
github.com/OpenSIN-Code/SIN-Code-Bundle/cmd/sin-code/internal/ast_structural.go:147.2,147.19 1 0
github.com/OpenSIN-Code/SIN-Code-Bundle/cmd/sin-code/internal/common.go:14.28,17.2 2 0
github.com/OpenSIN-Code/SIN-Code-Bundle/cmd/sin-code/internal/common.go:23.52,25.20 2 0
github.com/OpenSIN-Code/SIN-Code-Bundle/cmd/sin-code/internal/common.go:25.20,27.3 1 0
github.com/OpenSIN-Code/SIN-Code-Bundle/cmd/sin-code/internal/common.go:29.2,30.20 2 0
github.com/OpenSIN-Code/SIN-Code-Bundle/cmd/sin-code/internal/common.go:30.20,32.3 1 0
github.com/OpenSIN-Code/SIN-Code-Bundle/cmd/sin-code/internal/common.go:34.2,39.31 2 0
github.com/OpenSIN-Code/SIN-Code-Bundle/cmd/sin-code/internal/common.go:39.31,40.59 1 0
github.com/OpenSIN-Code/SIN-Code-Bundle/cmd/sin-code/internal/common.go:40.59,42.23 1 0
github.com/OpenSIN-Code/SIN-Code-Bundle/cmd/sin-code/internal/common.go:42.23,43.36 1 0
github.com/OpenSIN-Code/SIN-Code-Bundle/cmd/sin-code/internal/common.go:43.36,44.14 1 0
github.com/OpenSIN-Code/SIN-Code-Bundle/cmd/sin-code/internal/common.go:47.5,47.61 1 0
github.com/OpenSIN-Code/SIN-Code-Bundle/cmd/sin-code/internal/common.go:47.61,48.14 1 0
github.com/OpenSIN-Code/SIN-Code-Bundle/cmd/sin-code/internal/common.go:51.4,51.17 1 0
github.com/OpenSIN-Code/SIN-Code-Bundle/cmd/sin-code/internal/common.go:55.2,55.50 1 0
github.com/OpenSIN-Code/SIN-Code-Bundle/cmd/sin-code/internal/common.go:55.50,56.64 1 0
github.com/OpenSIN-Code/SIN-Code-Bundle/cmd/sin-code/internal/common.go:56.64,57.93 1 0
github.com/OpenSIN-Code/SIN-Code-Bundle/cmd/sin-code/internal/common.go:57.93,63.5 1 0
github.com/OpenSIN-Code/SIN-Code-Bundle/cmd/sin-code/internal/common.go:65.3,65.19 1 0
github.com/OpenSIN-Code/SIN-Code-Bundle/cmd/sin-code/internal/common.go:67.2,71.38 1 0
github.com/OpenSIN-Code/SIN-Code-Bundle/cmd/sin-code/internal/common.go:74.34,75.13 1 0
github.com/OpenSIN-Code/SIN-Code-Bundle/cmd/sin-code/internal/common.go:75.13,77.3 1 0
github.com/OpenSIN-Code/SIN-Code-Bundle/cmd/sin-code/internal/common.go:78.2,78.32 1 0
github.com/OpenSIN-Code/SIN-Code-Bundle/cmd/sin-code/internal/config.go:37.54,40.17 3 0
github.com/OpenSIN-Code/SIN-Code-Bundle/cmd/sin-code/internal/config.go:40.17,42.4 1 0
github.com/OpenSIN-Code/SIN-Code-Bundle/cmd/sin-code/internal/config.go:43.3,44.13 2 0
github.com/OpenSIN-Code/SIN-Code-Bundle/cmd/sin-code/internal/config.go:52.54,55.3 2 0
github.com/OpenSIN-Code/SIN-Code-Bundle/cmd/sin-code/internal/config.go:61.54,63.17 2 0
github.com/OpenSIN-Code/SIN-Code-Bundle/cmd/sin-code/internal/config.go:63.17,65.4 1 0
github.com/OpenSIN-Code/SIN-Code-Bundle/cmd/sin-code/internal/config.go:66.3,72.13 7 0
github.com/OpenSIN-Code/SIN-Code-Bundle/cmd/sin-code/internal/config.go:79.54,82.3 2 0
github.com/OpenSIN-Code/SIN-Code-Bundle/cmd/sin-code/internal/config.go:88.54,90.3 1 0
github.com/OpenSIN-Code/SIN-Code-Bundle/cmd/sin-code/internal/config.go:93.13,99.2 5 1
github.com/OpenSIN-Code/SIN-Code-Bundle/cmd/sin-code/internal/config.go:110.36,117.2 1 0
github.com/OpenSIN-Code/SIN-Code-Bundle/cmd/sin-code/internal/config.go:121.25,123.16 2 0
github.com/OpenSIN-Code/SIN-Code-Bundle/cmd/sin-code/internal/config.go:123.16,125.3 1 0
github.com/OpenSIN-Code/SIN-Code-Bundle/cmd/sin-code/internal/config.go:126.2,126.46 1 0
github.com/OpenSIN-Code/SIN-Code-Bundle/cmd/sin-code/internal/config.go:129.30,131.2 1 0
github.com/OpenSIN-Code/SIN-Code-Bundle/cmd/sin-code/internal/config.go:133.42,137.16 4 0
github.com/OpenSIN-Code/SIN-Code-Bundle/cmd/sin-code/internal/config.go:137.16,138.25 1 0
github.com/OpenSIN-Code/SIN-Code-Bundle/cmd/sin-code/internal/config.go:138.25,140.4 1 0
github.com/OpenSIN-Code/SIN-Code-Bundle/cmd/sin-code/internal/config.go:141.3,141.49 1 0
github.com/OpenSIN-Code/SIN-Code-Bundle/cmd/sin-code/internal/config.go:144.2,145.50 2 0
github.com/OpenSIN-Code/SIN-Code-Bundle/cmd/sin-code/internal/config.go:145.50,147.49 2 0
github.com/OpenSIN-Code/SIN-Code-Bundle/cmd/sin-code/internal/config.go:147.49,148.12 1 0
github.com/OpenSIN-Code/SIN-Code-Bundle/cmd/sin-code/internal/config.go:150.3,151.22 2 0
github.com/OpenSIN-Code/SIN-Code-Bundle/cmd/sin-code/internal/config.go:151.22,152.12 1 0
github.com/OpenSIN-Code/SIN-Code-Bundle/cmd/sin-code/internal/config.go:154.3,156.14 3 0
github.com/OpenSIN-Code/SIN-Code-Bundle/cmd/sin-code/internal/config.go:157.16,158.19 1 0
github.com/OpenSIN-Code/SIN-Code-Bundle/cmd/sin-code/internal/config.go:159.26,160.46 1 0
github.com/OpenSIN-Code/SIN-Code-Bundle/cmd/sin-code/internal/config.go:161.25,162.27 1 0
github.com/OpenSIN-Code/SIN-Code-Bundle/cmd/sin-code/internal/config.go:163.29,164.40 1 0
github.com/OpenSIN-Code/SIN-Code-Bundle/cmd/sin-code/internal/config.go:167.2,167.17 1 0
github.com/OpenSIN-Code/SIN-Code-Bundle/cmd/sin-code/internal/config.go:170.42,172.47 2 0
github.com/OpenSIN-Code/SIN-Code-Bundle/cmd/sin-code/internal/config.go:172.47,174.3 1 0
github.com/OpenSIN-Code/SIN-Code-Bundle/cmd/sin-code/internal/config.go:175.2,191.66 3 0
github.com/OpenSIN-Code/SIN-Code-Bundle/cmd/sin-code/internal/config.go:191.66,193.3 1 0
github.com/OpenSIN-Code/SIN-Code-Bundle/cmd/sin-code/internal/config.go:194.2,194.12 1 0
github.com/OpenSIN-Code/SIN-Code-Bundle/cmd/sin-code/internal/config.go:197.25,199.40 2 0
github.com/OpenSIN-Code/SIN-Code-Bundle/cmd/sin-code/internal/config.go:199.40,201.3 1 0
github.com/OpenSIN-Code/SIN-Code-Bundle/cmd/sin-code/internal/config.go:202.2,209.12 8 0
github.com/OpenSIN-Code/SIN-Code-Bundle/cmd/sin-code/internal/config.go:212.49,214.16 2 0
github.com/OpenSIN-Code/SIN-Code-Bundle/cmd/sin-code/internal/config.go:214.16,216.3 1 0
github.com/OpenSIN-Code/SIN-Code-Bundle/cmd/sin-code/internal/config.go:217.2,217.13 1 0
github.com/OpenSIN-Code/SIN-Code-Bundle/cmd/sin-code/internal/config.go:218.15,219.24 1 0
github.com/OpenSIN-Code/SIN-Code-Bundle/cmd/sin-code/internal/config.go:220.25,221.52 1 0
github.com/OpenSIN-Code/SIN-Code-Bundle/cmd/sin-code/internal/config.go:222.24,223.32 1 0
github.com/OpenSIN-Code/SIN-Code-Bundle/cmd/sin-code/internal/config.go:224.28,225.54 1 0
github.com/OpenSIN-Code/SIN-Code-Bundle/cmd/sin-code/internal/config.go:226.10,227.123 1 0
github.com/OpenSIN-Code/SIN-Code-Bundle/cmd/sin-code/internal/config.go:231.46,233.16 2 0
github.com/OpenSIN-Code/SIN-Code-Bundle/cmd/sin-code/internal/config.go:233.16,235.3 1 0
github.com/OpenSIN-Code/SIN-Code-Bundle/cmd/sin-code/internal/config.go:236.2,236.13 1 0
github.com/OpenSIN-Code/SIN-Code-Bundle/cmd/sin-code/internal/config.go:237.15,238.42 1 0
github.com/OpenSIN-Code/SIN-Code-Bundle/cmd/sin-code/internal/config.go:238.42,240.4 1 0
github.com/OpenSIN-Code/SIN-Code-Bundle/cmd/sin-code/internal/config.go:241.3,241.20 1 0
github.com/OpenSIN-Code/SIN-Code-Bundle/cmd/sin-code/internal/config.go:242.25,244.62 2 0
github.com/OpenSIN-Code/SIN-Code-Bundle/cmd/sin-code/internal/config.go:244.62,246.4 1 0
github.com/OpenSIN-Code/SIN-Code-Bundle/cmd/sin-code/internal/config.go:247.3,247.31 1 0
github.com/OpenSIN-Code/SIN-Code-Bundle/cmd/sin-code/internal/config.go:248.24,249.41 1 0
github.com/OpenSIN-Code/SIN-Code-Bundle/cmd/sin-code/internal/config.go:249.41,251.4 1 0
github.com/OpenSIN-Code/SIN-Code-Bundle/cmd/sin-code/internal/config.go:252.3,252.28 1 0
github.com/OpenSIN-Code/SIN-Code-Bundle/cmd/sin-code/internal/config.go:253.28,254.41 1 0
github.com/OpenSIN-Code/SIN-Code-Bundle/cmd/sin-code/internal/config.go:255.10,256.119 1 0
github.com/OpenSIN-Code/SIN-Code-Bundle/cmd/sin-code/internal/config.go:258.2,258.40 1 0
github.com/OpenSIN-Code/SIN-Code-Bundle/cmd/sin-code/internal/config.go:258.40,260.3 1 0
github.com/OpenSIN-Code/SIN-Code-Bundle/cmd/sin-code/internal/config.go:261.2,262.12 2 0
github.com/OpenSIN-Code/SIN-Code-Bundle/cmd/sin-code/internal/discover.go:38.54,40.20 2 0
github.com/OpenSIN-Code/SIN-Code-Bundle/cmd/sin-code/internal/discover.go:40.20,42.4 1 0
github.com/OpenSIN-Code/SIN-Code-Bundle/cmd/sin-code/internal/discover.go:43.3,44.17 2 0
github.com/OpenSIN-Code/SIN-Code-Bundle/cmd/sin-code/internal/discover.go:44.17,46.4 1 0
github.com/OpenSIN-Code/SIN-Code-Bundle/cmd/sin-code/internal/discover.go:47.3,47.65 1 0
github.com/OpenSIN-Code/SIN-Code-Bundle/cmd/sin-code/internal/discover.go:47.65,48.18 1 0
github.com/OpenSIN-Code/SIN-Code-Bundle/cmd/sin-code/internal/discover.go:48.18,50.5 1 0
github.com/OpenSIN-Code/SIN-Code-Bundle/cmd/sin-code/internal/discover.go:51.4,51.61 1 0
github.com/OpenSIN-Code/SIN-Code-Bundle/cmd/sin-code/internal/discover.go:54.3,55.17 2 0
github.com/OpenSIN-Code/SIN-Code-Bundle/cmd/sin-code/internal/discover.go:55.17,57.4 1 0
github.com/OpenSIN-Code/SIN-Code-Bundle/cmd/sin-code/internal/discover.go:59.3,60.35 2 0
github.com/OpenSIN-Code/SIN-Code-Bundle/cmd/sin-code/internal/discover.go:60.35,62.4 1 0
github.com/OpenSIN-Code/SIN-Code-Bundle/cmd/sin-code/internal/discover.go:64.3,64.31 1 0
github.com/OpenSIN-Code/SIN-Code-Bundle/cmd/sin-code/internal/discover.go:64.31,66.4 1 0
github.com/OpenSIN-Code/SIN-Code-Bundle/cmd/sin-code/internal/discover.go:67.3,67.29 1 0
github.com/OpenSIN-Code/SIN-Code-Bundle/cmd/sin-code/internal/discover.go:80.75,82.16 2 0
github.com/OpenSIN-Code/SIN-Code-Bundle/cmd/sin-code/internal/discover.go:82.16,84.3 1 0
github.com/OpenSIN-Code/SIN-Code-Bundle/cmd/sin-code/internal/discover.go:86.2,88.81 3 0
github.com/OpenSIN-Code/SIN-Code-Bundle/cmd/sin-code/internal/discover.go:88.81,89.17 1 0
github.com/OpenSIN-Code/SIN-Code-Bundle/cmd/sin-code/internal/discover.go:89.17,91.4 1 0
github.com/OpenSIN-Code/SIN-Code-Bundle/cmd/sin-code/internal/discover.go:92.3,92.19 1 0
github.com/OpenSIN-Code/SIN-Code-Bundle/cmd/sin-code/internal/discover.go:92.19,94.317 2 0
github.com/OpenSIN-Code/SIN-Code-Bundle/cmd/sin-code/internal/discover.go:94.317,96.5 1 0
github.com/OpenSIN-Code/SIN-Code-Bundle/cmd/sin-code/internal/discover.go:97.4,97.14 1 0
github.com/OpenSIN-Code/SIN-Code-Bundle/cmd/sin-code/internal/discover.go:100.3,101.20 2 0
github.com/OpenSIN-Code/SIN-Code-Bundle/cmd/sin-code/internal/discover.go:101.20,103.4 1 0
github.com/OpenSIN-Code/SIN-Code-Bundle/cmd/sin-code/internal/discover.go:105.3,116.48 6 0
github.com/OpenSIN-Code/SIN-Code-Bundle/cmd/sin-code/internal/discover.go:116.48,119.4 1 0
github.com/OpenSIN-Code/SIN-Code-Bundle/cmd/sin-code/internal/discover.go:120.3,120.13 1 0
github.com/OpenSIN-Code/SIN-Code-Bundle/cmd/sin-code/internal/discover.go:122.2,122.16 1 0
github.com/OpenSIN-Code/SIN-Code-Bundle/cmd/sin-code/internal/discover.go:122.16,124.3 1 0
github.com/OpenSIN-Code/SIN-Code-Bundle/cmd/sin-code/internal/discover.go:125.2,125.21 1 0
github.com/OpenSIN-Code/SIN-Code-Bundle/cmd/sin-code/internal/discover.go:128.66,134.40 2 0
github.com/OpenSIN-Code/SIN-Code-Bundle/cmd/sin-code/internal/discover.go:134.40,135.30 1 0
github.com/OpenSIN-Code/SIN-Code-Bundle/cmd/sin-code/internal/discover.go:135.30,135.45 1 0
github.com/OpenSIN-Code/SIN-Code-Bundle/cmd/sin-code/internal/discover.go:139.2,142.29 4 0
github.com/OpenSIN-Code/SIN-Code-Bundle/cmd/sin-code/internal/discover.go:142.29,143.31 1 0
github.com/OpenSIN-Code/SIN-Code-Bundle/cmd/sin-code/internal/discover.go:143.31,145.4 1 0
github.com/OpenSIN-Code/SIN-Code-Bundle/cmd/sin-code/internal/discover.go:145.9,147.4 1 0
github.com/OpenSIN-Code/SIN-Code-Bundle/cmd/sin-code/internal/discover.go:149.2,151.16 3 0
github.com/OpenSIN-Code/SIN-Code-Bundle/cmd/sin-code/internal/discover.go:151.16,153.3 1 0
github.com/OpenSIN-Code/SIN-Code-Bundle/cmd/sin-code/internal/discover.go:154.2,154.29 1 0
github.com/OpenSIN-Code/SIN-Code-Bundle/cmd/sin-code/internal/discover.go:154.29,156.3 1 0
github.com/OpenSIN-Code/SIN-Code-Bundle/cmd/sin-code/internal/discover.go:159.38,161.25 2 0
github.com/OpenSIN-Code/SIN-Code-Bundle/cmd/sin-code/internal/discover.go:161.25,162.12 1 0
github.com/OpenSIN-Code/SIN-Code-Bundle/cmd/sin-code/internal/discover.go:163.12,164.26 1 0
github.com/OpenSIN-Code/SIN-Code-Bundle/cmd/sin-code/internal/discover.go:165.12,166.25 1 0
github.com/OpenSIN-Code/SIN-Code-Bundle/cmd/sin-code/internal/discover.go:167.12,168.24 1 0
github.com/OpenSIN-Code/SIN-Code-Bundle/cmd/sin-code/internal/discover.go:169.57,171.18 2 0
github.com/OpenSIN-Code/SIN-Code-Bundle/cmd/sin-code/internal/discover.go:172.11,173.18 1 0
github.com/OpenSIN-Code/SIN-Code-Bundle/cmd/sin-code/internal/discover.go:176.2,176.19 1 0
github.com/OpenSIN-Code/SIN-Code-Bundle/cmd/sin-code/internal/discover.go:179.57,194.29 6 1
github.com/OpenSIN-Code/SIN-Code-Bundle/cmd/sin-code/internal/discover.go:194.29,196.3 1 1
github.com/OpenSIN-Code/SIN-Code-Bundle/cmd/sin-code/internal/discover.go:199.2,207.30 3 1
github.com/OpenSIN-Code/SIN-Code-Bundle/cmd/sin-code/internal/discover.go:207.30,208.33 1 1
github.com/OpenSIN-Code/SIN-Code-Bundle/cmd/sin-code/internal/discover.go:208.33,210.4 1 1
github.com/OpenSIN-Code/SIN-Code-Bundle/cmd/sin-code/internal/discover.go:214.2,214.22 1 1
github.com/OpenSIN-Code/SIN-Code-Bundle/cmd/sin-code/internal/discover.go:214.22,216.3 1 1
github.com/OpenSIN-Code/SIN-Code-Bundle/cmd/sin-code/internal/discover.go:216.8,216.27 1 1
github.com/OpenSIN-Code/SIN-Code-Bundle/cmd/sin-code/internal/discover.go:216.27,218.3 1 1
github.com/OpenSIN-Code/SIN-Code-Bundle/cmd/sin-code/internal/discover.go:221.2,223.30 3 1
github.com/OpenSIN-Code/SIN-Code-Bundle/cmd/sin-code/internal/discover.go:223.30,224.37 1 1
github.com/OpenSIN-Code/SIN-Code-Bundle/cmd/sin-code/internal/discover.go:224.37,226.4 1 1
github.com/OpenSIN-Code/SIN-Code-Bundle/cmd/sin-code/internal/discover.go:229.2,229.15 1 1
github.com/OpenSIN-Code/SIN-Code-Bundle/cmd/sin-code/internal/discover.go:229.15,231.3 1 1
github.com/OpenSIN-Code/SIN-Code-Bundle/cmd/sin-code/internal/discover.go:232.2,232.17 1 1
github.com/OpenSIN-Code/SIN-Code-Bundle/cmd/sin-code/internal/discover.go:232.17,234.3 1 0
github.com/OpenSIN-Code/SIN-Code-Bundle/cmd/sin-code/internal/discover.go:235.2,235.14 1 1
github.com/OpenSIN-Code/SIN-Code-Bundle/cmd/sin-code/internal/discover.go:238.48,241.39 3 1
github.com/OpenSIN-Code/SIN-Code-Bundle/cmd/sin-code/internal/discover.go:241.39,243.3 1 1
github.com/OpenSIN-Code/SIN-Code-Bundle/cmd/sin-code/internal/discover.go:244.2,247.13 3 1
github.com/OpenSIN-Code/SIN-Code-Bundle/cmd/sin-code/internal/discover.go:248.13,249.41 1 1
github.com/OpenSIN-Code/SIN-Code-Bundle/cmd/sin-code/internal/discover.go:250.13,251.39 1 1
github.com/OpenSIN-Code/SIN-Code-Bundle/cmd/sin-code/internal/discover.go:252.36,253.35 1 1
github.com/OpenSIN-Code/SIN-Code-Bundle/cmd/sin-code/internal/discover.go:256.2,256.20 1 1
github.com/OpenSIN-Code/SIN-Code-Bundle/cmd/sin-code/internal/discover.go:256.20,258.3 1 0
github.com/OpenSIN-Code/SIN-Code-Bundle/cmd/sin-code/internal/discover.go:259.2,259.13 1 1
github.com/OpenSIN-Code/SIN-Code-Bundle/cmd/sin-code/internal/discover.go:262.54,265.16 3 1
github.com/OpenSIN-Code/SIN-Code-Bundle/cmd/sin-code/internal/discover.go:265.16,267.3 1 1
github.com/OpenSIN-Code/SIN-Code-Bundle/cmd/sin-code/internal/discover.go:268.2,269.32 2 1
github.com/OpenSIN-Code/SIN-Code-Bundle/cmd/sin-code/internal/discover.go:269.32,271.3 1 1
github.com/OpenSIN-Code/SIN-Code-Bundle/cmd/sin-code/internal/discover.go:272.2,272.13 1 1
github.com/OpenSIN-Code/SIN-Code-Bundle/cmd/sin-code/internal/discover.go:275.52,279.52 4 1
github.com/OpenSIN-Code/SIN-Code-Bundle/cmd/sin-code/internal/discover.go:279.52,281.23 2 1
github.com/OpenSIN-Code/SIN-Code-Bundle/cmd/sin-code/internal/discover.go:281.23,283.34 2 1
github.com/OpenSIN-Code/SIN-Code-Bundle/cmd/sin-code/internal/discover.go:283.34,285.5 1 1
github.com/OpenSIN-Code/SIN-Code-Bundle/cmd/sin-code/internal/discover.go:286.4,286.31 1 1
github.com/OpenSIN-Code/SIN-Code-Bundle/cmd/sin-code/internal/discover.go:286.31,289.5 2 1
github.com/OpenSIN-Code/SIN-Code-Bundle/cmd/sin-code/internal/discover.go:292.2,292.13 1 1
github.com/OpenSIN-Code/SIN-Code-Bundle/cmd/sin-code/internal/discover.go:295.48,299.62 4 1
github.com/OpenSIN-Code/SIN-Code-Bundle/cmd/sin-code/internal/discover.go:299.62,300.35 1 1
github.com/OpenSIN-Code/SIN-Code-Bundle/cmd/sin-code/internal/discover.go:300.35,301.41 1 1
github.com/OpenSIN-Code/SIN-Code-Bundle/cmd/sin-code/internal/discover.go:301.41,304.5 2 1
github.com/OpenSIN-Code/SIN-Code-Bundle/cmd/sin-code/internal/discover.go:307.2,307.13 1 1
github.com/OpenSIN-Code/SIN-Code-Bundle/cmd/sin-code/internal/discover.go:310.55,311.16 1 0
github.com/OpenSIN-Code/SIN-Code-Bundle/cmd/sin-code/internal/discover.go:312.14,313.43 1 0
github.com/OpenSIN-Code/SIN-Code-Bundle/cmd/sin-code/internal/discover.go:313.43,315.4 1 0
github.com/OpenSIN-Code/SIN-Code-Bundle/cmd/sin-code/internal/discover.go:316.14,317.43 1 0
github.com/OpenSIN-Code/SIN-Code-Bundle/cmd/sin-code/internal/discover.go:317.43,319.4 1 0
github.com/OpenSIN-Code/SIN-Code-Bundle/cmd/sin-code/internal/discover.go:320.15,321.43 1 0
github.com/OpenSIN-Code/SIN-Code-Bundle/cmd/sin-code/internal/discover.go:321.43,323.4 1 0
github.com/OpenSIN-Code/SIN-Code-Bundle/cmd/sin-code/internal/discover.go:324.10,325.43 1 0
github.com/OpenSIN-Code/SIN-Code-Bundle/cmd/sin-code/internal/discover.go:325.43,327.4 1 0
github.com/OpenSIN-Code/SIN-Code-Bundle/cmd/sin-code/internal/discover.go:331.45,335.2 3 0
github.com/OpenSIN-Code/SIN-Code-Bundle/cmd/sin-code/internal/discover.go:337.45,338.28 1 0
github.com/OpenSIN-Code/SIN-Code-Bundle/cmd/sin-code/internal/discover.go:338.28,341.3 1 0
github.com/OpenSIN-Code/SIN-Code-Bundle/cmd/sin-code/internal/discover.go:342.2,342.12 1 0
github.com/OpenSIN-Code/SIN-Code-Bundle/cmd/sin-code/internal/discover.go:345.13,350.2 4 1
github.com/OpenSIN-Code/SIN-Code-Bundle/cmd/sin-code/internal/edit.go:54.54,56.17 2 0
github.com/OpenSIN-Code/SIN-Code-Bundle/cmd/sin-code/internal/edit.go:56.17,58.4 1 0
github.com/OpenSIN-Code/SIN-Code-Bundle/cmd/sin-code/internal/edit.go:59.3,67.17 3 0
github.com/OpenSIN-Code/SIN-Code-Bundle/cmd/sin-code/internal/edit.go:67.17,69.4 1 0
github.com/OpenSIN-Code/SIN-Code-Bundle/cmd/sin-code/internal/edit.go:70.3,70.27 1 0
github.com/OpenSIN-Code/SIN-Code-Bundle/cmd/sin-code/internal/edit.go:70.27,74.4 3 0
github.com/OpenSIN-Code/SIN-Code-Bundle/cmd/sin-code/internal/edit.go:75.3,75.20 1 0
github.com/OpenSIN-Code/SIN-Code-Bundle/cmd/sin-code/internal/edit.go:75.20,78.4 2 0
github.com/OpenSIN-Code/SIN-Code-Bundle/cmd/sin-code/internal/edit.go:79.3,80.24 2 0
github.com/OpenSIN-Code/SIN-Code-Bundle/cmd/sin-code/internal/edit.go:80.24,82.4 1 0
github.com/OpenSIN-Code/SIN-Code-Bundle/cmd/sin-code/internal/edit.go:83.3,83.13 1 0
github.com/OpenSIN-Code/SIN-Code-Bundle/cmd/sin-code/internal/edit.go:87.13,101.2 13 1
github.com/OpenSIN-Code/SIN-Code-Bundle/cmd/sin-code/internal/edit.go:127.67,132.63 5 0
github.com/OpenSIN-Code/SIN-Code-Bundle/cmd/sin-code/internal/edit.go:132.63,133.8 1 0
github.com/OpenSIN-Code/SIN-Code-Bundle/cmd/sin-code/internal/edit.go:133.8,135.4 1 0
github.com/OpenSIN-Code/SIN-Code-Bundle/cmd/sin-code/internal/edit.go:137.2,137.16 1 0
github.com/OpenSIN-Code/SIN-Code-Bundle/cmd/sin-code/internal/edit.go:137.16,139.3 1 0
github.com/OpenSIN-Code/SIN-Code-Bundle/cmd/sin-code/internal/edit.go:141.2,142.16 2 0
github.com/OpenSIN-Code/SIN-Code-Bundle/cmd/sin-code/internal/edit.go:142.16,144.3 1 0
github.com/OpenSIN-Code/SIN-Code-Bundle/cmd/sin-code/internal/edit.go:145.2,151.9 5 0
github.com/OpenSIN-Code/SIN-Code-Bundle/cmd/sin-code/internal/edit.go:152.18,153.66 1 0
github.com/OpenSIN-Code/SIN-Code-Bundle/cmd/sin-code/internal/edit.go:154.18,155.50 1 0
github.com/OpenSIN-Code/SIN-Code-Bundle/cmd/sin-code/internal/edit.go:156.10,157.73 1 0
github.com/OpenSIN-Code/SIN-Code-Bundle/cmd/sin-code/internal/edit.go:159.2,159.16 1 0
github.com/OpenSIN-Code/SIN-Code-Bundle/cmd/sin-code/internal/edit.go:159.16,161.3 1 0
github.com/OpenSIN-Code/SIN-Code-Bundle/cmd/sin-code/internal/edit.go:163.2,167.18 4 0
github.com/OpenSIN-Code/SIN-Code-Bundle/cmd/sin-code/internal/edit.go:167.18,168.58 1 0
github.com/OpenSIN-Code/SIN-Code-Bundle/cmd/sin-code/internal/edit.go:168.58,170.4 1 0
github.com/OpenSIN-Code/SIN-Code-Bundle/cmd/sin-code/internal/edit.go:172.2,172.16 1 0
github.com/OpenSIN-Code/SIN-Code-Bundle/cmd/sin-code/internal/edit.go:172.16,174.3 1 0
github.com/OpenSIN-Code/SIN-Code-Bundle/cmd/sin-code/internal/edit.go:175.2,175.89 1 0
github.com/OpenSIN-Code/SIN-Code-Bundle/cmd/sin-code/internal/edit.go:175.89,177.3 1 0
github.com/OpenSIN-Code/SIN-Code-Bundle/cmd/sin-code/internal/edit.go:178.2,178.17 1 0
github.com/OpenSIN-Code/SIN-Code-Bundle/cmd/sin-code/internal/edit.go:181.90,183.16 2 0
github.com/OpenSIN-Code/SIN-Code-Bundle/cmd/sin-code/internal/edit.go:183.16,185.3 1 0
github.com/OpenSIN-Code/SIN-Code-Bundle/cmd/sin-code/internal/edit.go:186.2,187.16 2 0
github.com/OpenSIN-Code/SIN-Code-Bundle/cmd/sin-code/internal/edit.go:187.16,189.3 1 0
github.com/OpenSIN-Code/SIN-Code-Bundle/cmd/sin-code/internal/edit.go:190.2,193.25 3 0
github.com/OpenSIN-Code/SIN-Code-Bundle/cmd/sin-code/internal/edit.go:193.25,195.17 2 0
github.com/OpenSIN-Code/SIN-Code-Bundle/cmd/sin-code/internal/edit.go:195.17,197.4 1 0
github.com/OpenSIN-Code/SIN-Code-Bundle/cmd/sin-code/internal/edit.go:198.3,199.17 2 0
github.com/OpenSIN-Code/SIN-Code-Bundle/cmd/sin-code/internal/edit.go:199.17,201.4 1 0
github.com/OpenSIN-Code/SIN-Code-Bundle/cmd/sin-code/internal/edit.go:202.3,202.24 1 0
github.com/OpenSIN-Code/SIN-Code-Bundle/cmd/sin-code/internal/edit.go:202.24,204.4 1 0
github.com/OpenSIN-Code/SIN-Code-Bundle/cmd/sin-code/internal/edit.go:207.2,208.23 2 0
github.com/OpenSIN-Code/SIN-Code-Bundle/cmd/sin-code/internal/edit.go:208.23,210.3 1 0
github.com/OpenSIN-Code/SIN-Code-Bundle/cmd/sin-code/internal/edit.go:210.8,210.50 1 0
github.com/OpenSIN-Code/SIN-Code-Bundle/cmd/sin-code/internal/edit.go:210.50,212.3 1 0
github.com/OpenSIN-Code/SIN-Code-Bundle/cmd/sin-code/internal/edit.go:214.2,215.9 2 0
github.com/OpenSIN-Code/SIN-Code-Bundle/cmd/sin-code/internal/edit.go:216.18,219.41 3 0
github.com/OpenSIN-Code/SIN-Code-Bundle/cmd/sin-code/internal/edit.go:220.30,221.25 1 0
github.com/OpenSIN-Code/SIN-Code-Bundle/cmd/sin-code/internal/edit.go:221.25,223.4 1 0
github.com/OpenSIN-Code/SIN-Code-Bundle/cmd/sin-code/internal/edit.go:224.3,227.41 4 0
github.com/OpenSIN-Code/SIN-Code-Bundle/cmd/sin-code/internal/edit.go:228.29,229.25 1 0
github.com/OpenSIN-Code/SIN-Code-Bundle/cmd/sin-code/internal/edit.go:229.25,231.4 1 0
github.com/OpenSIN-Code/SIN-Code-Bundle/cmd/sin-code/internal/edit.go:232.3,235.41 4 0
github.com/OpenSIN-Code/SIN-Code-Bundle/cmd/sin-code/internal/edit.go:236.24,237.82 1 0
github.com/OpenSIN-Code/SIN-Code-Bundle/cmd/sin-code/internal/edit.go:238.10,239.24 1 0
github.com/OpenSIN-Code/SIN-Code-Bundle/cmd/sin-code/internal/edit.go:239.24,241.4 1 0
github.com/OpenSIN-Code/SIN-Code-Bundle/cmd/sin-code/internal/edit.go:242.3,245.41 4 0
github.com/OpenSIN-Code/SIN-Code-Bundle/cmd/sin-code/internal/edit.go:247.2,247.17 1 0
github.com/OpenSIN-Code/SIN-Code-Bundle/cmd/sin-code/internal/edit.go:250.125,252.16 2 0
github.com/OpenSIN-Code/SIN-Code-Bundle/cmd/sin-code/internal/edit.go:252.16,254.3 1 0
github.com/OpenSIN-Code/SIN-Code-Bundle/cmd/sin-code/internal/edit.go:255.2,255.34 1 0
github.com/OpenSIN-Code/SIN-Code-Bundle/cmd/sin-code/internal/edit.go:255.34,257.3 1 0
github.com/OpenSIN-Code/SIN-Code-Bundle/cmd/sin-code/internal/edit.go:259.2,260.20 2 0
github.com/OpenSIN-Code/SIN-Code-Bundle/cmd/sin-code/internal/edit.go:260.20,263.3 2 0
github.com/OpenSIN-Code/SIN-Code-Bundle/cmd/sin-code/internal/edit.go:263.8,266.3 2 0
github.com/OpenSIN-Code/SIN-Code-Bundle/cmd/sin-code/internal/edit.go:267.2,269.21 3 0
github.com/OpenSIN-Code/SIN-Code-Bundle/cmd/sin-code/internal/edit.go:272.113,274.30 2 0
github.com/OpenSIN-Code/SIN-Code-Bundle/cmd/sin-code/internal/edit.go:274.30,276.3 1 0
github.com/OpenSIN-Code/SIN-Code-Bundle/cmd/sin-code/internal/edit.go:277.2,278.20 2 0
github.com/OpenSIN-Code/SIN-Code-Bundle/cmd/sin-code/internal/edit.go:278.20,280.37 2 0
github.com/OpenSIN-Code/SIN-Code-Bundle/cmd/sin-code/internal/edit.go:280.37,282.4 1 0
github.com/OpenSIN-Code/SIN-Code-Bundle/cmd/sin-code/internal/edit.go:283.3,284.62 1 0
github.com/OpenSIN-Code/SIN-Code-Bundle/cmd/sin-code/internal/edit.go:286.2,286.19 1 0
github.com/OpenSIN-Code/SIN-Code-Bundle/cmd/sin-code/internal/edit.go:286.19,288.26 2 0
github.com/OpenSIN-Code/SIN-Code-Bundle/cmd/sin-code/internal/edit.go:288.26,290.4 1 0
github.com/OpenSIN-Code/SIN-Code-Bundle/cmd/sin-code/internal/edit.go:291.3,292.41 1 0
github.com/OpenSIN-Code/SIN-Code-Bundle/cmd/sin-code/internal/edit.go:294.2,296.63 3 0
github.com/OpenSIN-Code/SIN-Code-Bundle/cmd/sin-code/internal/edit.go:296.63,298.3 1 0
github.com/OpenSIN-Code/SIN-Code-Bundle/cmd/sin-code/internal/edit.go:300.2,301.23 2 0
github.com/OpenSIN-Code/SIN-Code-Bundle/cmd/sin-code/internal/edit.go:301.23,303.3 1 0
github.com/OpenSIN-Code/SIN-Code-Bundle/cmd/sin-code/internal/edit.go:305.2,306.9 2 0
github.com/OpenSIN-Code/SIN-Code-Bundle/cmd/sin-code/internal/edit.go:307.18,310.41 3 0
github.com/OpenSIN-Code/SIN-Code-Bundle/cmd/sin-code/internal/edit.go:311.30,312.25 1 0
github.com/OpenSIN-Code/SIN-Code-Bundle/cmd/sin-code/internal/edit.go:312.25,314.4 1 0
github.com/OpenSIN-Code/SIN-Code-Bundle/cmd/sin-code/internal/edit.go:315.3,318.41 4 0
github.com/OpenSIN-Code/SIN-Code-Bundle/cmd/sin-code/internal/edit.go:319.29,320.25 1 0
github.com/OpenSIN-Code/SIN-Code-Bundle/cmd/sin-code/internal/edit.go:320.25,322.4 1 0
github.com/OpenSIN-Code/SIN-Code-Bundle/cmd/sin-code/internal/edit.go:323.3,326.41 4 0
github.com/OpenSIN-Code/SIN-Code-Bundle/cmd/sin-code/internal/edit.go:327.24,328.82 1 0
github.com/OpenSIN-Code/SIN-Code-Bundle/cmd/sin-code/internal/edit.go:329.10,330.25 1 0
github.com/OpenSIN-Code/SIN-Code-Bundle/cmd/sin-code/internal/edit.go:330.25,332.4 1 0
github.com/OpenSIN-Code/SIN-Code-Bundle/cmd/sin-code/internal/edit.go:333.3,337.41 4 0
github.com/OpenSIN-Code/SIN-Code-Bundle/cmd/sin-code/internal/edit.go:339.2,339.17 1 0
github.com/OpenSIN-Code/SIN-Code-Bundle/cmd/sin-code/internal/edit.go:342.62,344.65 2 0
github.com/OpenSIN-Code/SIN-Code-Bundle/cmd/sin-code/internal/edit.go:344.65,346.3 1 0
github.com/OpenSIN-Code/SIN-Code-Bundle/cmd/sin-code/internal/edit.go:347.2,348.96 2 0
github.com/OpenSIN-Code/SIN-Code-Bundle/cmd/sin-code/internal/edit.go:348.96,350.3 1 0
github.com/OpenSIN-Code/SIN-Code-Bundle/cmd/sin-code/internal/edit.go:351.2,353.38 3 0
github.com/OpenSIN-Code/SIN-Code-Bundle/cmd/sin-code/internal/edit.go:353.38,355.3 1 0
github.com/OpenSIN-Code/SIN-Code-Bundle/cmd/sin-code/internal/edit.go:357.2,359.16 3 0
github.com/OpenSIN-Code/SIN-Code-Bundle/cmd/sin-code/internal/edit.go:359.16,361.3 1 0
github.com/OpenSIN-Code/SIN-Code-Bundle/cmd/sin-code/internal/edit.go:362.2,363.25 2 0
github.com/OpenSIN-Code/SIN-Code-Bundle/cmd/sin-code/internal/edit.go:363.25,365.3 1 0
github.com/OpenSIN-Code/SIN-Code-Bundle/cmd/sin-code/internal/edit.go:367.2,370.35 4 0
github.com/OpenSIN-Code/SIN-Code-Bundle/cmd/sin-code/internal/edit.go:370.35,372.3 1 0
github.com/OpenSIN-Code/SIN-Code-Bundle/cmd/sin-code/internal/edit.go:373.2,373.33 1 0
github.com/OpenSIN-Code/SIN-Code-Bundle/cmd/sin-code/internal/edit.go:373.33,375.3 1 0
github.com/OpenSIN-Code/SIN-Code-Bundle/cmd/sin-code/internal/edit.go:376.2,376.33 1 0
github.com/OpenSIN-Code/SIN-Code-Bundle/cmd/sin-code/internal/edit.go:376.33,378.3 1 0
github.com/OpenSIN-Code/SIN-Code-Bundle/cmd/sin-code/internal/edit.go:379.2,379.32 1 0
github.com/OpenSIN-Code/SIN-Code-Bundle/cmd/sin-code/internal/edit.go:379.32,381.3 1 0
github.com/OpenSIN-Code/SIN-Code-Bundle/cmd/sin-code/internal/edit.go:382.2,382.21 1 0
github.com/OpenSIN-Code/SIN-Code-Bundle/cmd/sin-code/internal/efm.go:52.54,54.3 1 0
github.com/OpenSIN-Code/SIN-Code-Bundle/cmd/sin-code/internal/efm.go:74.89,79.16 4 0
github.com/OpenSIN-Code/SIN-Code-Bundle/cmd/sin-code/internal/efm.go:80.14,82.17 2 0
github.com/OpenSIN-Code/SIN-Code-Bundle/cmd/sin-code/internal/efm.go:82.17,85.4 2 0
github.com/OpenSIN-Code/SIN-Code-Bundle/cmd/sin-code/internal/efm.go:85.9,88.4 2 0
github.com/OpenSIN-Code/SIN-Code-Bundle/cmd/sin-code/internal/efm.go:89.12,90.18 1 0
github.com/OpenSIN-Code/SIN-Code-Bundle/cmd/sin-code/internal/efm.go:90.18,92.4 1 0
github.com/OpenSIN-Code/SIN-Code-Bundle/cmd/sin-code/internal/efm.go:93.3,94.17 2 0
github.com/OpenSIN-Code/SIN-Code-Bundle/cmd/sin-code/internal/efm.go:94.17,97.4 2 0
github.com/OpenSIN-Code/SIN-Code-Bundle/cmd/sin-code/internal/efm.go:97.9,101.4 3 0
github.com/OpenSIN-Code/SIN-Code-Bundle/cmd/sin-code/internal/efm.go:102.14,103.18 1 0
github.com/OpenSIN-Code/SIN-Code-Bundle/cmd/sin-code/internal/efm.go:103.18,105.4 1 0
github.com/OpenSIN-Code/SIN-Code-Bundle/cmd/sin-code/internal/efm.go:106.3,107.17 2 0
github.com/OpenSIN-Code/SIN-Code-Bundle/cmd/sin-code/internal/efm.go:107.17,110.4 2 0
github.com/OpenSIN-Code/SIN-Code-Bundle/cmd/sin-code/internal/efm.go:110.9,112.4 1 0
github.com/OpenSIN-Code/SIN-Code-Bundle/cmd/sin-code/internal/efm.go:113.16,114.18 1 0
github.com/OpenSIN-Code/SIN-Code-Bundle/cmd/sin-code/internal/efm.go:114.18,116.18 2 0
github.com/OpenSIN-Code/SIN-Code-Bundle/cmd/sin-code/internal/efm.go:116.18,119.5 2 0
github.com/OpenSIN-Code/SIN-Code-Bundle/cmd/sin-code/internal/efm.go:119.10,122.5 2 0
github.com/OpenSIN-Code/SIN-Code-Bundle/cmd/sin-code/internal/efm.go:123.9,125.18 2 0
github.com/OpenSIN-Code/SIN-Code-Bundle/cmd/sin-code/internal/efm.go:125.18,128.5 2 0
github.com/OpenSIN-Code/SIN-Code-Bundle/cmd/sin-code/internal/efm.go:128.10,130.5 1 0
github.com/OpenSIN-Code/SIN-Code-Bundle/cmd/sin-code/internal/efm.go:132.10,133.76 1 0
github.com/OpenSIN-Code/SIN-Code-Bundle/cmd/sin-code/internal/efm.go:136.2,138.22 2 0
github.com/OpenSIN-Code/SIN-Code-Bundle/cmd/sin-code/internal/efm.go:138.22,142.3 3 0
github.com/OpenSIN-Code/SIN-Code-Bundle/cmd/sin-code/internal/efm.go:143.2,143.30 1 0
github.com/OpenSIN-Code/SIN-Code-Bundle/cmd/sin-code/internal/efm.go:146.54,147.18 1 0
github.com/OpenSIN-Code/SIN-Code-Bundle/cmd/sin-code/internal/efm.go:148.13,149.15 1 0
github.com/OpenSIN-Code/SIN-Code-Bundle/cmd/sin-code/internal/efm.go:150.16,151.18 1 0
github.com/OpenSIN-Code/SIN-Code-Bundle/cmd/sin-code/internal/efm.go:152.18,153.34 1 0
github.com/OpenSIN-Code/SIN-Code-Bundle/cmd/sin-code/internal/efm.go:154.10,155.34 1 0
github.com/OpenSIN-Code/SIN-Code-Bundle/cmd/sin-code/internal/efm.go:159.38,160.25 1 0
github.com/OpenSIN-Code/SIN-Code-Bundle/cmd/sin-code/internal/efm.go:160.25,161.49 1 0
github.com/OpenSIN-Code/SIN-Code-Bundle/cmd/sin-code/internal/efm.go:161.49,163.4 1 0
github.com/OpenSIN-Code/SIN-Code-Bundle/cmd/sin-code/internal/efm.go:164.3,164.52 1 0
github.com/OpenSIN-Code/SIN-Code-Bundle/cmd/sin-code/internal/efm.go:164.52,166.4 1 0
github.com/OpenSIN-Code/SIN-Code-Bundle/cmd/sin-code/internal/efm.go:167.3,167.18 1 0
github.com/OpenSIN-Code/SIN-Code-Bundle/cmd/sin-code/internal/efm.go:169.2,169.51 1 0
github.com/OpenSIN-Code/SIN-Code-Bundle/cmd/sin-code/internal/efm.go:169.51,171.3 1 0
github.com/OpenSIN-Code/SIN-Code-Bundle/cmd/sin-code/internal/efm.go:172.2,172.17 1 0
github.com/OpenSIN-Code/SIN-Code-Bundle/cmd/sin-code/internal/efm.go:175.60,177.15 2 0
github.com/OpenSIN-Code/SIN-Code-Bundle/cmd/sin-code/internal/efm.go:177.15,179.3 1 0
github.com/OpenSIN-Code/SIN-Code-Bundle/cmd/sin-code/internal/efm.go:180.2,180.15 1 0
github.com/OpenSIN-Code/SIN-Code-Bundle/cmd/sin-code/internal/efm.go:180.15,182.3 1 0
github.com/OpenSIN-Code/SIN-Code-Bundle/cmd/sin-code/internal/efm.go:183.2,183.35 1 0
github.com/OpenSIN-Code/SIN-Code-Bundle/cmd/sin-code/internal/efm.go:186.64,187.35 1 0
github.com/OpenSIN-Code/SIN-Code-Bundle/cmd/sin-code/internal/efm.go:187.35,189.3 1 0
github.com/OpenSIN-Code/SIN-Code-Bundle/cmd/sin-code/internal/efm.go:190.2,190.48 1 0
github.com/OpenSIN-Code/SIN-Code-Bundle/cmd/sin-code/internal/efm.go:193.60,199.26 6 0
github.com/OpenSIN-Code/SIN-Code-Bundle/cmd/sin-code/internal/efm.go:199.26,200.45 1 0
github.com/OpenSIN-Code/SIN-Code-Bundle/cmd/sin-code/internal/efm.go:200.45,201.12 1 0
github.com/OpenSIN-Code/SIN-Code-Bundle/cmd/sin-code/internal/efm.go:203.3,206.17 4 0
github.com/OpenSIN-Code/SIN-Code-Bundle/cmd/sin-code/internal/efm.go:206.17,208.9 2 0
github.com/OpenSIN-Code/SIN-Code-Bundle/cmd/sin-code/internal/efm.go:210.3,210.16 1 0
github.com/OpenSIN-Code/SIN-Code-Bundle/cmd/sin-code/internal/efm.go:212.2,212.18 1 0
github.com/OpenSIN-Code/SIN-Code-Bundle/cmd/sin-code/internal/efm.go:212.18,213.21 1 0
github.com/OpenSIN-Code/SIN-Code-Bundle/cmd/sin-code/internal/efm.go:213.21,215.4 1 0
github.com/OpenSIN-Code/SIN-Code-Bundle/cmd/sin-code/internal/efm.go:216.3,216.80 1 0
github.com/OpenSIN-Code/SIN-Code-Bundle/cmd/sin-code/internal/efm.go:219.2,221.21 3 0
github.com/OpenSIN-Code/SIN-Code-Bundle/cmd/sin-code/internal/efm.go:221.21,223.22 2 0
github.com/OpenSIN-Code/SIN-Code-Bundle/cmd/sin-code/internal/efm.go:223.22,228.41 2 0
github.com/OpenSIN-Code/SIN-Code-Bundle/cmd/sin-code/internal/efm.go:228.41,230.5 1 0
github.com/OpenSIN-Code/SIN-Code-Bundle/cmd/sin-code/internal/efm.go:231.4,231.23 1 0
github.com/OpenSIN-Code/SIN-Code-Bundle/cmd/sin-code/internal/efm.go:231.23,233.5 1 0
github.com/OpenSIN-Code/SIN-Code-Bundle/cmd/sin-code/internal/efm.go:234.4,234.36 1 0
github.com/OpenSIN-Code/SIN-Code-Bundle/cmd/sin-code/internal/efm.go:237.2,237.22 1 0
github.com/OpenSIN-Code/SIN-Code-Bundle/cmd/sin-code/internal/efm.go:240.44,241.14 1 0
github.com/OpenSIN-Code/SIN-Code-Bundle/cmd/sin-code/internal/efm.go:241.14,243.3 1 0
github.com/OpenSIN-Code/SIN-Code-Bundle/cmd/sin-code/internal/efm.go:244.2,246.24 3 0
github.com/OpenSIN-Code/SIN-Code-Bundle/cmd/sin-code/internal/efm.go:246.24,247.26 1 0
github.com/OpenSIN-Code/SIN-Code-Bundle/cmd/sin-code/internal/efm.go:247.26,250.4 2 0
github.com/OpenSIN-Code/SIN-Code-Bundle/cmd/sin-code/internal/efm.go:252.2,252.17 1 0
github.com/OpenSIN-Code/SIN-Code-Bundle/cmd/sin-code/internal/efm.go:252.17,257.3 4 0
github.com/OpenSIN-Code/SIN-Code-Bundle/cmd/sin-code/internal/efm.go:257.8,260.21 3 0
github.com/OpenSIN-Code/SIN-Code-Bundle/cmd/sin-code/internal/efm.go:260.21,263.4 2 0
github.com/OpenSIN-Code/SIN-Code-Bundle/cmd/sin-code/internal/efm.go:265.2,265.14 1 0
github.com/OpenSIN-Code/SIN-Code-Bundle/cmd/sin-code/internal/efm.go:268.32,270.2 1 0
github.com/OpenSIN-Code/SIN-Code-Bundle/cmd/sin-code/internal/efm.go:272.46,273.30 1 0
github.com/OpenSIN-Code/SIN-Code-Bundle/cmd/sin-code/internal/efm.go:273.30,275.3 1 0
github.com/OpenSIN-Code/SIN-Code-Bundle/cmd/sin-code/internal/efm.go:276.2,276.11 1 0
github.com/OpenSIN-Code/SIN-Code-Bundle/cmd/sin-code/internal/efm.go:279.62,281.16 2 0
github.com/OpenSIN-Code/SIN-Code-Bundle/cmd/sin-code/internal/efm.go:281.16,283.3 1 0
github.com/OpenSIN-Code/SIN-Code-Bundle/cmd/sin-code/internal/efm.go:284.2,284.44 1 0
github.com/OpenSIN-Code/SIN-Code-Bundle/cmd/sin-code/internal/efm.go:284.44,286.3 1 0
github.com/OpenSIN-Code/SIN-Code-Bundle/cmd/sin-code/internal/efm.go:288.2,289.92 2 0
github.com/OpenSIN-Code/SIN-Code-Bundle/cmd/sin-code/internal/efm.go:289.92,291.3 1 0
github.com/OpenSIN-Code/SIN-Code-Bundle/cmd/sin-code/internal/efm.go:293.2,293.13 1 0
github.com/OpenSIN-Code/SIN-Code-Bundle/cmd/sin-code/internal/efm.go:293.13,306.3 6 0
github.com/OpenSIN-Code/SIN-Code-Bundle/cmd/sin-code/internal/efm.go:308.2,308.12 1 0
github.com/OpenSIN-Code/SIN-Code-Bundle/cmd/sin-code/internal/efm.go:311.55,313.16 2 0
github.com/OpenSIN-Code/SIN-Code-Bundle/cmd/sin-code/internal/efm.go:313.16,315.3 1 0
github.com/OpenSIN-Code/SIN-Code-Bundle/cmd/sin-code/internal/efm.go:316.2,316.44 1 0
github.com/OpenSIN-Code/SIN-Code-Bundle/cmd/sin-code/internal/efm.go:316.44,318.3 1 0
github.com/OpenSIN-Code/SIN-Code-Bundle/cmd/sin-code/internal/efm.go:320.2,321.88 2 0
github.com/OpenSIN-Code/SIN-Code-Bundle/cmd/sin-code/internal/efm.go:321.88,323.3 1 0
github.com/OpenSIN-Code/SIN-Code-Bundle/cmd/sin-code/internal/efm.go:325.2,329.12 4 0
github.com/OpenSIN-Code/SIN-Code-Bundle/cmd/sin-code/internal/efm.go:332.67,334.16 2 0
github.com/OpenSIN-Code/SIN-Code-Bundle/cmd/sin-code/internal/efm.go:334.16,336.3 1 0
github.com/OpenSIN-Code/SIN-Code-Bundle/cmd/sin-code/internal/efm.go:337.2,337.44 1 0
github.com/OpenSIN-Code/SIN-Code-Bundle/cmd/sin-code/internal/efm.go:337.44,339.3 1 0
github.com/OpenSIN-Code/SIN-Code-Bundle/cmd/sin-code/internal/efm.go:341.2,343.16 3 0
github.com/OpenSIN-Code/SIN-Code-Bundle/cmd/sin-code/internal/efm.go:343.16,345.3 1 0
github.com/OpenSIN-Code/SIN-Code-Bundle/cmd/sin-code/internal/efm.go:346.2,346.45 1 0
github.com/OpenSIN-Code/SIN-Code-Bundle/cmd/sin-code/internal/efm.go:349.77,352.26 3 0
github.com/OpenSIN-Code/SIN-Code-Bundle/cmd/sin-code/internal/efm.go:352.26,353.45 1 0
github.com/OpenSIN-Code/SIN-Code-Bundle/cmd/sin-code/internal/efm.go:353.45,354.12 1 0
github.com/OpenSIN-Code/SIN-Code-Bundle/cmd/sin-code/internal/efm.go:356.3,357.18 2 0
github.com/OpenSIN-Code/SIN-Code-Bundle/cmd/sin-code/internal/efm.go:357.18,359.4 1 0
github.com/OpenSIN-Code/SIN-Code-Bundle/cmd/sin-code/internal/efm.go:360.3,361.18 2 0
github.com/OpenSIN-Code/SIN-Code-Bundle/cmd/sin-code/internal/efm.go:361.18,364.4 2 0
github.com/OpenSIN-Code/SIN-Code-Bundle/cmd/sin-code/internal/efm.go:365.3,365.35 1 0
github.com/OpenSIN-Code/SIN-Code-Bundle/cmd/sin-code/internal/efm.go:365.35,367.12 2 0
github.com/OpenSIN-Code/SIN-Code-Bundle/cmd/sin-code/internal/efm.go:369.3,369.13 1 0
github.com/OpenSIN-Code/SIN-Code-Bundle/cmd/sin-code/internal/efm.go:371.2,371.20 1 0
github.com/OpenSIN-Code/SIN-Code-Bundle/cmd/sin-code/internal/efm.go:371.20,373.3 1 0
github.com/OpenSIN-Code/SIN-Code-Bundle/cmd/sin-code/internal/efm.go:374.2,374.74 1 0
github.com/OpenSIN-Code/SIN-Code-Bundle/cmd/sin-code/internal/efm.go:377.66,380.26 3 0
github.com/OpenSIN-Code/SIN-Code-Bundle/cmd/sin-code/internal/efm.go:380.26,381.45 1 0
github.com/OpenSIN-Code/SIN-Code-Bundle/cmd/sin-code/internal/efm.go:381.45,382.12 1 0
github.com/OpenSIN-Code/SIN-Code-Bundle/cmd/sin-code/internal/efm.go:384.3,385.18 2 0
github.com/OpenSIN-Code/SIN-Code-Bundle/cmd/sin-code/internal/efm.go:385.18,387.4 1 0
github.com/OpenSIN-Code/SIN-Code-Bundle/cmd/sin-code/internal/efm.go:388.3,390.17 3 0
github.com/OpenSIN-Code/SIN-Code-Bundle/cmd/sin-code/internal/efm.go:390.17,392.12 2 0
github.com/OpenSIN-Code/SIN-Code-Bundle/cmd/sin-code/internal/efm.go:394.3,394.18 1 0
github.com/OpenSIN-Code/SIN-Code-Bundle/cmd/sin-code/internal/efm.go:396.2,396.20 1 0
github.com/OpenSIN-Code/SIN-Code-Bundle/cmd/sin-code/internal/efm.go:396.20,398.3 1 0
github.com/OpenSIN-Code/SIN-Code-Bundle/cmd/sin-code/internal/efm.go:399.2,399.79 1 0
github.com/OpenSIN-Code/SIN-Code-Bundle/cmd/sin-code/internal/efm.go:402.44,404.63 2 0
github.com/OpenSIN-Code/SIN-Code-Bundle/cmd/sin-code/internal/efm.go:404.63,406.3 1 0
github.com/OpenSIN-Code/SIN-Code-Bundle/cmd/sin-code/internal/efm.go:407.2,408.31 2 0
github.com/OpenSIN-Code/SIN-Code-Bundle/cmd/sin-code/internal/efm.go:408.31,409.59 1 0
github.com/OpenSIN-Code/SIN-Code-Bundle/cmd/sin-code/internal/efm.go:409.59,411.9 2 0
github.com/OpenSIN-Code/SIN-Code-Bundle/cmd/sin-code/internal/efm.go:414.2,414.16 1 0
github.com/OpenSIN-Code/SIN-Code-Bundle/cmd/sin-code/internal/efm.go:414.16,416.3 1 0
github.com/OpenSIN-Code/SIN-Code-Bundle/cmd/sin-code/internal/efm.go:417.2,417.18 1 0
github.com/OpenSIN-Code/SIN-Code-Bundle/cmd/sin-code/internal/efm.go:420.71,423.31 3 0
github.com/OpenSIN-Code/SIN-Code-Bundle/cmd/sin-code/internal/efm.go:423.31,424.47 1 0
github.com/OpenSIN-Code/SIN-Code-Bundle/cmd/sin-code/internal/efm.go:424.47,426.4 1 0
github.com/OpenSIN-Code/SIN-Code-Bundle/cmd/sin-code/internal/efm.go:428.2,428.17 1 0
github.com/OpenSIN-Code/SIN-Code-Bundle/cmd/sin-code/internal/efm.go:431.39,433.21 2 0
github.com/OpenSIN-Code/SIN-Code-Bundle/cmd/sin-code/internal/efm.go:433.21,435.3 1 0
github.com/OpenSIN-Code/SIN-Code-Bundle/cmd/sin-code/internal/efm.go:436.2,436.19 1 0
github.com/OpenSIN-Code/SIN-Code-Bundle/cmd/sin-code/internal/efm.go:436.19,438.3 1 0
github.com/OpenSIN-Code/SIN-Code-Bundle/cmd/sin-code/internal/efm.go:439.2,440.22 2 0
github.com/OpenSIN-Code/SIN-Code-Bundle/cmd/sin-code/internal/efm.go:440.22,442.3 1 0
github.com/OpenSIN-Code/SIN-Code-Bundle/cmd/sin-code/internal/efm.go:444.2,444.19 1 0
github.com/OpenSIN-Code/SIN-Code-Bundle/cmd/sin-code/internal/efm.go:444.19,446.3 1 0
github.com/OpenSIN-Code/SIN-Code-Bundle/cmd/sin-code/internal/efm.go:448.2,448.25 1 0
github.com/OpenSIN-Code/SIN-Code-Bundle/cmd/sin-code/internal/efm.go:448.25,450.34 2 0
github.com/OpenSIN-Code/SIN-Code-Bundle/cmd/sin-code/internal/efm.go:450.34,452.23 2 0
github.com/OpenSIN-Code/SIN-Code-Bundle/cmd/sin-code/internal/efm.go:452.23,454.5 1 0
github.com/OpenSIN-Code/SIN-Code-Bundle/cmd/sin-code/internal/efm.go:455.4,455.48 1 0
github.com/OpenSIN-Code/SIN-Code-Bundle/cmd/sin-code/internal/efm.go:455.48,457.5 1 0
github.com/OpenSIN-Code/SIN-Code-Bundle/cmd/sin-code/internal/efm.go:458.4,458.17 1 0
github.com/OpenSIN-Code/SIN-Code-Bundle/cmd/sin-code/internal/efm.go:461.2,461.12 1 0
github.com/OpenSIN-Code/SIN-Code-Bundle/cmd/sin-code/internal/efm.go:464.13,470.2 5 1
github.com/OpenSIN-Code/SIN-Code-Bundle/cmd/sin-code/internal/execute.go:35.54,36.24 1 0
github.com/OpenSIN-Code/SIN-Code-Bundle/cmd/sin-code/internal/execute.go:36.24,38.4 1 0
github.com/OpenSIN-Code/SIN-Code-Bundle/cmd/sin-code/internal/execute.go:39.3,39.50 1 0
github.com/OpenSIN-Code/SIN-Code-Bundle/cmd/sin-code/internal/execute.go:39.50,41.4 1 0
github.com/OpenSIN-Code/SIN-Code-Bundle/cmd/sin-code/internal/execute.go:42.3,42.70 1 0
github.com/OpenSIN-Code/SIN-Code-Bundle/cmd/sin-code/internal/execute.go:56.80,61.31 3 0
github.com/OpenSIN-Code/SIN-Code-Bundle/cmd/sin-code/internal/execute.go:61.31,63.3 1 0
github.com/OpenSIN-Code/SIN-Code-Bundle/cmd/sin-code/internal/execute.go:63.8,65.3 1 0
github.com/OpenSIN-Code/SIN-Code-Bundle/cmd/sin-code/internal/execute.go:67.2,68.17 2 0
github.com/OpenSIN-Code/SIN-Code-Bundle/cmd/sin-code/internal/execute.go:68.17,72.3 3 0
github.com/OpenSIN-Code/SIN-Code-Bundle/cmd/sin-code/internal/execute.go:74.2,78.12 4 0
github.com/OpenSIN-Code/SIN-Code-Bundle/cmd/sin-code/internal/execute.go:78.12,81.3 2 0
github.com/OpenSIN-Code/SIN-Code-Bundle/cmd/sin-code/internal/execute.go:81.8,84.3 2 0
github.com/OpenSIN-Code/SIN-Code-Bundle/cmd/sin-code/internal/execute.go:86.2,97.60 8 0
github.com/OpenSIN-Code/SIN-Code-Bundle/cmd/sin-code/internal/execute.go:97.60,99.3 1 0
github.com/OpenSIN-Code/SIN-Code-Bundle/cmd/sin-code/internal/execute.go:101.2,103.16 3 0
github.com/OpenSIN-Code/SIN-Code-Bundle/cmd/sin-code/internal/execute.go:103.16,104.47 1 0
github.com/OpenSIN-Code/SIN-Code-Bundle/cmd/sin-code/internal/execute.go:104.47,106.45 2 0
github.com/OpenSIN-Code/SIN-Code-Bundle/cmd/sin-code/internal/execute.go:106.45,109.5 2 0
github.com/OpenSIN-Code/SIN-Code-Bundle/cmd/sin-code/internal/execute.go:109.10,111.5 1 0
github.com/OpenSIN-Code/SIN-Code-Bundle/cmd/sin-code/internal/execute.go:112.9,112.51 1 0
github.com/OpenSIN-Code/SIN-Code-Bundle/cmd/sin-code/internal/execute.go:112.51,115.4 2 0
github.com/OpenSIN-Code/SIN-Code-Bundle/cmd/sin-code/internal/execute.go:115.9,118.4 2 0
github.com/OpenSIN-Code/SIN-Code-Bundle/cmd/sin-code/internal/execute.go:121.2,121.12 1 0
github.com/OpenSIN-Code/SIN-Code-Bundle/cmd/sin-code/internal/execute.go:121.12,122.17 1 0
github.com/OpenSIN-Code/SIN-Code-Bundle/cmd/sin-code/internal/execute.go:122.17,124.4 1 0
github.com/OpenSIN-Code/SIN-Code-Bundle/cmd/sin-code/internal/execute.go:125.3,125.13 1 0
github.com/OpenSIN-Code/SIN-Code-Bundle/cmd/sin-code/internal/execute.go:128.2,136.20 2 0
github.com/OpenSIN-Code/SIN-Code-Bundle/cmd/sin-code/internal/execute.go:136.20,138.3 1 0
github.com/OpenSIN-Code/SIN-Code-Bundle/cmd/sin-code/internal/execute.go:140.2,140.22 1 0
github.com/OpenSIN-Code/SIN-Code-Bundle/cmd/sin-code/internal/execute.go:140.22,144.3 3 0
github.com/OpenSIN-Code/SIN-Code-Bundle/cmd/sin-code/internal/execute.go:146.2,149.25 4 0
github.com/OpenSIN-Code/SIN-Code-Bundle/cmd/sin-code/internal/execute.go:149.25,151.3 1 0
github.com/OpenSIN-Code/SIN-Code-Bundle/cmd/sin-code/internal/execute.go:152.2,152.25 1 0
github.com/OpenSIN-Code/SIN-Code-Bundle/cmd/sin-code/internal/execute.go:152.25,154.3 1 0
github.com/OpenSIN-Code/SIN-Code-Bundle/cmd/sin-code/internal/execute.go:155.2,155.24 1 0
github.com/OpenSIN-Code/SIN-Code-Bundle/cmd/sin-code/internal/execute.go:155.24,157.3 1 0
github.com/OpenSIN-Code/SIN-Code-Bundle/cmd/sin-code/internal/execute.go:158.2,158.12 1 0
github.com/OpenSIN-Code/SIN-Code-Bundle/cmd/sin-code/internal/execute.go:161.40,174.30 3 0
github.com/OpenSIN-Code/SIN-Code-Bundle/cmd/sin-code/internal/execute.go:174.30,175.33 1 0
github.com/OpenSIN-Code/SIN-Code-Bundle/cmd/sin-code/internal/execute.go:175.33,177.4 1 0
github.com/OpenSIN-Code/SIN-Code-Bundle/cmd/sin-code/internal/execute.go:181.2,181.107 1 0
github.com/OpenSIN-Code/SIN-Code-Bundle/cmd/sin-code/internal/execute.go:181.107,183.3 1 0
github.com/OpenSIN-Code/SIN-Code-Bundle/cmd/sin-code/internal/execute.go:185.2,185.12 1 0
github.com/OpenSIN-Code/SIN-Code-Bundle/cmd/sin-code/internal/execute.go:188.40,206.29 2 0
github.com/OpenSIN-Code/SIN-Code-Bundle/cmd/sin-code/internal/execute.go:206.29,208.3 1 0
github.com/OpenSIN-Code/SIN-Code-Bundle/cmd/sin-code/internal/execute.go:209.2,209.13 1 0
github.com/OpenSIN-Code/SIN-Code-Bundle/cmd/sin-code/internal/execute.go:212.56,225.36 2 0
github.com/OpenSIN-Code/SIN-Code-Bundle/cmd/sin-code/internal/execute.go:225.36,227.3 1 0
github.com/OpenSIN-Code/SIN-Code-Bundle/cmd/sin-code/internal/execute.go:228.2,228.38 1 0
github.com/OpenSIN-Code/SIN-Code-Bundle/cmd/sin-code/internal/execute.go:228.38,230.3 1 0
github.com/OpenSIN-Code/SIN-Code-Bundle/cmd/sin-code/internal/execute.go:231.2,231.24 1 0
github.com/OpenSIN-Code/SIN-Code-Bundle/cmd/sin-code/internal/execute.go:234.13,240.2 5 1
github.com/OpenSIN-Code/SIN-Code-Bundle/cmd/sin-code/internal/grasp.go:35.54,37.17 2 0
github.com/OpenSIN-Code/SIN-Code-Bundle/cmd/sin-code/internal/grasp.go:37.17,39.4 1 0
github.com/OpenSIN-Code/SIN-Code-Bundle/cmd/sin-code/internal/grasp.go:40.3,41.17 2 0
github.com/OpenSIN-Code/SIN-Code-Bundle/cmd/sin-code/internal/grasp.go:41.17,43.4 1 0
github.com/OpenSIN-Code/SIN-Code-Bundle/cmd/sin-code/internal/grasp.go:44.3,44.19 1 0
github.com/OpenSIN-Code/SIN-Code-Bundle/cmd/sin-code/internal/grasp.go:44.19,46.4 1 0
github.com/OpenSIN-Code/SIN-Code-Bundle/cmd/sin-code/internal/grasp.go:48.3,49.17 2 0
github.com/OpenSIN-Code/SIN-Code-Bundle/cmd/sin-code/internal/grasp.go:49.17,51.4 1 0
github.com/OpenSIN-Code/SIN-Code-Bundle/cmd/sin-code/internal/grasp.go:53.3,53.28 1 0
github.com/OpenSIN-Code/SIN-Code-Bundle/cmd/sin-code/internal/grasp.go:53.28,57.4 3 0
github.com/OpenSIN-Code/SIN-Code-Bundle/cmd/sin-code/internal/grasp.go:58.3,58.33 1 0
github.com/OpenSIN-Code/SIN-Code-Bundle/cmd/sin-code/internal/grasp.go:83.71,85.16 2 0
github.com/OpenSIN-Code/SIN-Code-Bundle/cmd/sin-code/internal/grasp.go:85.16,87.3 1 0
github.com/OpenSIN-Code/SIN-Code-Bundle/cmd/sin-code/internal/grasp.go:88.2,112.8 8 0
github.com/OpenSIN-Code/SIN-Code-Bundle/cmd/sin-code/internal/grasp.go:115.41,127.34 3 1
github.com/OpenSIN-Code/SIN-Code-Bundle/cmd/sin-code/internal/grasp.go:127.34,129.3 1 1
github.com/OpenSIN-Code/SIN-Code-Bundle/cmd/sin-code/internal/grasp.go:130.2,131.67 2 1
github.com/OpenSIN-Code/SIN-Code-Bundle/cmd/sin-code/internal/grasp.go:131.67,133.3 1 0
github.com/OpenSIN-Code/SIN-Code-Bundle/cmd/sin-code/internal/grasp.go:134.2,134.49 1 1
github.com/OpenSIN-Code/SIN-Code-Bundle/cmd/sin-code/internal/grasp.go:134.49,136.3 1 0
github.com/OpenSIN-Code/SIN-Code-Bundle/cmd/sin-code/internal/grasp.go:137.2,137.18 1 1
github.com/OpenSIN-Code/SIN-Code-Bundle/cmd/sin-code/internal/grasp.go:140.74,146.14 5 0
github.com/OpenSIN-Code/SIN-Code-Bundle/cmd/sin-code/internal/grasp.go:147.94,149.18 2 0
github.com/OpenSIN-Code/SIN-Code-Bundle/cmd/sin-code/internal/grasp.go:150.16,153.40 3 0
github.com/OpenSIN-Code/SIN-Code-Bundle/cmd/sin-code/internal/grasp.go:153.40,156.4 2 0
github.com/OpenSIN-Code/SIN-Code-Bundle/cmd/sin-code/internal/grasp.go:159.2,160.14 2 0
github.com/OpenSIN-Code/SIN-Code-Bundle/cmd/sin-code/internal/grasp.go:161.114,162.21 1 0
github.com/OpenSIN-Code/SIN-Code-Bundle/cmd/sin-code/internal/grasp.go:163.66,164.20 1 0
github.com/OpenSIN-Code/SIN-Code-Bundle/cmd/sin-code/internal/grasp.go:165.62,166.21 1 0
github.com/OpenSIN-Code/SIN-Code-Bundle/cmd/sin-code/internal/grasp.go:169.2,169.21 1 0
github.com/OpenSIN-Code/SIN-Code-Bundle/cmd/sin-code/internal/grasp.go:169.21,173.20 4 0
github.com/OpenSIN-Code/SIN-Code-Bundle/cmd/sin-code/internal/grasp.go:173.20,175.12 2 0
github.com/OpenSIN-Code/SIN-Code-Bundle/cmd/sin-code/internal/grasp.go:178.3,178.21 1 0
github.com/OpenSIN-Code/SIN-Code-Bundle/cmd/sin-code/internal/grasp.go:178.21,180.58 2 0
github.com/OpenSIN-Code/SIN-Code-Bundle/cmd/sin-code/internal/grasp.go:180.58,182.5 1 0
github.com/OpenSIN-Code/SIN-Code-Bundle/cmd/sin-code/internal/grasp.go:183.4,183.12 1 0
github.com/OpenSIN-Code/SIN-Code-Bundle/cmd/sin-code/internal/grasp.go:186.3,186.61 1 0
github.com/OpenSIN-Code/SIN-Code-Bundle/cmd/sin-code/internal/grasp.go:186.61,188.108 2 0
github.com/OpenSIN-Code/SIN-Code-Bundle/cmd/sin-code/internal/grasp.go:188.108,190.5 1 0
github.com/OpenSIN-Code/SIN-Code-Bundle/cmd/sin-code/internal/grasp.go:191.4,191.12 1 0
github.com/OpenSIN-Code/SIN-Code-Bundle/cmd/sin-code/internal/grasp.go:194.3,194.67 1 0
github.com/OpenSIN-Code/SIN-Code-Bundle/cmd/sin-code/internal/grasp.go:194.67,196.12 2 0
github.com/OpenSIN-Code/SIN-Code-Bundle/cmd/sin-code/internal/grasp.go:199.3,199.9 1 0
github.com/OpenSIN-Code/SIN-Code-Bundle/cmd/sin-code/internal/grasp.go:201.2,201.8 1 0
github.com/OpenSIN-Code/SIN-Code-Bundle/cmd/sin-code/internal/grasp.go:204.58,207.48 2 1
github.com/OpenSIN-Code/SIN-Code-Bundle/cmd/sin-code/internal/grasp.go:207.48,210.3 1 1
github.com/OpenSIN-Code/SIN-Code-Bundle/cmd/sin-code/internal/grasp.go:211.2,213.33 3 1
github.com/OpenSIN-Code/SIN-Code-Bundle/cmd/sin-code/internal/grasp.go:213.33,214.28 1 1
github.com/OpenSIN-Code/SIN-Code-Bundle/cmd/sin-code/internal/grasp.go:214.28,216.29 2 1
github.com/OpenSIN-Code/SIN-Code-Bundle/cmd/sin-code/internal/grasp.go:216.29,218.5 1 0
github.com/OpenSIN-Code/SIN-Code-Bundle/cmd/sin-code/internal/grasp.go:221.2,222.14 2 1
github.com/OpenSIN-Code/SIN-Code-Bundle/cmd/sin-code/internal/grasp.go:225.45,226.14 1 1
github.com/OpenSIN-Code/SIN-Code-Bundle/cmd/sin-code/internal/grasp.go:227.14,228.20 1 1
github.com/OpenSIN-Code/SIN-Code-Bundle/cmd/sin-code/internal/grasp.go:229.16,230.20 1 0
github.com/OpenSIN-Code/SIN-Code-Bundle/cmd/sin-code/internal/grasp.go:231.13,232.20 1 1
github.com/OpenSIN-Code/SIN-Code-Bundle/cmd/sin-code/internal/grasp.go:233.15,234.20 1 1
github.com/OpenSIN-Code/SIN-Code-Bundle/cmd/sin-code/internal/grasp.go:235.10,236.14 1 1
github.com/OpenSIN-Code/SIN-Code-Bundle/cmd/sin-code/internal/grasp.go:240.72,243.29 3 1
github.com/OpenSIN-Code/SIN-Code-Bundle/cmd/sin-code/internal/grasp.go:243.29,245.23 2 1
github.com/OpenSIN-Code/SIN-Code-Bundle/cmd/sin-code/internal/grasp.go:245.23,247.4 1 1
github.com/OpenSIN-Code/SIN-Code-Bundle/cmd/sin-code/internal/grasp.go:249.2,249.14 1 1
github.com/OpenSIN-Code/SIN-Code-Bundle/cmd/sin-code/internal/grasp.go:252.52,254.14 2 1
github.com/OpenSIN-Code/SIN-Code-Bundle/cmd/sin-code/internal/grasp.go:255.12,258.17 3 1
github.com/OpenSIN-Code/SIN-Code-Bundle/cmd/sin-code/internal/grasp.go:258.17,260.4 1 1
github.com/OpenSIN-Code/SIN-Code-Bundle/cmd/sin-code/internal/grasp.go:261.3,261.37 1 1
github.com/OpenSIN-Code/SIN-Code-Bundle/cmd/sin-code/internal/grasp.go:261.37,262.28 1 1
github.com/OpenSIN-Code/SIN-Code-Bundle/cmd/sin-code/internal/grasp.go:262.28,264.5 1 1
github.com/OpenSIN-Code/SIN-Code-Bundle/cmd/sin-code/internal/grasp.go:266.16,268.54 2 1
github.com/OpenSIN-Code/SIN-Code-Bundle/cmd/sin-code/internal/grasp.go:268.54,270.26 2 1
github.com/OpenSIN-Code/SIN-Code-Bundle/cmd/sin-code/internal/grasp.go:270.26,272.16 2 1
github.com/OpenSIN-Code/SIN-Code-Bundle/cmd/sin-code/internal/grasp.go:272.16,274.6 1 1
github.com/OpenSIN-Code/SIN-Code-Bundle/cmd/sin-code/internal/grasp.go:277.48,280.59 3 1
github.com/OpenSIN-Code/SIN-Code-Bundle/cmd/sin-code/internal/grasp.go:280.59,281.33 1 1
github.com/OpenSIN-Code/SIN-Code-Bundle/cmd/sin-code/internal/grasp.go:281.33,284.5 2 1
github.com/OpenSIN-Code/SIN-Code-Bundle/cmd/sin-code/internal/grasp.go:286.14,288.59 2 1
github.com/OpenSIN-Code/SIN-Code-Bundle/cmd/sin-code/internal/grasp.go:288.59,289.18 1 1
github.com/OpenSIN-Code/SIN-Code-Bundle/cmd/sin-code/internal/grasp.go:289.18,291.5 1 1
github.com/OpenSIN-Code/SIN-Code-Bundle/cmd/sin-code/internal/grasp.go:294.2,294.16 1 1
github.com/OpenSIN-Code/SIN-Code-Bundle/cmd/sin-code/internal/grasp.go:297.44,306.26 7 0
github.com/OpenSIN-Code/SIN-Code-Bundle/cmd/sin-code/internal/grasp.go:306.26,308.33 2 0
github.com/OpenSIN-Code/SIN-Code-Bundle/cmd/sin-code/internal/grasp.go:308.33,310.4 1 0
github.com/OpenSIN-Code/SIN-Code-Bundle/cmd/sin-code/internal/grasp.go:313.2,313.29 1 0
github.com/OpenSIN-Code/SIN-Code-Bundle/cmd/sin-code/internal/grasp.go:313.29,315.36 2 0
github.com/OpenSIN-Code/SIN-Code-Bundle/cmd/sin-code/internal/grasp.go:315.36,317.4 1 0
github.com/OpenSIN-Code/SIN-Code-Bundle/cmd/sin-code/internal/grasp.go:320.2,320.24 1 0
github.com/OpenSIN-Code/SIN-Code-Bundle/cmd/sin-code/internal/grasp.go:320.24,322.31 2 0
github.com/OpenSIN-Code/SIN-Code-Bundle/cmd/sin-code/internal/grasp.go:322.31,324.4 1 0
github.com/OpenSIN-Code/SIN-Code-Bundle/cmd/sin-code/internal/grasp.go:326.2,326.12 1 0
github.com/OpenSIN-Code/SIN-Code-Bundle/cmd/sin-code/internal/grasp.go:329.13,331.2 1 1
github.com/OpenSIN-Code/SIN-Code-Bundle/cmd/sin-code/internal/harvest.go:35.54,36.23 1 0
github.com/OpenSIN-Code/SIN-Code-Bundle/cmd/sin-code/internal/harvest.go:36.23,38.4 1 0
github.com/OpenSIN-Code/SIN-Code-Bundle/cmd/sin-code/internal/harvest.go:39.3,39.83 1 0
github.com/OpenSIN-Code/SIN-Code-Bundle/cmd/sin-code/internal/harvest.go:56.76,64.95 6 0
github.com/OpenSIN-Code/SIN-Code-Bundle/cmd/sin-code/internal/harvest.go:64.95,66.17 2 0
github.com/OpenSIN-Code/SIN-Code-Bundle/cmd/sin-code/internal/harvest.go:66.17,68.56 2 0
github.com/OpenSIN-Code/SIN-Code-Bundle/cmd/sin-code/internal/harvest.go:68.56,71.25 3 0
github.com/OpenSIN-Code/SIN-Code-Bundle/cmd/sin-code/internal/harvest.go:71.25,75.6 3 0
github.com/OpenSIN-Code/SIN-Code-Bundle/cmd/sin-code/internal/harvest.go:76.5,78.15 3 0
github.com/OpenSIN-Code/SIN-Code-Bundle/cmd/sin-code/internal/harvest.go:83.2,85.16 3 0
github.com/OpenSIN-Code/SIN-Code-Bundle/cmd/sin-code/internal/harvest.go:85.16,87.3 1 0
github.com/OpenSIN-Code/SIN-Code-Bundle/cmd/sin-code/internal/harvest.go:88.2,101.16 6 0
github.com/OpenSIN-Code/SIN-Code-Bundle/cmd/sin-code/internal/harvest.go:101.16,103.23 2 0
github.com/OpenSIN-Code/SIN-Code-Bundle/cmd/sin-code/internal/harvest.go:103.23,107.4 3 0
github.com/OpenSIN-Code/SIN-Code-Bundle/cmd/sin-code/internal/harvest.go:108.3,109.13 2 0
github.com/OpenSIN-Code/SIN-Code-Bundle/cmd/sin-code/internal/harvest.go:111.2,116.32 5 0
github.com/OpenSIN-Code/SIN-Code-Bundle/cmd/sin-code/internal/harvest.go:116.32,117.17 1 0
github.com/OpenSIN-Code/SIN-Code-Bundle/cmd/sin-code/internal/harvest.go:117.17,119.4 1 0
github.com/OpenSIN-Code/SIN-Code-Bundle/cmd/sin-code/internal/harvest.go:122.2,123.16 2 0
github.com/OpenSIN-Code/SIN-Code-Bundle/cmd/sin-code/internal/harvest.go:123.16,125.3 1 0
github.com/OpenSIN-Code/SIN-Code-Bundle/cmd/sin-code/internal/harvest.go:125.8,127.3 1 0
github.com/OpenSIN-Code/SIN-Code-Bundle/cmd/sin-code/internal/harvest.go:130.2,130.72 1 0
github.com/OpenSIN-Code/SIN-Code-Bundle/cmd/sin-code/internal/harvest.go:130.72,132.3 1 0
github.com/OpenSIN-Code/SIN-Code-Bundle/cmd/sin-code/internal/harvest.go:134.2,134.22 1 0
github.com/OpenSIN-Code/SIN-Code-Bundle/cmd/sin-code/internal/harvest.go:134.22,138.3 3 0
github.com/OpenSIN-Code/SIN-Code-Bundle/cmd/sin-code/internal/harvest.go:140.2,142.12 3 0
github.com/OpenSIN-Code/SIN-Code-Bundle/cmd/sin-code/internal/harvest.go:145.13,151.2 5 1
github.com/OpenSIN-Code/SIN-Code-Bundle/cmd/sin-code/internal/hashline.go:20.35,23.2 2 1
github.com/OpenSIN-Code/SIN-Code-Bundle/cmd/sin-code/internal/hashline.go:30.33,30.80 1 0
github.com/OpenSIN-Code/SIN-Code-Bundle/cmd/sin-code/internal/hashline.go:32.44,34.21 2 0
github.com/OpenSIN-Code/SIN-Code-Bundle/cmd/sin-code/internal/hashline.go:34.21,36.3 1 0
github.com/OpenSIN-Code/SIN-Code-Bundle/cmd/sin-code/internal/hashline.go:37.2,38.25 2 0
github.com/OpenSIN-Code/SIN-Code-Bundle/cmd/sin-code/internal/hashline.go:38.25,40.3 1 0
github.com/OpenSIN-Code/SIN-Code-Bundle/cmd/sin-code/internal/hashline.go:41.2,42.27 2 0
github.com/OpenSIN-Code/SIN-Code-Bundle/cmd/sin-code/internal/hashline.go:42.27,44.3 1 0
github.com/OpenSIN-Code/SIN-Code-Bundle/cmd/sin-code/internal/hashline.go:45.2,45.38 1 0
github.com/OpenSIN-Code/SIN-Code-Bundle/cmd/sin-code/internal/hashline.go:48.72,50.19 2 1
github.com/OpenSIN-Code/SIN-Code-Bundle/cmd/sin-code/internal/hashline.go:50.19,52.3 1 0
github.com/OpenSIN-Code/SIN-Code-Bundle/cmd/sin-code/internal/hashline.go:53.2,54.21 2 1
github.com/OpenSIN-Code/SIN-Code-Bundle/cmd/sin-code/internal/hashline.go:54.21,56.3 1 1
github.com/OpenSIN-Code/SIN-Code-Bundle/cmd/sin-code/internal/hashline.go:57.2,57.31 1 1
github.com/OpenSIN-Code/SIN-Code-Bundle/cmd/sin-code/internal/hashline.go:60.61,62.39 2 1
github.com/OpenSIN-Code/SIN-Code-Bundle/cmd/sin-code/internal/hashline.go:62.39,64.3 1 1
github.com/OpenSIN-Code/SIN-Code-Bundle/cmd/sin-code/internal/hashline.go:65.2,65.10 1 1
github.com/OpenSIN-Code/SIN-Code-Bundle/cmd/sin-code/internal/hashline.go:68.95,71.63 3 0
github.com/OpenSIN-Code/SIN-Code-Bundle/cmd/sin-code/internal/hashline.go:71.63,73.3 1 0
github.com/OpenSIN-Code/SIN-Code-Bundle/cmd/sin-code/internal/hashline.go:74.2,74.36 1 0
github.com/OpenSIN-Code/SIN-Code-Bundle/cmd/sin-code/internal/hashline.go:74.36,75.74 1 0
github.com/OpenSIN-Code/SIN-Code-Bundle/cmd/sin-code/internal/hashline.go:75.74,77.4 1 0
github.com/OpenSIN-Code/SIN-Code-Bundle/cmd/sin-code/internal/hashline.go:78.3,78.74 1 0
github.com/OpenSIN-Code/SIN-Code-Bundle/cmd/sin-code/internal/hashline.go:78.74,80.4 1 0
github.com/OpenSIN-Code/SIN-Code-Bundle/cmd/sin-code/internal/hashline.go:82.2,83.32 2 0
github.com/OpenSIN-Code/SIN-Code-Bundle/cmd/sin-code/internal/hashline.go:83.32,85.3 1 0
github.com/OpenSIN-Code/SIN-Code-Bundle/cmd/sin-code/internal/hashline.go:86.2,88.46 1 0
github.com/OpenSIN-Code/SIN-Code-Bundle/cmd/sin-code/internal/hashline.go:91.56,93.29 2 1
github.com/OpenSIN-Code/SIN-Code-Bundle/cmd/sin-code/internal/hashline.go:93.29,95.3 1 1
github.com/OpenSIN-Code/SIN-Code-Bundle/cmd/sin-code/internal/hashline.go:96.2,96.19 1 1
github.com/OpenSIN-Code/SIN-Code-Bundle/cmd/sin-code/internal/hashline.go:99.45,100.19 1 0
github.com/OpenSIN-Code/SIN-Code-Bundle/cmd/sin-code/internal/hashline.go:100.19,102.3 1 0
github.com/OpenSIN-Code/SIN-Code-Bundle/cmd/sin-code/internal/hashline.go:103.2,103.27 1 0
github.com/OpenSIN-Code/SIN-Code-Bundle/cmd/sin-code/internal/ibd.go:35.54,38.40 2 0
github.com/OpenSIN-Code/SIN-Code-Bundle/cmd/sin-code/internal/ibd.go:38.40,41.4 2 0
github.com/OpenSIN-Code/SIN-Code-Bundle/cmd/sin-code/internal/ibd.go:41.9,41.27 1 0
github.com/OpenSIN-Code/SIN-Code-Bundle/cmd/sin-code/internal/ibd.go:41.27,44.36 2 0
github.com/OpenSIN-Code/SIN-Code-Bundle/cmd/sin-code/internal/ibd.go:44.36,48.5 1 0
github.com/OpenSIN-Code/SIN-Code-Bundle/cmd/sin-code/internal/ibd.go:49.9,51.4 1 0
github.com/OpenSIN-Code/SIN-Code-Bundle/cmd/sin-code/internal/ibd.go:53.3,54.17 2 0
github.com/OpenSIN-Code/SIN-Code-Bundle/cmd/sin-code/internal/ibd.go:54.17,56.4 1 0
github.com/OpenSIN-Code/SIN-Code-Bundle/cmd/sin-code/internal/ibd.go:58.3,58.26 1 0
github.com/OpenSIN-Code/SIN-Code-Bundle/cmd/sin-code/internal/ibd.go:58.26,62.4 3 0
github.com/OpenSIN-Code/SIN-Code-Bundle/cmd/sin-code/internal/ibd.go:63.3,63.31 1 0
github.com/OpenSIN-Code/SIN-Code-Bundle/cmd/sin-code/internal/ibd.go:87.79,89.16 2 0
github.com/OpenSIN-Code/SIN-Code-Bundle/cmd/sin-code/internal/ibd.go:89.16,91.3 1 0
github.com/OpenSIN-Code/SIN-Code-Bundle/cmd/sin-code/internal/ibd.go:93.2,94.21 2 0
github.com/OpenSIN-Code/SIN-Code-Bundle/cmd/sin-code/internal/ibd.go:94.21,96.17 2 0
github.com/OpenSIN-Code/SIN-Code-Bundle/cmd/sin-code/internal/ibd.go:96.17,98.4 1 0
github.com/OpenSIN-Code/SIN-Code-Bundle/cmd/sin-code/internal/ibd.go:99.8,101.3 1 0
github.com/OpenSIN-Code/SIN-Code-Bundle/cmd/sin-code/internal/ibd.go:104.2,132.8 7 0
github.com/OpenSIN-Code/SIN-Code-Bundle/cmd/sin-code/internal/ibd.go:135.52,136.16 1 1
github.com/OpenSIN-Code/SIN-Code-Bundle/cmd/sin-code/internal/ibd.go:136.16,138.3 1 1
github.com/OpenSIN-Code/SIN-Code-Bundle/cmd/sin-code/internal/ibd.go:139.2,139.41 1 1
github.com/OpenSIN-Code/SIN-Code-Bundle/cmd/sin-code/internal/ibd.go:139.41,141.17 2 1
github.com/OpenSIN-Code/SIN-Code-Bundle/cmd/sin-code/internal/ibd.go:141.17,143.4 1 1
github.com/OpenSIN-Code/SIN-Code-Bundle/cmd/sin-code/internal/ibd.go:144.3,144.27 1 1
github.com/OpenSIN-Code/SIN-Code-Bundle/cmd/sin-code/internal/ibd.go:147.2,147.18 1 1
github.com/OpenSIN-Code/SIN-Code-Bundle/cmd/sin-code/internal/ibd.go:150.51,156.30 5 0
github.com/OpenSIN-Code/SIN-Code-Bundle/cmd/sin-code/internal/ibd.go:156.30,158.3 1 0
github.com/OpenSIN-Code/SIN-Code-Bundle/cmd/sin-code/internal/ibd.go:160.2,160.30 1 0
github.com/OpenSIN-Code/SIN-Code-Bundle/cmd/sin-code/internal/ibd.go:160.30,162.27 2 0
github.com/OpenSIN-Code/SIN-Code-Bundle/cmd/sin-code/internal/ibd.go:162.27,164.4 1 0
github.com/OpenSIN-Code/SIN-Code-Bundle/cmd/sin-code/internal/ibd.go:165.3,165.26 1 0
github.com/OpenSIN-Code/SIN-Code-Bundle/cmd/sin-code/internal/ibd.go:165.26,167.4 1 0
github.com/OpenSIN-Code/SIN-Code-Bundle/cmd/sin-code/internal/ibd.go:169.3,169.30 1 0
github.com/OpenSIN-Code/SIN-Code-Bundle/cmd/sin-code/internal/ibd.go:169.30,171.28 1 0
github.com/OpenSIN-Code/SIN-Code-Bundle/cmd/sin-code/internal/ibd.go:171.28,173.5 1 0
github.com/OpenSIN-Code/SIN-Code-Bundle/cmd/sin-code/internal/ibd.go:174.9,174.57 1 0
github.com/OpenSIN-Code/SIN-Code-Bundle/cmd/sin-code/internal/ibd.go:174.57,178.4 2 0
github.com/OpenSIN-Code/SIN-Code-Bundle/cmd/sin-code/internal/ibd.go:178.9,178.34 1 0
github.com/OpenSIN-Code/SIN-Code-Bundle/cmd/sin-code/internal/ibd.go:178.34,181.4 1 0
github.com/OpenSIN-Code/SIN-Code-Bundle/cmd/sin-code/internal/ibd.go:181.9,184.4 1 0
github.com/OpenSIN-Code/SIN-Code-Bundle/cmd/sin-code/internal/ibd.go:187.2,187.13 1 0
github.com/OpenSIN-Code/SIN-Code-Bundle/cmd/sin-code/internal/ibd.go:190.67,193.2 2 0
github.com/OpenSIN-Code/SIN-Code-Bundle/cmd/sin-code/internal/ibd.go:195.89,197.29 2 0
github.com/OpenSIN-Code/SIN-Code-Bundle/cmd/sin-code/internal/ibd.go:197.29,199.3 1 0
github.com/OpenSIN-Code/SIN-Code-Bundle/cmd/sin-code/internal/ibd.go:201.2,202.28 2 0
github.com/OpenSIN-Code/SIN-Code-Bundle/cmd/sin-code/internal/ibd.go:202.28,204.3 1 0
github.com/OpenSIN-Code/SIN-Code-Bundle/cmd/sin-code/internal/ibd.go:207.2,207.34 1 0
github.com/OpenSIN-Code/SIN-Code-Bundle/cmd/sin-code/internal/ibd.go:207.34,208.36 1 0
github.com/OpenSIN-Code/SIN-Code-Bundle/cmd/sin-code/internal/ibd.go:208.36,210.4 1 0
github.com/OpenSIN-Code/SIN-Code-Bundle/cmd/sin-code/internal/ibd.go:214.2,214.35 1 0
github.com/OpenSIN-Code/SIN-Code-Bundle/cmd/sin-code/internal/ibd.go:214.35,215.35 1 0
github.com/OpenSIN-Code/SIN-Code-Bundle/cmd/sin-code/internal/ibd.go:215.35,217.4 1 0
github.com/OpenSIN-Code/SIN-Code-Bundle/cmd/sin-code/internal/ibd.go:221.2,221.39 1 0
github.com/OpenSIN-Code/SIN-Code-Bundle/cmd/sin-code/internal/ibd.go:221.39,222.43 1 0
github.com/OpenSIN-Code/SIN-Code-Bundle/cmd/sin-code/internal/ibd.go:222.43,223.74 1 0
github.com/OpenSIN-Code/SIN-Code-Bundle/cmd/sin-code/internal/ibd.go:223.74,225.5 1 0
github.com/OpenSIN-Code/SIN-Code-Bundle/cmd/sin-code/internal/ibd.go:229.2,229.8 1 0
github.com/OpenSIN-Code/SIN-Code-Bundle/cmd/sin-code/internal/ibd.go:232.106,233.18 1 0
github.com/OpenSIN-Code/SIN-Code-Bundle/cmd/sin-code/internal/ibd.go:233.18,235.3 1 0
github.com/OpenSIN-Code/SIN-Code-Bundle/cmd/sin-code/internal/ibd.go:237.2,243.30 5 0
github.com/OpenSIN-Code/SIN-Code-Bundle/cmd/sin-code/internal/ibd.go:243.30,244.40 1 0
github.com/OpenSIN-Code/SIN-Code-Bundle/cmd/sin-code/internal/ibd.go:244.40,246.4 1 0
github.com/OpenSIN-Code/SIN-Code-Bundle/cmd/sin-code/internal/ibd.go:250.2,250.86 1 0
github.com/OpenSIN-Code/SIN-Code-Bundle/cmd/sin-code/internal/ibd.go:250.86,251.21 1 0
github.com/OpenSIN-Code/SIN-Code-Bundle/cmd/sin-code/internal/ibd.go:251.21,253.4 1 0
github.com/OpenSIN-Code/SIN-Code-Bundle/cmd/sin-code/internal/ibd.go:253.9,255.4 1 0
github.com/OpenSIN-Code/SIN-Code-Bundle/cmd/sin-code/internal/ibd.go:258.2,258.58 1 0
github.com/OpenSIN-Code/SIN-Code-Bundle/cmd/sin-code/internal/ibd.go:258.58,259.23 1 0
github.com/OpenSIN-Code/SIN-Code-Bundle/cmd/sin-code/internal/ibd.go:259.23,261.4 1 0
github.com/OpenSIN-Code/SIN-Code-Bundle/cmd/sin-code/internal/ibd.go:261.9,263.4 1 0
github.com/OpenSIN-Code/SIN-Code-Bundle/cmd/sin-code/internal/ibd.go:266.2,266.116 1 0
github.com/OpenSIN-Code/SIN-Code-Bundle/cmd/sin-code/internal/ibd.go:266.116,267.62 1 0
github.com/OpenSIN-Code/SIN-Code-Bundle/cmd/sin-code/internal/ibd.go:267.62,269.4 1 0
github.com/OpenSIN-Code/SIN-Code-Bundle/cmd/sin-code/internal/ibd.go:272.2,272.86 1 0
github.com/OpenSIN-Code/SIN-Code-Bundle/cmd/sin-code/internal/ibd.go:272.86,273.24 1 0
github.com/OpenSIN-Code/SIN-Code-Bundle/cmd/sin-code/internal/ibd.go:273.24,275.4 1 0
github.com/OpenSIN-Code/SIN-Code-Bundle/cmd/sin-code/internal/ibd.go:278.2,278.30 1 0
github.com/OpenSIN-Code/SIN-Code-Bundle/cmd/sin-code/internal/ibd.go:278.30,280.27 1 0
github.com/OpenSIN-Code/SIN-Code-Bundle/cmd/sin-code/internal/ibd.go:280.27,281.30 1 0
github.com/OpenSIN-Code/SIN-Code-Bundle/cmd/sin-code/internal/ibd.go:281.30,284.73 1 0
github.com/OpenSIN-Code/SIN-Code-Bundle/cmd/sin-code/internal/ibd.go:284.73,286.11 2 0
github.com/OpenSIN-Code/SIN-Code-Bundle/cmd/sin-code/internal/ibd.go:293.2,293.133 1 0
github.com/OpenSIN-Code/SIN-Code-Bundle/cmd/sin-code/internal/ibd.go:293.133,294.29 1 0
github.com/OpenSIN-Code/SIN-Code-Bundle/cmd/sin-code/internal/ibd.go:294.29,295.260 1 0
github.com/OpenSIN-Code/SIN-Code-Bundle/cmd/sin-code/internal/ibd.go:295.260,297.10 2 0
github.com/OpenSIN-Code/SIN-Code-Bundle/cmd/sin-code/internal/ibd.go:303.2,303.44 1 0
github.com/OpenSIN-Code/SIN-Code-Bundle/cmd/sin-code/internal/ibd.go:303.44,304.29 1 0
github.com/OpenSIN-Code/SIN-Code-Bundle/cmd/sin-code/internal/ibd.go:304.29,305.85 1 0
github.com/OpenSIN-Code/SIN-Code-Bundle/cmd/sin-code/internal/ibd.go:305.85,307.10 2 0
github.com/OpenSIN-Code/SIN-Code-Bundle/cmd/sin-code/internal/ibd.go:313.2,313.43 1 0
github.com/OpenSIN-Code/SIN-Code-Bundle/cmd/sin-code/internal/ibd.go:313.43,314.29 1 0
github.com/OpenSIN-Code/SIN-Code-Bundle/cmd/sin-code/internal/ibd.go:314.29,315.114 1 0
github.com/OpenSIN-Code/SIN-Code-Bundle/cmd/sin-code/internal/ibd.go:315.114,317.10 2 0
github.com/OpenSIN-Code/SIN-Code-Bundle/cmd/sin-code/internal/ibd.go:322.2,322.17 1 0
github.com/OpenSIN-Code/SIN-Code-Bundle/cmd/sin-code/internal/ibd.go:322.17,324.3 1 0
github.com/OpenSIN-Code/SIN-Code-Bundle/cmd/sin-code/internal/ibd.go:325.2,325.15 1 0
github.com/OpenSIN-Code/SIN-Code-Bundle/cmd/sin-code/internal/ibd.go:325.15,327.3 1 0
github.com/OpenSIN-Code/SIN-Code-Bundle/cmd/sin-code/internal/ibd.go:330.2,331.17 2 0
github.com/OpenSIN-Code/SIN-Code-Bundle/cmd/sin-code/internal/ibd.go:331.17,333.3 1 0
github.com/OpenSIN-Code/SIN-Code-Bundle/cmd/sin-code/internal/ibd.go:333.8,333.24 1 0
github.com/OpenSIN-Code/SIN-Code-Bundle/cmd/sin-code/internal/ibd.go:333.24,335.3 1 0
github.com/OpenSIN-Code/SIN-Code-Bundle/cmd/sin-code/internal/ibd.go:335.8,335.24 1 0
github.com/OpenSIN-Code/SIN-Code-Bundle/cmd/sin-code/internal/ibd.go:335.24,337.3 1 0
github.com/OpenSIN-Code/SIN-Code-Bundle/cmd/sin-code/internal/ibd.go:339.2,339.21 1 0
github.com/OpenSIN-Code/SIN-Code-Bundle/cmd/sin-code/internal/ibd.go:342.40,344.25 2 0
github.com/OpenSIN-Code/SIN-Code-Bundle/cmd/sin-code/internal/ibd.go:344.25,345.47 1 0
github.com/OpenSIN-Code/SIN-Code-Bundle/cmd/sin-code/internal/ibd.go:345.47,347.4 1 0
github.com/OpenSIN-Code/SIN-Code-Bundle/cmd/sin-code/internal/ibd.go:349.2,349.14 1 0
github.com/OpenSIN-Code/SIN-Code-Bundle/cmd/sin-code/internal/ibd.go:352.38,354.25 2 0
github.com/OpenSIN-Code/SIN-Code-Bundle/cmd/sin-code/internal/ibd.go:354.25,355.24 1 0
github.com/OpenSIN-Code/SIN-Code-Bundle/cmd/sin-code/internal/ibd.go:355.24,357.4 1 0
github.com/OpenSIN-Code/SIN-Code-Bundle/cmd/sin-code/internal/ibd.go:359.2,359.14 1 0
github.com/OpenSIN-Code/SIN-Code-Bundle/cmd/sin-code/internal/ibd.go:362.40,364.25 2 0
github.com/OpenSIN-Code/SIN-Code-Bundle/cmd/sin-code/internal/ibd.go:364.25,365.26 1 0
github.com/OpenSIN-Code/SIN-Code-Bundle/cmd/sin-code/internal/ibd.go:365.26,367.4 1 0
github.com/OpenSIN-Code/SIN-Code-Bundle/cmd/sin-code/internal/ibd.go:369.2,369.14 1 0
github.com/OpenSIN-Code/SIN-Code-Bundle/cmd/sin-code/internal/ibd.go:372.45,386.27 11 0
github.com/OpenSIN-Code/SIN-Code-Bundle/cmd/sin-code/internal/ibd.go:386.27,388.36 2 0
github.com/OpenSIN-Code/SIN-Code-Bundle/cmd/sin-code/internal/ibd.go:388.36,390.4 1 0
github.com/OpenSIN-Code/SIN-Code-Bundle/cmd/sin-code/internal/ibd.go:393.2,393.29 1 0
github.com/OpenSIN-Code/SIN-Code-Bundle/cmd/sin-code/internal/ibd.go:393.29,395.38 2 0
github.com/OpenSIN-Code/SIN-Code-Bundle/cmd/sin-code/internal/ibd.go:395.38,397.4 1 0
github.com/OpenSIN-Code/SIN-Code-Bundle/cmd/sin-code/internal/ibd.go:400.2,400.30 1 0
github.com/OpenSIN-Code/SIN-Code-Bundle/cmd/sin-code/internal/ibd.go:400.30,402.39 2 0
github.com/OpenSIN-Code/SIN-Code-Bundle/cmd/sin-code/internal/ibd.go:402.39,404.4 1 0
github.com/OpenSIN-Code/SIN-Code-Bundle/cmd/sin-code/internal/ibd.go:407.2,408.12 2 0
github.com/OpenSIN-Code/SIN-Code-Bundle/cmd/sin-code/internal/ibd.go:411.13,419.2 7 1
github.com/OpenSIN-Code/SIN-Code-Bundle/cmd/sin-code/internal/index_cmd.go:22.13,28.2 5 1
github.com/OpenSIN-Code/SIN-Code-Bundle/cmd/sin-code/internal/index_cmd.go:34.54,36.20 2 0
github.com/OpenSIN-Code/SIN-Code-Bundle/cmd/sin-code/internal/index_cmd.go:36.20,38.4 1 0
github.com/OpenSIN-Code/SIN-Code-Bundle/cmd/sin-code/internal/index_cmd.go:39.3,40.17 2 0
github.com/OpenSIN-Code/SIN-Code-Bundle/cmd/sin-code/internal/index_cmd.go:40.17,42.4 1 0
github.com/OpenSIN-Code/SIN-Code-Bundle/cmd/sin-code/internal/index_cmd.go:43.3,44.17 2 0
github.com/OpenSIN-Code/SIN-Code-Bundle/cmd/sin-code/internal/index_cmd.go:44.17,46.4 1 0
github.com/OpenSIN-Code/SIN-Code-Bundle/cmd/sin-code/internal/index_cmd.go:47.3,47.40 1 0
github.com/OpenSIN-Code/SIN-Code-Bundle/cmd/sin-code/internal/index_cmd.go:47.40,49.4 1 0
github.com/OpenSIN-Code/SIN-Code-Bundle/cmd/sin-code/internal/index_cmd.go:50.3,52.13 3 0
github.com/OpenSIN-Code/SIN-Code-Bundle/cmd/sin-code/internal/index_cmd.go:60.54,62.20 2 0
github.com/OpenSIN-Code/SIN-Code-Bundle/cmd/sin-code/internal/index_cmd.go:62.20,64.4 1 0
github.com/OpenSIN-Code/SIN-Code-Bundle/cmd/sin-code/internal/index_cmd.go:65.3,66.17 2 0
github.com/OpenSIN-Code/SIN-Code-Bundle/cmd/sin-code/internal/index_cmd.go:66.17,68.4 1 0
github.com/OpenSIN-Code/SIN-Code-Bundle/cmd/sin-code/internal/index_cmd.go:69.3,70.17 2 0
github.com/OpenSIN-Code/SIN-Code-Bundle/cmd/sin-code/internal/index_cmd.go:70.17,72.4 1 0
github.com/OpenSIN-Code/SIN-Code-Bundle/cmd/sin-code/internal/index_cmd.go:73.3,73.15 1 0
github.com/OpenSIN-Code/SIN-Code-Bundle/cmd/sin-code/internal/index_cmd.go:73.15,76.4 2 0
github.com/OpenSIN-Code/SIN-Code-Bundle/cmd/sin-code/internal/index_cmd.go:77.3,78.17 2 0
github.com/OpenSIN-Code/SIN-Code-Bundle/cmd/sin-code/internal/index_cmd.go:78.17,80.4 1 0
github.com/OpenSIN-Code/SIN-Code-Bundle/cmd/sin-code/internal/index_cmd.go:81.3,81.40 1 0
github.com/OpenSIN-Code/SIN-Code-Bundle/cmd/sin-code/internal/index_cmd.go:81.40,83.4 1 0
github.com/OpenSIN-Code/SIN-Code-Bundle/cmd/sin-code/internal/index_cmd.go:84.3,86.13 3 0
github.com/OpenSIN-Code/SIN-Code-Bundle/cmd/sin-code/internal/index_cmd.go:94.54,96.20 2 0
github.com/OpenSIN-Code/SIN-Code-Bundle/cmd/sin-code/internal/index_cmd.go:96.20,98.4 1 0
github.com/OpenSIN-Code/SIN-Code-Bundle/cmd/sin-code/internal/index_cmd.go:99.3,100.17 2 0
github.com/OpenSIN-Code/SIN-Code-Bundle/cmd/sin-code/internal/index_cmd.go:100.17,102.4 1 0
github.com/OpenSIN-Code/SIN-Code-Bundle/cmd/sin-code/internal/index_cmd.go:103.3,104.17 2 0
github.com/OpenSIN-Code/SIN-Code-Bundle/cmd/sin-code/internal/index_cmd.go:104.17,106.4 1 0
github.com/OpenSIN-Code/SIN-Code-Bundle/cmd/sin-code/internal/index_cmd.go:107.3,107.33 1 0
github.com/OpenSIN-Code/SIN-Code-Bundle/cmd/sin-code/internal/index_cmd.go:107.33,110.4 2 0
github.com/OpenSIN-Code/SIN-Code-Bundle/cmd/sin-code/internal/index_cmd.go:111.3,114.13 4 0
github.com/OpenSIN-Code/SIN-Code-Bundle/cmd/sin-code/internal/index_cmd.go:129.54,131.20 2 0
github.com/OpenSIN-Code/SIN-Code-Bundle/cmd/sin-code/internal/index_cmd.go:131.20,133.4 1 0
github.com/OpenSIN-Code/SIN-Code-Bundle/cmd/sin-code/internal/index_cmd.go:134.3,135.17 2 0
github.com/OpenSIN-Code/SIN-Code-Bundle/cmd/sin-code/internal/index_cmd.go:135.17,137.4 1 0
github.com/OpenSIN-Code/SIN-Code-Bundle/cmd/sin-code/internal/index_cmd.go:138.3,138.27 1 0
github.com/OpenSIN-Code/SIN-Code-Bundle/cmd/sin-code/internal/index_cmd.go:138.27,139.71 1 0
github.com/OpenSIN-Code/SIN-Code-Bundle/cmd/sin-code/internal/index_cmd.go:139.71,141.5 1 0
github.com/OpenSIN-Code/SIN-Code-Bundle/cmd/sin-code/internal/index_cmd.go:142.4,143.18 2 0
github.com/OpenSIN-Code/SIN-Code-Bundle/cmd/sin-code/internal/index_cmd.go:143.18,145.5 1 0
github.com/OpenSIN-Code/SIN-Code-Bundle/cmd/sin-code/internal/index_cmd.go:146.4,146.16 1 0
github.com/OpenSIN-Code/SIN-Code-Bundle/cmd/sin-code/internal/index_cmd.go:146.16,148.19 2 0
github.com/OpenSIN-Code/SIN-Code-Bundle/cmd/sin-code/internal/index_cmd.go:148.19,150.6 1 0
github.com/OpenSIN-Code/SIN-Code-Bundle/cmd/sin-code/internal/index_cmd.go:151.10,153.19 2 0
github.com/OpenSIN-Code/SIN-Code-Bundle/cmd/sin-code/internal/index_cmd.go:153.19,155.6 1 0
github.com/OpenSIN-Code/SIN-Code-Bundle/cmd/sin-code/internal/index_cmd.go:157.4,157.41 1 0
github.com/OpenSIN-Code/SIN-Code-Bundle/cmd/sin-code/internal/index_cmd.go:157.41,159.5 1 0
github.com/OpenSIN-Code/SIN-Code-Bundle/cmd/sin-code/internal/index_cmd.go:160.4,161.34 2 0
github.com/OpenSIN-Code/SIN-Code-Bundle/cmd/sin-code/internal/index_cmd.go:170.54,172.20 2 0
github.com/OpenSIN-Code/SIN-Code-Bundle/cmd/sin-code/internal/index_cmd.go:172.20,174.4 1 0
github.com/OpenSIN-Code/SIN-Code-Bundle/cmd/sin-code/internal/index_cmd.go:175.3,176.17 2 0
github.com/OpenSIN-Code/SIN-Code-Bundle/cmd/sin-code/internal/index_cmd.go:176.17,178.4 1 0
github.com/OpenSIN-Code/SIN-Code-Bundle/cmd/sin-code/internal/index_cmd.go:179.3,180.61 2 0
github.com/OpenSIN-Code/SIN-Code-Bundle/cmd/sin-code/internal/index_cmd.go:180.61,182.4 1 0
github.com/OpenSIN-Code/SIN-Code-Bundle/cmd/sin-code/internal/index_cmd.go:183.3,185.13 3 0
github.com/OpenSIN-Code/SIN-Code-Bundle/cmd/sin-code/internal/index_store.go:21.73,21.98 1 1
github.com/OpenSIN-Code/SIN-Code-Bundle/cmd/sin-code/internal/index_store.go:22.47,22.67 1 1
github.com/OpenSIN-Code/SIN-Code-Bundle/cmd/sin-code/internal/index_store.go:77.45,77.64 1 0
github.com/OpenSIN-Code/SIN-Code-Bundle/cmd/sin-code/internal/index_store.go:79.53,84.2 4 0
github.com/OpenSIN-Code/SIN-Code-Bundle/cmd/sin-code/internal/index_store.go:86.70,90.9 4 0
github.com/OpenSIN-Code/SIN-Code-Bundle/cmd/sin-code/internal/index_store.go:90.9,92.3 1 0
github.com/OpenSIN-Code/SIN-Code-Bundle/cmd/sin-code/internal/index_store.go:93.2,93.24 1 0
github.com/OpenSIN-Code/SIN-Code-Bundle/cmd/sin-code/internal/index_store.go:96.64,100.24 4 1
github.com/OpenSIN-Code/SIN-Code-Bundle/cmd/sin-code/internal/index_store.go:100.24,102.3 1 0
github.com/OpenSIN-Code/SIN-Code-Bundle/cmd/sin-code/internal/index_store.go:103.2,104.31 2 1
github.com/OpenSIN-Code/SIN-Code-Bundle/cmd/sin-code/internal/index_store.go:104.31,105.18 1 1
github.com/OpenSIN-Code/SIN-Code-Bundle/cmd/sin-code/internal/index_store.go:105.18,106.12 1 0
github.com/OpenSIN-Code/SIN-Code-Bundle/cmd/sin-code/internal/index_store.go:108.3,108.28 1 1
github.com/OpenSIN-Code/SIN-Code-Bundle/cmd/sin-code/internal/index_store.go:108.28,109.12 1 0
github.com/OpenSIN-Code/SIN-Code-Bundle/cmd/sin-code/internal/index_store.go:111.3,112.27 2 1
github.com/OpenSIN-Code/SIN-Code-Bundle/cmd/sin-code/internal/index_store.go:112.27,113.36 1 1
github.com/OpenSIN-Code/SIN-Code-Bundle/cmd/sin-code/internal/index_store.go:113.36,115.10 2 1
github.com/OpenSIN-Code/SIN-Code-Bundle/cmd/sin-code/internal/index_store.go:118.3,118.10 1 1
github.com/OpenSIN-Code/SIN-Code-Bundle/cmd/sin-code/internal/index_store.go:118.10,120.4 1 1
github.com/OpenSIN-Code/SIN-Code-Bundle/cmd/sin-code/internal/index_store.go:122.2,122.16 1 1
github.com/OpenSIN-Code/SIN-Code-Bundle/cmd/sin-code/internal/index_store.go:125.77,129.31 4 1
github.com/OpenSIN-Code/SIN-Code-Bundle/cmd/sin-code/internal/index_store.go:129.31,130.18 1 1
github.com/OpenSIN-Code/SIN-Code-Bundle/cmd/sin-code/internal/index_store.go:130.18,131.12 1 0
github.com/OpenSIN-Code/SIN-Code-Bundle/cmd/sin-code/internal/index_store.go:133.3,133.34 1 1
github.com/OpenSIN-Code/SIN-Code-Bundle/cmd/sin-code/internal/index_store.go:133.34,134.40 1 1
github.com/OpenSIN-Code/SIN-Code-Bundle/cmd/sin-code/internal/index_store.go:134.40,135.13 1 0
github.com/OpenSIN-Code/SIN-Code-Bundle/cmd/sin-code/internal/index_store.go:137.4,137.80 1 1
github.com/OpenSIN-Code/SIN-Code-Bundle/cmd/sin-code/internal/index_store.go:137.80,139.10 2 1
github.com/OpenSIN-Code/SIN-Code-Bundle/cmd/sin-code/internal/index_store.go:143.2,143.16 1 1
github.com/OpenSIN-Code/SIN-Code-Bundle/cmd/sin-code/internal/index_store.go:146.54,150.27 4 0
github.com/OpenSIN-Code/SIN-Code-Bundle/cmd/sin-code/internal/index_store.go:150.27,152.3 1 0
github.com/OpenSIN-Code/SIN-Code-Bundle/cmd/sin-code/internal/index_store.go:153.2,153.12 1 0
github.com/OpenSIN-Code/SIN-Code-Bundle/cmd/sin-code/internal/index_store.go:156.35,160.2 3 0
github.com/OpenSIN-Code/SIN-Code-Bundle/cmd/sin-code/internal/index_store.go:162.45,166.31 4 1
github.com/OpenSIN-Code/SIN-Code-Bundle/cmd/sin-code/internal/index_store.go:166.31,168.3 1 1
github.com/OpenSIN-Code/SIN-Code-Bundle/cmd/sin-code/internal/index_store.go:169.2,177.3 1 1
github.com/OpenSIN-Code/SIN-Code-Bundle/cmd/sin-code/internal/index_store.go:180.47,184.2 3 0
github.com/OpenSIN-Code/SIN-Code-Bundle/cmd/sin-code/internal/index_store.go:186.37,190.2 3 0
github.com/OpenSIN-Code/SIN-Code-Bundle/cmd/sin-code/internal/index_store.go:194.54,196.16 2 1
github.com/OpenSIN-Code/SIN-Code-Bundle/cmd/sin-code/internal/index_store.go:196.16,198.3 1 0
github.com/OpenSIN-Code/SIN-Code-Bundle/cmd/sin-code/internal/index_store.go:199.2,200.33 2 1
github.com/OpenSIN-Code/SIN-Code-Bundle/cmd/sin-code/internal/index_store.go:200.33,204.3 3 1
github.com/OpenSIN-Code/SIN-Code-Bundle/cmd/sin-code/internal/index_store.go:205.2,205.12 1 1
github.com/OpenSIN-Code/SIN-Code-Bundle/cmd/sin-code/internal/index_store.go:208.45,210.17 2 1
github.com/OpenSIN-Code/SIN-Code-Bundle/cmd/sin-code/internal/index_store.go:210.17,212.3 1 0
github.com/OpenSIN-Code/SIN-Code-Bundle/cmd/sin-code/internal/index_store.go:213.2,214.34 2 1
github.com/OpenSIN-Code/SIN-Code-Bundle/cmd/sin-code/internal/index_store.go:214.34,218.3 3 1
github.com/OpenSIN-Code/SIN-Code-Bundle/cmd/sin-code/internal/index_store.go:219.2,220.22 2 1
github.com/OpenSIN-Code/SIN-Code-Bundle/cmd/sin-code/internal/index_store.go:220.22,222.3 1 1
github.com/OpenSIN-Code/SIN-Code-Bundle/cmd/sin-code/internal/index_store.go:223.2,223.12 1 1
github.com/OpenSIN-Code/SIN-Code-Bundle/cmd/sin-code/internal/index_store.go:228.36,230.2 1 1
github.com/OpenSIN-Code/SIN-Code-Bundle/cmd/sin-code/internal/index_store.go:232.53,239.16 4 1
github.com/OpenSIN-Code/SIN-Code-Bundle/cmd/sin-code/internal/index_store.go:239.16,240.25 1 1
github.com/OpenSIN-Code/SIN-Code-Bundle/cmd/sin-code/internal/index_store.go:240.25,242.4 1 1
github.com/OpenSIN-Code/SIN-Code-Bundle/cmd/sin-code/internal/index_store.go:243.3,243.18 1 1
github.com/OpenSIN-Code/SIN-Code-Bundle/cmd/sin-code/internal/index_store.go:245.2,248.40 4 0
github.com/OpenSIN-Code/SIN-Code-Bundle/cmd/sin-code/internal/index_store.go:248.40,250.3 1 0
github.com/OpenSIN-Code/SIN-Code-Bundle/cmd/sin-code/internal/index_store.go:251.2,253.31 3 0
github.com/OpenSIN-Code/SIN-Code-Bundle/cmd/sin-code/internal/index_store.go:253.31,255.3 1 0
github.com/OpenSIN-Code/SIN-Code-Bundle/cmd/sin-code/internal/index_store.go:256.2,256.17 1 0
github.com/OpenSIN-Code/SIN-Code-Bundle/cmd/sin-code/internal/index_store.go:259.42,263.59 4 1
github.com/OpenSIN-Code/SIN-Code-Bundle/cmd/sin-code/internal/index_store.go:263.59,265.3 1 0
github.com/OpenSIN-Code/SIN-Code-Bundle/cmd/sin-code/internal/index_store.go:266.2,272.31 2 1
github.com/OpenSIN-Code/SIN-Code-Bundle/cmd/sin-code/internal/index_store.go:272.31,274.30 2 1
github.com/OpenSIN-Code/SIN-Code-Bundle/cmd/sin-code/internal/index_store.go:274.30,276.4 1 1
github.com/OpenSIN-Code/SIN-Code-Bundle/cmd/sin-code/internal/index_store.go:277.3,285.4 1 1
github.com/OpenSIN-Code/SIN-Code-Bundle/cmd/sin-code/internal/index_store.go:287.2,289.16 3 1
github.com/OpenSIN-Code/SIN-Code-Bundle/cmd/sin-code/internal/index_store.go:289.16,291.3 1 1
github.com/OpenSIN-Code/SIN-Code-Bundle/cmd/sin-code/internal/index_store.go:292.2,293.49 2 1
github.com/OpenSIN-Code/SIN-Code-Bundle/cmd/sin-code/internal/index_store.go:293.49,297.3 3 0
github.com/OpenSIN-Code/SIN-Code-Bundle/cmd/sin-code/internal/index_store.go:298.2,298.42 1 1
github.com/OpenSIN-Code/SIN-Code-Bundle/cmd/sin-code/internal/index_store.go:298.42,301.3 2 0
github.com/OpenSIN-Code/SIN-Code-Bundle/cmd/sin-code/internal/index_store.go:302.2,302.26 1 1
github.com/OpenSIN-Code/SIN-Code-Bundle/cmd/sin-code/internal/index_store.go:307.54,308.31 1 1
github.com/OpenSIN-Code/SIN-Code-Bundle/cmd/sin-code/internal/index_store.go:308.31,310.3 1 1
github.com/OpenSIN-Code/SIN-Code-Bundle/cmd/sin-code/internal/index_store.go:311.2,321.75 4 1
github.com/OpenSIN-Code/SIN-Code-Bundle/cmd/sin-code/internal/index_store.go:321.75,322.17 1 1
github.com/OpenSIN-Code/SIN-Code-Bundle/cmd/sin-code/internal/index_store.go:322.17,324.4 1 0
github.com/OpenSIN-Code/SIN-Code-Bundle/cmd/sin-code/internal/index_store.go:325.3,325.19 1 1
github.com/OpenSIN-Code/SIN-Code-Bundle/cmd/sin-code/internal/index_store.go:325.19,327.182 2 1
github.com/OpenSIN-Code/SIN-Code-Bundle/cmd/sin-code/internal/index_store.go:327.182,329.5 1 0
github.com/OpenSIN-Code/SIN-Code-Bundle/cmd/sin-code/internal/index_store.go:330.4,330.37 1 1
github.com/OpenSIN-Code/SIN-Code-Bundle/cmd/sin-code/internal/index_store.go:330.37,332.5 1 0
github.com/OpenSIN-Code/SIN-Code-Bundle/cmd/sin-code/internal/index_store.go:333.4,333.14 1 1
github.com/OpenSIN-Code/SIN-Code-Bundle/cmd/sin-code/internal/index_store.go:335.3,335.25 1 1
github.com/OpenSIN-Code/SIN-Code-Bundle/cmd/sin-code/internal/index_store.go:335.25,337.4 1 0
github.com/OpenSIN-Code/SIN-Code-Bundle/cmd/sin-code/internal/index_store.go:338.3,339.36 2 1
github.com/OpenSIN-Code/SIN-Code-Bundle/cmd/sin-code/internal/index_store.go:339.36,341.4 1 0
github.com/OpenSIN-Code/SIN-Code-Bundle/cmd/sin-code/internal/index_store.go:342.3,343.13 2 1
github.com/OpenSIN-Code/SIN-Code-Bundle/cmd/sin-code/internal/index_store.go:346.2,354.35 6 1
github.com/OpenSIN-Code/SIN-Code-Bundle/cmd/sin-code/internal/index_store.go:354.35,356.13 2 1
github.com/OpenSIN-Code/SIN-Code-Bundle/cmd/sin-code/internal/index_store.go:356.13,358.24 2 1
github.com/OpenSIN-Code/SIN-Code-Bundle/cmd/sin-code/internal/index_store.go:358.24,361.5 2 1
github.com/OpenSIN-Code/SIN-Code-Bundle/cmd/sin-code/internal/index_store.go:365.2,365.12 1 1
github.com/OpenSIN-Code/SIN-Code-Bundle/cmd/sin-code/internal/index_store.go:365.12,366.29 1 1
github.com/OpenSIN-Code/SIN-Code-Bundle/cmd/sin-code/internal/index_store.go:366.29,368.4 1 1
github.com/OpenSIN-Code/SIN-Code-Bundle/cmd/sin-code/internal/index_store.go:369.3,369.14 1 1
github.com/OpenSIN-Code/SIN-Code-Bundle/cmd/sin-code/internal/index_store.go:372.2,372.12 1 1
github.com/OpenSIN-Code/SIN-Code-Bundle/cmd/sin-code/internal/index_store.go:372.12,375.3 2 1
github.com/OpenSIN-Code/SIN-Code-Bundle/cmd/sin-code/internal/index_store.go:377.2,377.26 1 1
github.com/OpenSIN-Code/SIN-Code-Bundle/cmd/sin-code/internal/index_store.go:377.26,379.3 1 1
github.com/OpenSIN-Code/SIN-Code-Bundle/cmd/sin-code/internal/index_store.go:381.2,381.17 1 1
github.com/OpenSIN-Code/SIN-Code-Bundle/cmd/sin-code/internal/index_store.go:384.66,387.16 3 1
github.com/OpenSIN-Code/SIN-Code-Bundle/cmd/sin-code/internal/index_store.go:387.16,389.3 1 0
github.com/OpenSIN-Code/SIN-Code-Bundle/cmd/sin-code/internal/index_store.go:390.2,396.17 2 1
github.com/OpenSIN-Code/SIN-Code-Bundle/cmd/sin-code/internal/index_store.go:396.17,398.3 1 0
github.com/OpenSIN-Code/SIN-Code-Bundle/cmd/sin-code/internal/index_store.go:399.2,400.16 2 1
github.com/OpenSIN-Code/SIN-Code-Bundle/cmd/sin-code/internal/index_store.go:400.16,402.3 1 0
github.com/OpenSIN-Code/SIN-Code-Bundle/cmd/sin-code/internal/index_store.go:403.2,408.48 5 1
github.com/OpenSIN-Code/SIN-Code-Bundle/cmd/sin-code/internal/index_store.go:408.48,410.3 1 1
github.com/OpenSIN-Code/SIN-Code-Bundle/cmd/sin-code/internal/index_store.go:411.2,411.38 1 1
github.com/OpenSIN-Code/SIN-Code-Bundle/cmd/sin-code/internal/index_store.go:411.38,418.3 1 1
github.com/OpenSIN-Code/SIN-Code-Bundle/cmd/sin-code/internal/index_store.go:419.2,419.11 1 1
github.com/OpenSIN-Code/SIN-Code-Bundle/cmd/sin-code/internal/index_store.go:424.44,424.57 1 0
github.com/OpenSIN-Code/SIN-Code-Bundle/cmd/sin-code/internal/index_store.go:425.44,425.56 1 0
github.com/OpenSIN-Code/SIN-Code-Bundle/cmd/sin-code/internal/index_store.go:426.44,426.56 1 0
github.com/OpenSIN-Code/SIN-Code-Bundle/cmd/sin-code/internal/index_store.go:427.44,427.66 1 0
github.com/OpenSIN-Code/SIN-Code-Bundle/cmd/sin-code/internal/index_store.go:428.44,428.60 1 0
github.com/OpenSIN-Code/SIN-Code-Bundle/cmd/sin-code/internal/index_store.go:429.44,429.58 1 0
github.com/OpenSIN-Code/SIN-Code-Bundle/cmd/sin-code/internal/index_store.go:433.73,434.33 1 1
github.com/OpenSIN-Code/SIN-Code-Bundle/cmd/sin-code/internal/index_store.go:434.33,436.3 1 1
github.com/OpenSIN-Code/SIN-Code-Bundle/cmd/sin-code/internal/index_store.go:437.2,441.75 4 1
github.com/OpenSIN-Code/SIN-Code-Bundle/cmd/sin-code/internal/index_store.go:441.75,442.17 1 1
github.com/OpenSIN-Code/SIN-Code-Bundle/cmd/sin-code/internal/index_store.go:442.17,444.4 1 0
github.com/OpenSIN-Code/SIN-Code-Bundle/cmd/sin-code/internal/index_store.go:445.3,445.19 1 1
github.com/OpenSIN-Code/SIN-Code-Bundle/cmd/sin-code/internal/index_store.go:445.19,447.182 2 1
github.com/OpenSIN-Code/SIN-Code-Bundle/cmd/sin-code/internal/index_store.go:447.182,449.5 1 1
github.com/OpenSIN-Code/SIN-Code-Bundle/cmd/sin-code/internal/index_store.go:450.4,450.37 1 1
github.com/OpenSIN-Code/SIN-Code-Bundle/cmd/sin-code/internal/index_store.go:450.37,452.5 1 0
github.com/OpenSIN-Code/SIN-Code-Bundle/cmd/sin-code/internal/index_store.go:453.4,453.14 1 1
github.com/OpenSIN-Code/SIN-Code-Bundle/cmd/sin-code/internal/index_store.go:455.3,455.25 1 1
github.com/OpenSIN-Code/SIN-Code-Bundle/cmd/sin-code/internal/index_store.go:455.25,457.4 1 0
github.com/OpenSIN-Code/SIN-Code-Bundle/cmd/sin-code/internal/index_store.go:458.3,459.36 2 1
github.com/OpenSIN-Code/SIN-Code-Bundle/cmd/sin-code/internal/index_store.go:459.36,461.4 1 0
github.com/OpenSIN-Code/SIN-Code-Bundle/cmd/sin-code/internal/index_store.go:462.3,463.13 2 1
github.com/OpenSIN-Code/SIN-Code-Bundle/cmd/sin-code/internal/index_store.go:466.2,470.38 3 1
github.com/OpenSIN-Code/SIN-Code-Bundle/cmd/sin-code/internal/index_store.go:470.38,471.39 1 1
github.com/OpenSIN-Code/SIN-Code-Bundle/cmd/sin-code/internal/index_store.go:471.39,476.4 4 1
github.com/OpenSIN-Code/SIN-Code-Bundle/cmd/sin-code/internal/index_store.go:477.3,477.68 1 1
github.com/OpenSIN-Code/SIN-Code-Bundle/cmd/sin-code/internal/index_store.go:477.68,480.4 2 1
github.com/OpenSIN-Code/SIN-Code-Bundle/cmd/sin-code/internal/index_store.go:484.2,485.27 2 1
github.com/OpenSIN-Code/SIN-Code-Bundle/cmd/sin-code/internal/index_store.go:485.27,486.36 1 1
github.com/OpenSIN-Code/SIN-Code-Bundle/cmd/sin-code/internal/index_store.go:486.36,489.4 2 0
github.com/OpenSIN-Code/SIN-Code-Bundle/cmd/sin-code/internal/index_store.go:491.2,494.32 2 1
github.com/OpenSIN-Code/SIN-Code-Bundle/cmd/sin-code/internal/index_store.go:494.32,497.3 2 1
github.com/OpenSIN-Code/SIN-Code-Bundle/cmd/sin-code/internal/index_store.go:499.2,499.33 1 1
github.com/OpenSIN-Code/SIN-Code-Bundle/cmd/sin-code/internal/index_store.go:509.62,513.60 3 1
github.com/OpenSIN-Code/SIN-Code-Bundle/cmd/sin-code/internal/index_store.go:513.60,515.3 1 1
github.com/OpenSIN-Code/SIN-Code-Bundle/cmd/sin-code/internal/index_store.go:516.2,517.16 2 1
github.com/OpenSIN-Code/SIN-Code-Bundle/cmd/sin-code/internal/index_store.go:517.16,519.3 1 1
github.com/OpenSIN-Code/SIN-Code-Bundle/cmd/sin-code/internal/index_store.go:520.2,521.24 2 1
github.com/OpenSIN-Code/SIN-Code-Bundle/cmd/sin-code/internal/index_store.go:524.39,528.2 3 1
github.com/OpenSIN-Code/SIN-Code-Bundle/cmd/sin-code/internal/lsp_cmd.go:53.13,65.148 10 1
github.com/OpenSIN-Code/SIN-Code-Bundle/cmd/sin-code/internal/lsp_cmd.go:65.148,67.3 1 1
github.com/OpenSIN-Code/SIN-Code-Bundle/cmd/sin-code/internal/lsp_cmd.go:68.2,77.91 10 1
github.com/OpenSIN-Code/SIN-Code-Bundle/cmd/sin-code/internal/lsp_cmd.go:83.54,85.22 2 0
github.com/OpenSIN-Code/SIN-Code-Bundle/cmd/sin-code/internal/lsp_cmd.go:85.22,89.4 3 0
github.com/OpenSIN-Code/SIN-Code-Bundle/cmd/sin-code/internal/lsp_cmd.go:90.3,90.28 1 0
github.com/OpenSIN-Code/SIN-Code-Bundle/cmd/sin-code/internal/lsp_cmd.go:90.28,92.4 1 0
github.com/OpenSIN-Code/SIN-Code-Bundle/cmd/sin-code/internal/lsp_cmd.go:93.3,94.27 2 0
github.com/OpenSIN-Code/SIN-Code-Bundle/cmd/sin-code/internal/lsp_cmd.go:94.27,96.4 1 0
github.com/OpenSIN-Code/SIN-Code-Bundle/cmd/sin-code/internal/lsp_cmd.go:97.3,97.13 1 0
github.com/OpenSIN-Code/SIN-Code-Bundle/cmd/sin-code/internal/lsp_cmd.go:106.54,107.88 1 0
github.com/OpenSIN-Code/SIN-Code-Bundle/cmd/sin-code/internal/lsp_cmd.go:107.88,109.18 2 0
github.com/OpenSIN-Code/SIN-Code-Bundle/cmd/sin-code/internal/lsp_cmd.go:109.18,111.5 1 0
github.com/OpenSIN-Code/SIN-Code-Bundle/cmd/sin-code/internal/lsp_cmd.go:112.4,112.25 1 0
github.com/OpenSIN-Code/SIN-Code-Bundle/cmd/sin-code/internal/lsp_cmd.go:121.54,123.88 2 0
github.com/OpenSIN-Code/SIN-Code-Bundle/cmd/sin-code/internal/lsp_cmd.go:123.88,125.4 1 0
github.com/OpenSIN-Code/SIN-Code-Bundle/cmd/sin-code/internal/lsp_cmd.go:133.54,134.88 1 0
github.com/OpenSIN-Code/SIN-Code-Bundle/cmd/sin-code/internal/lsp_cmd.go:134.88,136.4 1 0
github.com/OpenSIN-Code/SIN-Code-Bundle/cmd/sin-code/internal/lsp_cmd.go:144.54,145.88 1 0
github.com/OpenSIN-Code/SIN-Code-Bundle/cmd/sin-code/internal/lsp_cmd.go:145.88,146.24 1 0
github.com/OpenSIN-Code/SIN-Code-Bundle/cmd/sin-code/internal/lsp_cmd.go:146.24,148.5 1 0
github.com/OpenSIN-Code/SIN-Code-Bundle/cmd/sin-code/internal/lsp_cmd.go:149.4,149.78 1 0
github.com/OpenSIN-Code/SIN-Code-Bundle/cmd/sin-code/internal/lsp_cmd.go:158.54,159.79 1 0
github.com/OpenSIN-Code/SIN-Code-Bundle/cmd/sin-code/internal/lsp_cmd.go:159.79,161.4 1 0
github.com/OpenSIN-Code/SIN-Code-Bundle/cmd/sin-code/internal/lsp_cmd.go:169.54,170.79 1 0
github.com/OpenSIN-Code/SIN-Code-Bundle/cmd/sin-code/internal/lsp_cmd.go:170.79,172.4 1 0
github.com/OpenSIN-Code/SIN-Code-Bundle/cmd/sin-code/internal/lsp_cmd.go:180.54,181.79 1 0
github.com/OpenSIN-Code/SIN-Code-Bundle/cmd/sin-code/internal/lsp_cmd.go:181.79,183.18 2 0
github.com/OpenSIN-Code/SIN-Code-Bundle/cmd/sin-code/internal/lsp_cmd.go:183.18,185.5 1 0
github.com/OpenSIN-Code/SIN-Code-Bundle/cmd/sin-code/internal/lsp_cmd.go:186.4,187.147 2 0
github.com/OpenSIN-Code/SIN-Code-Bundle/cmd/sin-code/internal/lsp_cmd.go:192.118,193.51 1 1
github.com/OpenSIN-Code/SIN-Code-Bundle/cmd/sin-code/internal/lsp_cmd.go:193.51,195.3 1 1
github.com/OpenSIN-Code/SIN-Code-Bundle/cmd/sin-code/internal/lsp_cmd.go:196.2,196.48 1 1
github.com/OpenSIN-Code/SIN-Code-Bundle/cmd/sin-code/internal/lsp_cmd.go:196.48,198.3 1 1
github.com/OpenSIN-Code/SIN-Code-Bundle/cmd/sin-code/internal/lsp_cmd.go:199.2,200.16 2 1
github.com/OpenSIN-Code/SIN-Code-Bundle/cmd/sin-code/internal/lsp_cmd.go:200.16,202.3 1 1
github.com/OpenSIN-Code/SIN-Code-Bundle/cmd/sin-code/internal/lsp_cmd.go:203.2,205.16 3 1
github.com/OpenSIN-Code/SIN-Code-Bundle/cmd/sin-code/internal/lsp_cmd.go:205.16,207.3 1 1
github.com/OpenSIN-Code/SIN-Code-Bundle/cmd/sin-code/internal/lsp_cmd.go:208.2,208.16 1 1
github.com/OpenSIN-Code/SIN-Code-Bundle/cmd/sin-code/internal/lsp_cmd.go:208.16,210.3 1 1
github.com/OpenSIN-Code/SIN-Code-Bundle/cmd/sin-code/internal/lsp_cmd.go:211.2,212.16 2 1
github.com/OpenSIN-Code/SIN-Code-Bundle/cmd/sin-code/internal/lsp_cmd.go:212.16,214.3 1 1
github.com/OpenSIN-Code/SIN-Code-Bundle/cmd/sin-code/internal/lsp_cmd.go:215.2,215.61 1 1
github.com/OpenSIN-Code/SIN-Code-Bundle/cmd/sin-code/internal/lsp_cmd.go:215.61,217.3 1 1
github.com/OpenSIN-Code/SIN-Code-Bundle/cmd/sin-code/internal/lsp_cmd.go:218.2,219.16 2 1
github.com/OpenSIN-Code/SIN-Code-Bundle/cmd/sin-code/internal/lsp_cmd.go:219.16,221.3 1 1
github.com/OpenSIN-Code/SIN-Code-Bundle/cmd/sin-code/internal/lsp_cmd.go:222.2,222.27 1 1
github.com/OpenSIN-Code/SIN-Code-Bundle/cmd/sin-code/internal/lsp_cmd.go:222.27,224.3 1 1
github.com/OpenSIN-Code/SIN-Code-Bundle/cmd/sin-code/internal/lsp_cmd.go:225.2,226.12 2 1
github.com/OpenSIN-Code/SIN-Code-Bundle/cmd/sin-code/internal/lsp_cmd.go:229.109,230.52 1 1
github.com/OpenSIN-Code/SIN-Code-Bundle/cmd/sin-code/internal/lsp_cmd.go:230.52,232.3 1 1
github.com/OpenSIN-Code/SIN-Code-Bundle/cmd/sin-code/internal/lsp_cmd.go:233.2,234.16 2 1
github.com/OpenSIN-Code/SIN-Code-Bundle/cmd/sin-code/internal/lsp_cmd.go:234.16,236.3 1 1
github.com/OpenSIN-Code/SIN-Code-Bundle/cmd/sin-code/internal/lsp_cmd.go:237.2,239.16 3 1
github.com/OpenSIN-Code/SIN-Code-Bundle/cmd/sin-code/internal/lsp_cmd.go:239.16,241.3 1 1
github.com/OpenSIN-Code/SIN-Code-Bundle/cmd/sin-code/internal/lsp_cmd.go:242.2,242.16 1 1
github.com/OpenSIN-Code/SIN-Code-Bundle/cmd/sin-code/internal/lsp_cmd.go:242.16,244.3 1 1
github.com/OpenSIN-Code/SIN-Code-Bundle/cmd/sin-code/internal/lsp_cmd.go:245.2,246.16 2 1
github.com/OpenSIN-Code/SIN-Code-Bundle/cmd/sin-code/internal/lsp_cmd.go:246.16,248.3 1 1
github.com/OpenSIN-Code/SIN-Code-Bundle/cmd/sin-code/internal/lsp_cmd.go:249.2,249.61 1 1
github.com/OpenSIN-Code/SIN-Code-Bundle/cmd/sin-code/internal/lsp_cmd.go:249.61,251.3 1 1
github.com/OpenSIN-Code/SIN-Code-Bundle/cmd/sin-code/internal/lsp_cmd.go:252.2,253.16 2 1
github.com/OpenSIN-Code/SIN-Code-Bundle/cmd/sin-code/internal/lsp_cmd.go:253.16,255.3 1 1
github.com/OpenSIN-Code/SIN-Code-Bundle/cmd/sin-code/internal/lsp_cmd.go:256.2,256.27 1 1
github.com/OpenSIN-Code/SIN-Code-Bundle/cmd/sin-code/internal/lsp_cmd.go:256.27,258.3 1 1
github.com/OpenSIN-Code/SIN-Code-Bundle/cmd/sin-code/internal/lsp_cmd.go:259.2,260.12 2 1
github.com/OpenSIN-Code/SIN-Code-Bundle/cmd/sin-code/internal/lsp_cmd.go:263.54,264.19 1 1
github.com/OpenSIN-Code/SIN-Code-Bundle/cmd/sin-code/internal/lsp_cmd.go:264.19,266.3 1 1
github.com/OpenSIN-Code/SIN-Code-Bundle/cmd/sin-code/internal/lsp_cmd.go:267.2,267.13 1 1
github.com/OpenSIN-Code/SIN-Code-Bundle/cmd/sin-code/internal/lsp_cmd.go:267.13,268.20 1 1
github.com/OpenSIN-Code/SIN-Code-Bundle/cmd/sin-code/internal/lsp_cmd.go:268.20,270.18 2 1
github.com/OpenSIN-Code/SIN-Code-Bundle/cmd/sin-code/internal/lsp_cmd.go:270.18,272.5 1 1
github.com/OpenSIN-Code/SIN-Code-Bundle/cmd/sin-code/internal/lsp_cmd.go:273.4,273.15 1 1
github.com/OpenSIN-Code/SIN-Code-Bundle/cmd/sin-code/internal/lsp_cmd.go:275.3,275.20 1 1
github.com/OpenSIN-Code/SIN-Code-Bundle/cmd/sin-code/internal/lsp_cmd.go:275.20,277.18 2 1
github.com/OpenSIN-Code/SIN-Code-Bundle/cmd/sin-code/internal/lsp_cmd.go:277.18,279.5 1 0
github.com/OpenSIN-Code/SIN-Code-Bundle/cmd/sin-code/internal/lsp_cmd.go:280.4,280.14 1 1
github.com/OpenSIN-Code/SIN-Code-Bundle/cmd/sin-code/internal/lsp_cmd.go:283.2,283.12 1 1
github.com/OpenSIN-Code/SIN-Code-Bundle/cmd/sin-code/internal/lsp_cmd.go:290.104,292.16 2 1
github.com/OpenSIN-Code/SIN-Code-Bundle/cmd/sin-code/internal/lsp_cmd.go:292.16,295.17 3 1
github.com/OpenSIN-Code/SIN-Code-Bundle/cmd/sin-code/internal/lsp_cmd.go:295.17,297.4 1 1
github.com/OpenSIN-Code/SIN-Code-Bundle/cmd/sin-code/internal/lsp_cmd.go:299.2,300.16 2 1
github.com/OpenSIN-Code/SIN-Code-Bundle/cmd/sin-code/internal/lsp_cmd.go:300.16,302.3 1 0
github.com/OpenSIN-Code/SIN-Code-Bundle/cmd/sin-code/internal/lsp_cmd.go:303.2,303.37 1 1
github.com/OpenSIN-Code/SIN-Code-Bundle/cmd/sin-code/internal/lsp_cmd.go:303.37,305.3 1 0
github.com/OpenSIN-Code/SIN-Code-Bundle/cmd/sin-code/internal/lsp_cmd.go:306.2,306.38 1 1
github.com/OpenSIN-Code/SIN-Code-Bundle/cmd/sin-code/internal/lsp_cmd.go:306.38,308.3 1 1
github.com/OpenSIN-Code/SIN-Code-Bundle/cmd/sin-code/internal/lsp_cmd.go:309.2,311.29 3 1
github.com/OpenSIN-Code/SIN-Code-Bundle/cmd/sin-code/internal/lsp_cmd.go:311.29,313.3 1 1
github.com/OpenSIN-Code/SIN-Code-Bundle/cmd/sin-code/internal/lsp_cmd.go:314.2,314.28 1 1
github.com/OpenSIN-Code/SIN-Code-Bundle/cmd/sin-code/internal/lsp_cmd.go:314.28,316.3 1 0
github.com/OpenSIN-Code/SIN-Code-Bundle/cmd/sin-code/internal/lsp_cmd.go:317.2,317.48 1 1
github.com/OpenSIN-Code/SIN-Code-Bundle/cmd/sin-code/internal/lsp_cmd.go:320.34,321.39 1 1
github.com/OpenSIN-Code/SIN-Code-Bundle/cmd/sin-code/internal/lsp_cmd.go:321.39,323.17 2 1
github.com/OpenSIN-Code/SIN-Code-Bundle/cmd/sin-code/internal/lsp_cmd.go:323.17,325.4 1 1
github.com/OpenSIN-Code/SIN-Code-Bundle/cmd/sin-code/internal/lsp_cmd.go:327.2,327.12 1 0
github.com/OpenSIN-Code/SIN-Code-Bundle/cmd/sin-code/internal/lsp_cmd.go:330.35,332.2 1 0
github.com/OpenSIN-Code/SIN-Code-Bundle/cmd/sin-code/internal/lsp_cmd.go:334.42,335.25 1 1
github.com/OpenSIN-Code/SIN-Code-Bundle/cmd/sin-code/internal/lsp_cmd.go:336.22,337.18 1 1
github.com/OpenSIN-Code/SIN-Code-Bundle/cmd/sin-code/internal/lsp_cmd.go:337.18,340.4 2 0
github.com/OpenSIN-Code/SIN-Code-Bundle/cmd/sin-code/internal/lsp_cmd.go:341.3,341.25 1 1
github.com/OpenSIN-Code/SIN-Code-Bundle/cmd/sin-code/internal/lsp_cmd.go:341.25,343.4 1 1
github.com/OpenSIN-Code/SIN-Code-Bundle/cmd/sin-code/internal/lsp_cmd.go:344.18,345.15 1 1
github.com/OpenSIN-Code/SIN-Code-Bundle/cmd/sin-code/internal/lsp_cmd.go:345.15,348.4 2 0
github.com/OpenSIN-Code/SIN-Code-Bundle/cmd/sin-code/internal/lsp_cmd.go:349.3,349.33 1 1
github.com/OpenSIN-Code/SIN-Code-Bundle/cmd/sin-code/internal/lsp_cmd.go:350.28,351.18 1 1
github.com/OpenSIN-Code/SIN-Code-Bundle/cmd/sin-code/internal/lsp_cmd.go:351.18,354.4 2 0
github.com/OpenSIN-Code/SIN-Code-Bundle/cmd/sin-code/internal/lsp_cmd.go:355.3,355.23 1 1
github.com/OpenSIN-Code/SIN-Code-Bundle/cmd/sin-code/internal/lsp_cmd.go:355.23,357.4 1 1
github.com/OpenSIN-Code/SIN-Code-Bundle/cmd/sin-code/internal/lsp_cmd.go:358.26,359.15 1 1
github.com/OpenSIN-Code/SIN-Code-Bundle/cmd/sin-code/internal/lsp_cmd.go:359.15,362.4 2 0
github.com/OpenSIN-Code/SIN-Code-Bundle/cmd/sin-code/internal/lsp_cmd.go:363.3,363.37 1 1
github.com/OpenSIN-Code/SIN-Code-Bundle/cmd/sin-code/internal/lsp_cmd.go:363.37,364.28 1 1
github.com/OpenSIN-Code/SIN-Code-Bundle/cmd/sin-code/internal/lsp_cmd.go:364.28,366.5 1 1
github.com/OpenSIN-Code/SIN-Code-Bundle/cmd/sin-code/internal/lsp_cmd.go:368.22,369.23 1 1
github.com/OpenSIN-Code/SIN-Code-Bundle/cmd/sin-code/internal/lsp_cmd.go:369.23,371.4 1 1
github.com/OpenSIN-Code/SIN-Code-Bundle/cmd/sin-code/internal/lsp_cmd.go:372.22,374.25 2 0
github.com/OpenSIN-Code/SIN-Code-Bundle/cmd/sin-code/internal/lsp_cmd.go:375.10,377.25 2 0
github.com/OpenSIN-Code/SIN-Code-Bundle/cmd/sin-code/internal/map.go:31.54,33.20 2 0
github.com/OpenSIN-Code/SIN-Code-Bundle/cmd/sin-code/internal/map.go:33.20,35.4 1 0
github.com/OpenSIN-Code/SIN-Code-Bundle/cmd/sin-code/internal/map.go:36.3,37.17 2 0
github.com/OpenSIN-Code/SIN-Code-Bundle/cmd/sin-code/internal/map.go:37.17,39.4 1 0
github.com/OpenSIN-Code/SIN-Code-Bundle/cmd/sin-code/internal/map.go:40.3,41.17 2 0
github.com/OpenSIN-Code/SIN-Code-Bundle/cmd/sin-code/internal/map.go:41.17,43.4 1 0
github.com/OpenSIN-Code/SIN-Code-Bundle/cmd/sin-code/internal/map.go:44.3,44.20 1 0
github.com/OpenSIN-Code/SIN-Code-Bundle/cmd/sin-code/internal/map.go:44.20,46.4 1 0
github.com/OpenSIN-Code/SIN-Code-Bundle/cmd/sin-code/internal/map.go:48.3,49.17 2 0
github.com/OpenSIN-Code/SIN-Code-Bundle/cmd/sin-code/internal/map.go:49.17,51.4 1 0
github.com/OpenSIN-Code/SIN-Code-Bundle/cmd/sin-code/internal/map.go:53.3,53.26 1 0
github.com/OpenSIN-Code/SIN-Code-Bundle/cmd/sin-code/internal/map.go:53.26,57.4 3 0
github.com/OpenSIN-Code/SIN-Code-Bundle/cmd/sin-code/internal/map.go:58.3,58.31 1 0
github.com/OpenSIN-Code/SIN-Code-Bundle/cmd/sin-code/internal/map.go:96.63,109.82 12 0
github.com/OpenSIN-Code/SIN-Code-Bundle/cmd/sin-code/internal/map.go:109.82,110.33 1 0
github.com/OpenSIN-Code/SIN-Code-Bundle/cmd/sin-code/internal/map.go:110.33,111.35 1 0
github.com/OpenSIN-Code/SIN-Code-Bundle/cmd/sin-code/internal/map.go:111.35,113.183 2 0
github.com/OpenSIN-Code/SIN-Code-Bundle/cmd/sin-code/internal/map.go:113.183,115.6 1 0
github.com/OpenSIN-Code/SIN-Code-Bundle/cmd/sin-code/internal/map.go:117.5,118.32 2 0
github.com/OpenSIN-Code/SIN-Code-Bundle/cmd/sin-code/internal/map.go:118.32,120.6 1 0
github.com/OpenSIN-Code/SIN-Code-Bundle/cmd/sin-code/internal/map.go:122.4,122.14 1 0
github.com/OpenSIN-Code/SIN-Code-Bundle/cmd/sin-code/internal/map.go:125.3,129.209 4 0
github.com/OpenSIN-Code/SIN-Code-Bundle/cmd/sin-code/internal/map.go:129.209,131.4 1 0
github.com/OpenSIN-Code/SIN-Code-Bundle/cmd/sin-code/internal/map.go:132.3,133.270 2 0
github.com/OpenSIN-Code/SIN-Code-Bundle/cmd/sin-code/internal/map.go:133.270,135.4 1 0
github.com/OpenSIN-Code/SIN-Code-Bundle/cmd/sin-code/internal/map.go:136.3,136.221 1 0
github.com/OpenSIN-Code/SIN-Code-Bundle/cmd/sin-code/internal/map.go:136.221,138.4 1 0
github.com/OpenSIN-Code/SIN-Code-Bundle/cmd/sin-code/internal/map.go:140.3,142.42 3 0
github.com/OpenSIN-Code/SIN-Code-Bundle/cmd/sin-code/internal/map.go:142.42,147.25 5 0
github.com/OpenSIN-Code/SIN-Code-Bundle/cmd/sin-code/internal/map.go:147.25,149.32 2 0
github.com/OpenSIN-Code/SIN-Code-Bundle/cmd/sin-code/internal/map.go:149.32,151.6 1 0
github.com/OpenSIN-Code/SIN-Code-Bundle/cmd/sin-code/internal/map.go:157.3,158.81 2 0
github.com/OpenSIN-Code/SIN-Code-Bundle/cmd/sin-code/internal/map.go:158.81,161.4 2 0
github.com/OpenSIN-Code/SIN-Code-Bundle/cmd/sin-code/internal/map.go:162.3,163.19 2 0
github.com/OpenSIN-Code/SIN-Code-Bundle/cmd/sin-code/internal/map.go:163.19,164.55 1 0
github.com/OpenSIN-Code/SIN-Code-Bundle/cmd/sin-code/internal/map.go:164.55,166.5 1 0
github.com/OpenSIN-Code/SIN-Code-Bundle/cmd/sin-code/internal/map.go:167.9,167.116 1 0
github.com/OpenSIN-Code/SIN-Code-Bundle/cmd/sin-code/internal/map.go:167.116,169.4 1 0
github.com/OpenSIN-Code/SIN-Code-Bundle/cmd/sin-code/internal/map.go:169.9,169.148 1 0
github.com/OpenSIN-Code/SIN-Code-Bundle/cmd/sin-code/internal/map.go:169.148,171.4 1 0
github.com/OpenSIN-Code/SIN-Code-Bundle/cmd/sin-code/internal/map.go:171.9,171.49 1 0
github.com/OpenSIN-Code/SIN-Code-Bundle/cmd/sin-code/internal/map.go:171.49,173.4 1 0
github.com/OpenSIN-Code/SIN-Code-Bundle/cmd/sin-code/internal/map.go:173.9,173.84 1 0
github.com/OpenSIN-Code/SIN-Code-Bundle/cmd/sin-code/internal/map.go:173.84,175.4 1 0
github.com/OpenSIN-Code/SIN-Code-Bundle/cmd/sin-code/internal/map.go:177.3,178.13 2 0
github.com/OpenSIN-Code/SIN-Code-Bundle/cmd/sin-code/internal/map.go:180.2,180.16 1 0
github.com/OpenSIN-Code/SIN-Code-Bundle/cmd/sin-code/internal/map.go:180.16,182.3 1 0
github.com/OpenSIN-Code/SIN-Code-Bundle/cmd/sin-code/internal/map.go:185.2,185.26 1 0
github.com/OpenSIN-Code/SIN-Code-Bundle/cmd/sin-code/internal/map.go:185.26,186.110 1 0
github.com/OpenSIN-Code/SIN-Code-Bundle/cmd/sin-code/internal/map.go:186.110,187.12 1 0
github.com/OpenSIN-Code/SIN-Code-Bundle/cmd/sin-code/internal/map.go:189.3,189.111 1 0
github.com/OpenSIN-Code/SIN-Code-Bundle/cmd/sin-code/internal/map.go:189.111,190.12 1 0
github.com/OpenSIN-Code/SIN-Code-Bundle/cmd/sin-code/internal/map.go:192.3,192.43 1 0
github.com/OpenSIN-Code/SIN-Code-Bundle/cmd/sin-code/internal/map.go:192.43,193.53 1 0
github.com/OpenSIN-Code/SIN-Code-Bundle/cmd/sin-code/internal/map.go:193.53,195.5 1 0
github.com/OpenSIN-Code/SIN-Code-Bundle/cmd/sin-code/internal/map.go:200.2,201.43 2 0
github.com/OpenSIN-Code/SIN-Code-Bundle/cmd/sin-code/internal/map.go:201.43,202.25 1 0
github.com/OpenSIN-Code/SIN-Code-Bundle/cmd/sin-code/internal/map.go:202.25,204.4 1 0
github.com/OpenSIN-Code/SIN-Code-Bundle/cmd/sin-code/internal/map.go:206.2,206.43 1 0
github.com/OpenSIN-Code/SIN-Code-Bundle/cmd/sin-code/internal/map.go:206.43,208.3 1 0
github.com/OpenSIN-Code/SIN-Code-Bundle/cmd/sin-code/internal/map.go:209.2,209.24 1 0
github.com/OpenSIN-Code/SIN-Code-Bundle/cmd/sin-code/internal/map.go:209.24,211.3 1 0
github.com/OpenSIN-Code/SIN-Code-Bundle/cmd/sin-code/internal/map.go:214.2,215.28 2 0
github.com/OpenSIN-Code/SIN-Code-Bundle/cmd/sin-code/internal/map.go:215.28,216.44 1 0
github.com/OpenSIN-Code/SIN-Code-Bundle/cmd/sin-code/internal/map.go:216.44,217.12 1 0
github.com/OpenSIN-Code/SIN-Code-Bundle/cmd/sin-code/internal/map.go:219.3,219.38 1 0
github.com/OpenSIN-Code/SIN-Code-Bundle/cmd/sin-code/internal/map.go:221.2,221.45 1 0
github.com/OpenSIN-Code/SIN-Code-Bundle/cmd/sin-code/internal/map.go:221.45,223.3 1 0
github.com/OpenSIN-Code/SIN-Code-Bundle/cmd/sin-code/internal/map.go:225.2,242.20 2 0
github.com/OpenSIN-Code/SIN-Code-Bundle/cmd/sin-code/internal/map.go:251.52,253.48 2 0
github.com/OpenSIN-Code/SIN-Code-Bundle/cmd/sin-code/internal/map.go:253.48,255.3 1 0
github.com/OpenSIN-Code/SIN-Code-Bundle/cmd/sin-code/internal/map.go:256.2,257.38 2 0
github.com/OpenSIN-Code/SIN-Code-Bundle/cmd/sin-code/internal/map.go:257.38,258.28 1 0
github.com/OpenSIN-Code/SIN-Code-Bundle/cmd/sin-code/internal/map.go:258.28,259.76 1 0
github.com/OpenSIN-Code/SIN-Code-Bundle/cmd/sin-code/internal/map.go:259.76,261.5 1 0
github.com/OpenSIN-Code/SIN-Code-Bundle/cmd/sin-code/internal/map.go:262.4,262.51 1 0
github.com/OpenSIN-Code/SIN-Code-Bundle/cmd/sin-code/internal/map.go:262.51,264.5 1 0
github.com/OpenSIN-Code/SIN-Code-Bundle/cmd/sin-code/internal/map.go:266.3,266.15 1 0
github.com/OpenSIN-Code/SIN-Code-Bundle/cmd/sin-code/internal/map.go:268.2,268.30 1 0
github.com/OpenSIN-Code/SIN-Code-Bundle/cmd/sin-code/internal/map.go:271.40,282.40 10 0
github.com/OpenSIN-Code/SIN-Code-Bundle/cmd/sin-code/internal/map.go:282.40,284.3 1 0
github.com/OpenSIN-Code/SIN-Code-Bundle/cmd/sin-code/internal/map.go:285.2,285.40 1 0
github.com/OpenSIN-Code/SIN-Code-Bundle/cmd/sin-code/internal/map.go:285.40,285.82 1 0
github.com/OpenSIN-Code/SIN-Code-Bundle/cmd/sin-code/internal/map.go:286.2,286.26 1 0
github.com/OpenSIN-Code/SIN-Code-Bundle/cmd/sin-code/internal/map.go:286.26,288.3 1 0
github.com/OpenSIN-Code/SIN-Code-Bundle/cmd/sin-code/internal/map.go:290.2,290.28 1 0
github.com/OpenSIN-Code/SIN-Code-Bundle/cmd/sin-code/internal/map.go:290.28,292.36 2 0
github.com/OpenSIN-Code/SIN-Code-Bundle/cmd/sin-code/internal/map.go:292.36,294.4 1 0
github.com/OpenSIN-Code/SIN-Code-Bundle/cmd/sin-code/internal/map.go:297.2,297.25 1 0
github.com/OpenSIN-Code/SIN-Code-Bundle/cmd/sin-code/internal/map.go:297.25,299.33 2 0
github.com/OpenSIN-Code/SIN-Code-Bundle/cmd/sin-code/internal/map.go:299.33,301.4 1 0
github.com/OpenSIN-Code/SIN-Code-Bundle/cmd/sin-code/internal/map.go:304.2,304.24 1 0
github.com/OpenSIN-Code/SIN-Code-Bundle/cmd/sin-code/internal/map.go:304.24,306.57 2 0
github.com/OpenSIN-Code/SIN-Code-Bundle/cmd/sin-code/internal/map.go:306.57,308.4 1 0
github.com/OpenSIN-Code/SIN-Code-Bundle/cmd/sin-code/internal/map.go:310.2,310.12 1 0
github.com/OpenSIN-Code/SIN-Code-Bundle/cmd/sin-code/internal/map.go:313.24,314.11 1 0
github.com/OpenSIN-Code/SIN-Code-Bundle/cmd/sin-code/internal/map.go:314.11,316.3 1 0
github.com/OpenSIN-Code/SIN-Code-Bundle/cmd/sin-code/internal/map.go:317.2,317.10 1 0
github.com/OpenSIN-Code/SIN-Code-Bundle/cmd/sin-code/internal/map.go:320.13,323.2 2 1
github.com/OpenSIN-Code/SIN-Code-Bundle/cmd/sin-code/internal/memory_cmd.go:51.13,85.2 25 1
github.com/OpenSIN-Code/SIN-Code-Bundle/cmd/sin-code/internal/memory_cmd.go:91.54,94.17 3 0
github.com/OpenSIN-Code/SIN-Code-Bundle/cmd/sin-code/internal/memory_cmd.go:94.17,96.4 1 0
github.com/OpenSIN-Code/SIN-Code-Bundle/cmd/sin-code/internal/memory_cmd.go:97.3,104.38 3 0
github.com/OpenSIN-Code/SIN-Code-Bundle/cmd/sin-code/internal/memory_cmd.go:104.38,106.4 1 0
github.com/OpenSIN-Code/SIN-Code-Bundle/cmd/sin-code/internal/memory_cmd.go:107.3,108.13 2 0
github.com/OpenSIN-Code/SIN-Code-Bundle/cmd/sin-code/internal/memory_cmd.go:115.54,117.17 2 0
github.com/OpenSIN-Code/SIN-Code-Bundle/cmd/sin-code/internal/memory_cmd.go:117.17,119.4 1 0
github.com/OpenSIN-Code/SIN-Code-Bundle/cmd/sin-code/internal/memory_cmd.go:120.3,126.17 3 0
github.com/OpenSIN-Code/SIN-Code-Bundle/cmd/sin-code/internal/memory_cmd.go:126.17,128.4 1 0
github.com/OpenSIN-Code/SIN-Code-Bundle/cmd/sin-code/internal/memory_cmd.go:129.3,129.26 1 0
github.com/OpenSIN-Code/SIN-Code-Bundle/cmd/sin-code/internal/memory_cmd.go:129.26,131.4 1 0
github.com/OpenSIN-Code/SIN-Code-Bundle/cmd/sin-code/internal/memory_cmd.go:132.3,132.24 1 0
github.com/OpenSIN-Code/SIN-Code-Bundle/cmd/sin-code/internal/memory_cmd.go:132.24,135.4 2 0
github.com/OpenSIN-Code/SIN-Code-Bundle/cmd/sin-code/internal/memory_cmd.go:136.3,136.29 1 0
github.com/OpenSIN-Code/SIN-Code-Bundle/cmd/sin-code/internal/memory_cmd.go:136.29,138.21 2 0
github.com/OpenSIN-Code/SIN-Code-Bundle/cmd/sin-code/internal/memory_cmd.go:138.21,140.5 1 0
github.com/OpenSIN-Code/SIN-Code-Bundle/cmd/sin-code/internal/memory_cmd.go:141.4,141.75 1 0
github.com/OpenSIN-Code/SIN-Code-Bundle/cmd/sin-code/internal/memory_cmd.go:143.3,143.13 1 0
github.com/OpenSIN-Code/SIN-Code-Bundle/cmd/sin-code/internal/memory_cmd.go:151.54,153.17 2 0
github.com/OpenSIN-Code/SIN-Code-Bundle/cmd/sin-code/internal/memory_cmd.go:153.17,155.4 1 0
github.com/OpenSIN-Code/SIN-Code-Bundle/cmd/sin-code/internal/memory_cmd.go:156.3,158.17 3 0
github.com/OpenSIN-Code/SIN-Code-Bundle/cmd/sin-code/internal/memory_cmd.go:158.17,160.4 1 0
github.com/OpenSIN-Code/SIN-Code-Bundle/cmd/sin-code/internal/memory_cmd.go:161.3,161.26 1 0
github.com/OpenSIN-Code/SIN-Code-Bundle/cmd/sin-code/internal/memory_cmd.go:161.26,163.4 1 0
github.com/OpenSIN-Code/SIN-Code-Bundle/cmd/sin-code/internal/memory_cmd.go:164.3,166.22 3 0
github.com/OpenSIN-Code/SIN-Code-Bundle/cmd/sin-code/internal/memory_cmd.go:166.22,168.4 1 0
github.com/OpenSIN-Code/SIN-Code-Bundle/cmd/sin-code/internal/memory_cmd.go:169.3,169.22 1 0
github.com/OpenSIN-Code/SIN-Code-Bundle/cmd/sin-code/internal/memory_cmd.go:169.22,171.4 1 0
github.com/OpenSIN-Code/SIN-Code-Bundle/cmd/sin-code/internal/memory_cmd.go:172.3,172.20 1 0
github.com/OpenSIN-Code/SIN-Code-Bundle/cmd/sin-code/internal/memory_cmd.go:172.20,174.4 1 0
github.com/OpenSIN-Code/SIN-Code-Bundle/cmd/sin-code/internal/memory_cmd.go:175.3,177.13 3 0
github.com/OpenSIN-Code/SIN-Code-Bundle/cmd/sin-code/internal/memory_cmd.go:185.54,187.17 2 0
github.com/OpenSIN-Code/SIN-Code-Bundle/cmd/sin-code/internal/memory_cmd.go:187.17,189.4 1 0
github.com/OpenSIN-Code/SIN-Code-Bundle/cmd/sin-code/internal/memory_cmd.go:190.3,192.17 3 0
github.com/OpenSIN-Code/SIN-Code-Bundle/cmd/sin-code/internal/memory_cmd.go:192.17,194.4 1 0
github.com/OpenSIN-Code/SIN-Code-Bundle/cmd/sin-code/internal/memory_cmd.go:195.3,195.26 1 0
github.com/OpenSIN-Code/SIN-Code-Bundle/cmd/sin-code/internal/memory_cmd.go:195.26,197.4 1 0
github.com/OpenSIN-Code/SIN-Code-Bundle/cmd/sin-code/internal/memory_cmd.go:198.3,198.24 1 0
github.com/OpenSIN-Code/SIN-Code-Bundle/cmd/sin-code/internal/memory_cmd.go:198.24,201.4 2 0
github.com/OpenSIN-Code/SIN-Code-Bundle/cmd/sin-code/internal/memory_cmd.go:202.3,203.29 2 0
github.com/OpenSIN-Code/SIN-Code-Bundle/cmd/sin-code/internal/memory_cmd.go:203.29,205.21 2 0
github.com/OpenSIN-Code/SIN-Code-Bundle/cmd/sin-code/internal/memory_cmd.go:205.21,207.5 1 0
github.com/OpenSIN-Code/SIN-Code-Bundle/cmd/sin-code/internal/memory_cmd.go:208.4,208.92 1 0
github.com/OpenSIN-Code/SIN-Code-Bundle/cmd/sin-code/internal/memory_cmd.go:210.3,210.13 1 0
github.com/OpenSIN-Code/SIN-Code-Bundle/cmd/sin-code/internal/memory_cmd.go:220.54,222.17 2 0
github.com/OpenSIN-Code/SIN-Code-Bundle/cmd/sin-code/internal/memory_cmd.go:222.17,224.4 1 0
github.com/OpenSIN-Code/SIN-Code-Bundle/cmd/sin-code/internal/memory_cmd.go:225.3,227.42 3 0
github.com/OpenSIN-Code/SIN-Code-Bundle/cmd/sin-code/internal/memory_cmd.go:227.42,229.4 1 0
github.com/OpenSIN-Code/SIN-Code-Bundle/cmd/sin-code/internal/memory_cmd.go:230.3,231.13 2 0
github.com/OpenSIN-Code/SIN-Code-Bundle/cmd/sin-code/internal/memory_cmd.go:239.54,241.17 2 0
github.com/OpenSIN-Code/SIN-Code-Bundle/cmd/sin-code/internal/memory_cmd.go:241.17,243.4 1 0
github.com/OpenSIN-Code/SIN-Code-Bundle/cmd/sin-code/internal/memory_cmd.go:244.3,245.60 2 0
github.com/OpenSIN-Code/SIN-Code-Bundle/cmd/sin-code/internal/memory_cmd.go:245.60,247.4 1 0
github.com/OpenSIN-Code/SIN-Code-Bundle/cmd/sin-code/internal/memory_cmd.go:248.3,249.13 2 0
github.com/OpenSIN-Code/SIN-Code-Bundle/cmd/sin-code/internal/memory_cmd.go:257.54,259.17 2 0
github.com/OpenSIN-Code/SIN-Code-Bundle/cmd/sin-code/internal/memory_cmd.go:259.17,261.4 1 0
github.com/OpenSIN-Code/SIN-Code-Bundle/cmd/sin-code/internal/memory_cmd.go:262.3,264.17 3 0
github.com/OpenSIN-Code/SIN-Code-Bundle/cmd/sin-code/internal/memory_cmd.go:264.17,266.4 1 0
github.com/OpenSIN-Code/SIN-Code-Bundle/cmd/sin-code/internal/memory_cmd.go:267.3,267.26 1 0
github.com/OpenSIN-Code/SIN-Code-Bundle/cmd/sin-code/internal/memory_cmd.go:267.26,269.4 1 0
github.com/OpenSIN-Code/SIN-Code-Bundle/cmd/sin-code/internal/memory_cmd.go:270.3,271.31 2 0
github.com/OpenSIN-Code/SIN-Code-Bundle/cmd/sin-code/internal/memory_cmd.go:271.31,273.28 2 0
github.com/OpenSIN-Code/SIN-Code-Bundle/cmd/sin-code/internal/memory_cmd.go:273.28,275.5 1 0
github.com/OpenSIN-Code/SIN-Code-Bundle/cmd/sin-code/internal/memory_cmd.go:277.3,277.13 1 0
github.com/OpenSIN-Code/SIN-Code-Bundle/cmd/sin-code/internal/memory_cmd.go:285.54,287.17 2 0
github.com/OpenSIN-Code/SIN-Code-Bundle/cmd/sin-code/internal/memory_cmd.go:287.17,289.4 1 0
github.com/OpenSIN-Code/SIN-Code-Bundle/cmd/sin-code/internal/memory_cmd.go:290.3,292.17 3 0
github.com/OpenSIN-Code/SIN-Code-Bundle/cmd/sin-code/internal/memory_cmd.go:292.17,294.4 1 0
github.com/OpenSIN-Code/SIN-Code-Bundle/cmd/sin-code/internal/memory_cmd.go:295.3,296.13 2 0
github.com/OpenSIN-Code/SIN-Code-Bundle/cmd/sin-code/internal/memory_cmd.go:304.54,306.17 2 0
github.com/OpenSIN-Code/SIN-Code-Bundle/cmd/sin-code/internal/memory_cmd.go:306.17,308.4 1 0
github.com/OpenSIN-Code/SIN-Code-Bundle/cmd/sin-code/internal/memory_cmd.go:309.3,310.58 2 0
github.com/OpenSIN-Code/SIN-Code-Bundle/cmd/sin-code/internal/memory_cmd.go:310.58,312.4 1 0
github.com/OpenSIN-Code/SIN-Code-Bundle/cmd/sin-code/internal/memory_cmd.go:313.3,314.16 2 0
github.com/OpenSIN-Code/SIN-Code-Bundle/cmd/sin-code/internal/memory_cmd.go:314.16,316.4 1 0
github.com/OpenSIN-Code/SIN-Code-Bundle/cmd/sin-code/internal/memory_cmd.go:317.3,318.13 2 0
github.com/OpenSIN-Code/SIN-Code-Bundle/cmd/sin-code/internal/memory_cmd.go:325.54,327.17 2 0
github.com/OpenSIN-Code/SIN-Code-Bundle/cmd/sin-code/internal/memory_cmd.go:327.17,329.4 1 0
github.com/OpenSIN-Code/SIN-Code-Bundle/cmd/sin-code/internal/memory_cmd.go:330.3,332.17 3 0
github.com/OpenSIN-Code/SIN-Code-Bundle/cmd/sin-code/internal/memory_cmd.go:332.17,334.4 1 0
github.com/OpenSIN-Code/SIN-Code-Bundle/cmd/sin-code/internal/memory_cmd.go:335.3,336.26 2 0
github.com/OpenSIN-Code/SIN-Code-Bundle/cmd/sin-code/internal/memory_cmd.go:336.26,343.4 2 0
github.com/OpenSIN-Code/SIN-Code-Bundle/cmd/sin-code/internal/memory_cmd.go:344.3,347.14 4 0
github.com/OpenSIN-Code/SIN-Code-Bundle/cmd/sin-code/internal/memory_cmd.go:347.14,349.4 1 0
github.com/OpenSIN-Code/SIN-Code-Bundle/cmd/sin-code/internal/memory_cmd.go:349.9,351.4 1 0
github.com/OpenSIN-Code/SIN-Code-Bundle/cmd/sin-code/internal/memory_cmd.go:352.3,352.13 1 0
github.com/OpenSIN-Code/SIN-Code-Bundle/cmd/sin-code/internal/memory_cmd.go:356.47,359.2 2 0
github.com/OpenSIN-Code/SIN-Code-Bundle/cmd/sin-code/internal/memory_cmd.go:361.39,362.17 1 1
github.com/OpenSIN-Code/SIN-Code-Bundle/cmd/sin-code/internal/memory_cmd.go:362.17,364.3 1 1
github.com/OpenSIN-Code/SIN-Code-Bundle/cmd/sin-code/internal/memory_cmd.go:365.2,365.24 1 0
github.com/OpenSIN-Code/SIN-Code-Bundle/cmd/sin-code/internal/oracle.go:36.54,37.24 1 0
github.com/OpenSIN-Code/SIN-Code-Bundle/cmd/sin-code/internal/oracle.go:37.24,39.4 1 0
github.com/OpenSIN-Code/SIN-Code-Bundle/cmd/sin-code/internal/oracle.go:40.3,40.27 1 0
github.com/OpenSIN-Code/SIN-Code-Bundle/cmd/sin-code/internal/oracle.go:40.27,42.4 1 0
github.com/OpenSIN-Code/SIN-Code-Bundle/cmd/sin-code/internal/oracle.go:44.3,45.17 2 0
github.com/OpenSIN-Code/SIN-Code-Bundle/cmd/sin-code/internal/oracle.go:45.17,47.4 1 0
github.com/OpenSIN-Code/SIN-Code-Bundle/cmd/sin-code/internal/oracle.go:49.3,49.29 1 0
github.com/OpenSIN-Code/SIN-Code-Bundle/cmd/sin-code/internal/oracle.go:49.29,53.4 3 0
github.com/OpenSIN-Code/SIN-Code-Bundle/cmd/sin-code/internal/oracle.go:54.3,54.34 1 0
github.com/OpenSIN-Code/SIN-Code-Bundle/cmd/sin-code/internal/oracle.go:77.76,79.16 2 0
github.com/OpenSIN-Code/SIN-Code-Bundle/cmd/sin-code/internal/oracle.go:79.16,81.3 1 0
github.com/OpenSIN-Code/SIN-Code-Bundle/cmd/sin-code/internal/oracle.go:82.2,83.16 2 0
github.com/OpenSIN-Code/SIN-Code-Bundle/cmd/sin-code/internal/oracle.go:83.16,85.3 1 0
github.com/OpenSIN-Code/SIN-Code-Bundle/cmd/sin-code/internal/oracle.go:87.2,95.33 6 0
github.com/OpenSIN-Code/SIN-Code-Bundle/cmd/sin-code/internal/oracle.go:95.33,98.3 2 0
github.com/OpenSIN-Code/SIN-Code-Bundle/cmd/sin-code/internal/oracle.go:100.2,101.34 2 0
github.com/OpenSIN-Code/SIN-Code-Bundle/cmd/sin-code/internal/oracle.go:101.34,103.28 2 0
github.com/OpenSIN-Code/SIN-Code-Bundle/cmd/sin-code/internal/oracle.go:103.28,106.4 2 0
github.com/OpenSIN-Code/SIN-Code-Bundle/cmd/sin-code/internal/oracle.go:106.9,108.4 1 0
github.com/OpenSIN-Code/SIN-Code-Bundle/cmd/sin-code/internal/oracle.go:112.2,113.33 2 0
github.com/OpenSIN-Code/SIN-Code-Bundle/cmd/sin-code/internal/oracle.go:113.33,116.35 3 0
github.com/OpenSIN-Code/SIN-Code-Bundle/cmd/sin-code/internal/oracle.go:116.35,117.50 1 0
github.com/OpenSIN-Code/SIN-Code-Bundle/cmd/sin-code/internal/oracle.go:117.50,119.10 2 0
github.com/OpenSIN-Code/SIN-Code-Bundle/cmd/sin-code/internal/oracle.go:122.3,122.13 1 0
github.com/OpenSIN-Code/SIN-Code-Bundle/cmd/sin-code/internal/oracle.go:122.13,124.4 1 0
github.com/OpenSIN-Code/SIN-Code-Bundle/cmd/sin-code/internal/oracle.go:127.2,128.27 2 0
github.com/OpenSIN-Code/SIN-Code-Bundle/cmd/sin-code/internal/oracle.go:128.27,130.3 1 0
github.com/OpenSIN-Code/SIN-Code-Bundle/cmd/sin-code/internal/oracle.go:132.2,133.24 2 0
github.com/OpenSIN-Code/SIN-Code-Bundle/cmd/sin-code/internal/oracle.go:133.24,135.3 1 0
github.com/OpenSIN-Code/SIN-Code-Bundle/cmd/sin-code/internal/oracle.go:136.2,136.33 1 0
github.com/OpenSIN-Code/SIN-Code-Bundle/cmd/sin-code/internal/oracle.go:136.33,138.3 1 0
github.com/OpenSIN-Code/SIN-Code-Bundle/cmd/sin-code/internal/oracle.go:140.2,150.8 1 0
github.com/OpenSIN-Code/SIN-Code-Bundle/cmd/sin-code/internal/oracle.go:153.62,154.14 1 1
github.com/OpenSIN-Code/SIN-Code-Bundle/cmd/sin-code/internal/oracle.go:155.12,156.41 1 1
github.com/OpenSIN-Code/SIN-Code-Bundle/cmd/sin-code/internal/oracle.go:157.16,158.39 1 0
github.com/OpenSIN-Code/SIN-Code-Bundle/cmd/sin-code/internal/oracle.go:159.48,160.35 1 0
github.com/OpenSIN-Code/SIN-Code-Bundle/cmd/sin-code/internal/oracle.go:161.14,162.37 1 1
github.com/OpenSIN-Code/SIN-Code-Bundle/cmd/sin-code/internal/oracle.go:163.14,164.37 1 1
github.com/OpenSIN-Code/SIN-Code-Bundle/cmd/sin-code/internal/oracle.go:165.10,166.40 1 1
github.com/OpenSIN-Code/SIN-Code-Bundle/cmd/sin-code/internal/oracle.go:170.58,174.16 4 1
github.com/OpenSIN-Code/SIN-Code-Bundle/cmd/sin-code/internal/oracle.go:174.16,176.3 1 1
github.com/OpenSIN-Code/SIN-Code-Bundle/cmd/sin-code/internal/oracle.go:177.2,177.31 1 1
github.com/OpenSIN-Code/SIN-Code-Bundle/cmd/sin-code/internal/oracle.go:177.31,179.27 2 1
github.com/OpenSIN-Code/SIN-Code-Bundle/cmd/sin-code/internal/oracle.go:180.22,182.45 2 1
github.com/OpenSIN-Code/SIN-Code-Bundle/cmd/sin-code/internal/oracle.go:182.45,183.60 1 1
github.com/OpenSIN-Code/SIN-Code-Bundle/cmd/sin-code/internal/oracle.go:183.60,184.46 1 1
github.com/OpenSIN-Code/SIN-Code-Bundle/cmd/sin-code/internal/oracle.go:184.46,186.7 1 1
github.com/OpenSIN-Code/SIN-Code-Bundle/cmd/sin-code/internal/oracle.go:187.11,187.65 1 1
github.com/OpenSIN-Code/SIN-Code-Bundle/cmd/sin-code/internal/oracle.go:187.65,189.6 1 1
github.com/OpenSIN-Code/SIN-Code-Bundle/cmd/sin-code/internal/oracle.go:191.4,191.87 1 1
github.com/OpenSIN-Code/SIN-Code-Bundle/cmd/sin-code/internal/oracle.go:192.21,193.33 1 1
github.com/OpenSIN-Code/SIN-Code-Bundle/cmd/sin-code/internal/oracle.go:193.33,194.43 1 1
github.com/OpenSIN-Code/SIN-Code-Bundle/cmd/sin-code/internal/oracle.go:194.43,196.6 1 1
github.com/OpenSIN-Code/SIN-Code-Bundle/cmd/sin-code/internal/oracle.go:200.2,200.16 1 1
github.com/OpenSIN-Code/SIN-Code-Bundle/cmd/sin-code/internal/oracle.go:203.56,207.29 4 1
github.com/OpenSIN-Code/SIN-Code-Bundle/cmd/sin-code/internal/oracle.go:207.29,209.23 2 1
github.com/OpenSIN-Code/SIN-Code-Bundle/cmd/sin-code/internal/oracle.go:209.23,211.29 2 1
github.com/OpenSIN-Code/SIN-Code-Bundle/cmd/sin-code/internal/oracle.go:211.29,213.5 1 1
github.com/OpenSIN-Code/SIN-Code-Bundle/cmd/sin-code/internal/oracle.go:214.4,214.83 1 1
github.com/OpenSIN-Code/SIN-Code-Bundle/cmd/sin-code/internal/oracle.go:217.2,217.16 1 1
github.com/OpenSIN-Code/SIN-Code-Bundle/cmd/sin-code/internal/oracle.go:220.52,224.29 4 1
github.com/OpenSIN-Code/SIN-Code-Bundle/cmd/sin-code/internal/oracle.go:224.29,226.29 2 1
github.com/OpenSIN-Code/SIN-Code-Bundle/cmd/sin-code/internal/oracle.go:226.29,227.18 1 1
github.com/OpenSIN-Code/SIN-Code-Bundle/cmd/sin-code/internal/oracle.go:227.18,229.40 2 1
github.com/OpenSIN-Code/SIN-Code-Bundle/cmd/sin-code/internal/oracle.go:229.40,231.6 1 1
github.com/OpenSIN-Code/SIN-Code-Bundle/cmd/sin-code/internal/oracle.go:231.11,231.51 1 1
github.com/OpenSIN-Code/SIN-Code-Bundle/cmd/sin-code/internal/oracle.go:231.51,233.6 1 1
github.com/OpenSIN-Code/SIN-Code-Bundle/cmd/sin-code/internal/oracle.go:233.11,233.46 1 1
github.com/OpenSIN-Code/SIN-Code-Bundle/cmd/sin-code/internal/oracle.go:233.46,235.6 1 1
github.com/OpenSIN-Code/SIN-Code-Bundle/cmd/sin-code/internal/oracle.go:235.11,235.113 1 1
github.com/OpenSIN-Code/SIN-Code-Bundle/cmd/sin-code/internal/oracle.go:235.113,237.6 1 1
github.com/OpenSIN-Code/SIN-Code-Bundle/cmd/sin-code/internal/oracle.go:238.5,238.78 1 1
github.com/OpenSIN-Code/SIN-Code-Bundle/cmd/sin-code/internal/oracle.go:242.2,242.16 1 1
github.com/OpenSIN-Code/SIN-Code-Bundle/cmd/sin-code/internal/oracle.go:245.54,249.29 4 1
github.com/OpenSIN-Code/SIN-Code-Bundle/cmd/sin-code/internal/oracle.go:249.29,251.29 2 1
github.com/OpenSIN-Code/SIN-Code-Bundle/cmd/sin-code/internal/oracle.go:251.29,252.18 1 1
github.com/OpenSIN-Code/SIN-Code-Bundle/cmd/sin-code/internal/oracle.go:252.18,254.41 2 1
github.com/OpenSIN-Code/SIN-Code-Bundle/cmd/sin-code/internal/oracle.go:254.41,256.6 1 1
github.com/OpenSIN-Code/SIN-Code-Bundle/cmd/sin-code/internal/oracle.go:256.11,256.46 1 1
github.com/OpenSIN-Code/SIN-Code-Bundle/cmd/sin-code/internal/oracle.go:256.46,258.6 1 1
github.com/OpenSIN-Code/SIN-Code-Bundle/cmd/sin-code/internal/oracle.go:258.11,258.47 1 1
github.com/OpenSIN-Code/SIN-Code-Bundle/cmd/sin-code/internal/oracle.go:258.47,260.6 1 1
github.com/OpenSIN-Code/SIN-Code-Bundle/cmd/sin-code/internal/oracle.go:261.5,261.78 1 1
github.com/OpenSIN-Code/SIN-Code-Bundle/cmd/sin-code/internal/oracle.go:265.2,265.16 1 1
github.com/OpenSIN-Code/SIN-Code-Bundle/cmd/sin-code/internal/oracle.go:268.54,272.29 4 1
github.com/OpenSIN-Code/SIN-Code-Bundle/cmd/sin-code/internal/oracle.go:272.29,274.29 2 1
github.com/OpenSIN-Code/SIN-Code-Bundle/cmd/sin-code/internal/oracle.go:274.29,275.18 1 1
github.com/OpenSIN-Code/SIN-Code-Bundle/cmd/sin-code/internal/oracle.go:275.18,277.40 2 1
github.com/OpenSIN-Code/SIN-Code-Bundle/cmd/sin-code/internal/oracle.go:277.40,279.6 1 1
github.com/OpenSIN-Code/SIN-Code-Bundle/cmd/sin-code/internal/oracle.go:279.11,279.51 1 1
github.com/OpenSIN-Code/SIN-Code-Bundle/cmd/sin-code/internal/oracle.go:279.51,281.6 1 1
github.com/OpenSIN-Code/SIN-Code-Bundle/cmd/sin-code/internal/oracle.go:282.5,282.78 1 1
github.com/OpenSIN-Code/SIN-Code-Bundle/cmd/sin-code/internal/oracle.go:286.2,286.16 1 1
github.com/OpenSIN-Code/SIN-Code-Bundle/cmd/sin-code/internal/oracle.go:289.57,293.29 4 1
github.com/OpenSIN-Code/SIN-Code-Bundle/cmd/sin-code/internal/oracle.go:293.29,295.29 2 1
github.com/OpenSIN-Code/SIN-Code-Bundle/cmd/sin-code/internal/oracle.go:295.29,296.18 1 1
github.com/OpenSIN-Code/SIN-Code-Bundle/cmd/sin-code/internal/oracle.go:296.18,298.5 1 1
github.com/OpenSIN-Code/SIN-Code-Bundle/cmd/sin-code/internal/oracle.go:301.2,301.16 1 1
github.com/OpenSIN-Code/SIN-Code-Bundle/cmd/sin-code/internal/oracle.go:304.44,316.2 11 0
github.com/OpenSIN-Code/SIN-Code-Bundle/cmd/sin-code/internal/oracle.go:318.46,320.2 1 0
github.com/OpenSIN-Code/SIN-Code-Bundle/cmd/sin-code/internal/oracle.go:322.46,328.24 5 0
github.com/OpenSIN-Code/SIN-Code-Bundle/cmd/sin-code/internal/oracle.go:328.24,330.33 2 0
github.com/OpenSIN-Code/SIN-Code-Bundle/cmd/sin-code/internal/oracle.go:330.33,332.4 1 0
github.com/OpenSIN-Code/SIN-Code-Bundle/cmd/sin-code/internal/oracle.go:335.2,335.26 1 0
github.com/OpenSIN-Code/SIN-Code-Bundle/cmd/sin-code/internal/oracle.go:335.26,337.35 2 0
github.com/OpenSIN-Code/SIN-Code-Bundle/cmd/sin-code/internal/oracle.go:337.35,339.4 1 0
github.com/OpenSIN-Code/SIN-Code-Bundle/cmd/sin-code/internal/oracle.go:342.2,342.35 1 0
github.com/OpenSIN-Code/SIN-Code-Bundle/cmd/sin-code/internal/oracle.go:342.35,344.44 2 0
github.com/OpenSIN-Code/SIN-Code-Bundle/cmd/sin-code/internal/oracle.go:344.44,346.4 1 0
github.com/OpenSIN-Code/SIN-Code-Bundle/cmd/sin-code/internal/oracle.go:349.2,350.12 2 0
github.com/OpenSIN-Code/SIN-Code-Bundle/cmd/sin-code/internal/oracle.go:353.13,357.2 3 1
github.com/OpenSIN-Code/SIN-Code-Bundle/cmd/sin-code/internal/orchestrate.go:47.54,49.3 1 0
github.com/OpenSIN-Code/SIN-Code-Bundle/cmd/sin-code/internal/orchestrate.go:71.28,75.2 3 0
github.com/OpenSIN-Code/SIN-Code-Bundle/cmd/sin-code/internal/orchestrate.go:77.45,80.16 3 0
github.com/OpenSIN-Code/SIN-Code-Bundle/cmd/sin-code/internal/orchestrate.go:80.16,81.25 1 0
github.com/OpenSIN-Code/SIN-Code-Bundle/cmd/sin-code/internal/orchestrate.go:81.25,83.4 1 0
github.com/OpenSIN-Code/SIN-Code-Bundle/cmd/sin-code/internal/orchestrate.go:84.3,84.18 1 0
github.com/OpenSIN-Code/SIN-Code-Bundle/cmd/sin-code/internal/orchestrate.go:86.2,87.53 2 0
github.com/OpenSIN-Code/SIN-Code-Bundle/cmd/sin-code/internal/orchestrate.go:87.53,89.3 1 0
github.com/OpenSIN-Code/SIN-Code-Bundle/cmd/sin-code/internal/orchestrate.go:90.2,90.24 1 0
github.com/OpenSIN-Code/SIN-Code-Bundle/cmd/sin-code/internal/orchestrate.go:90.24,92.3 1 0
github.com/OpenSIN-Code/SIN-Code-Bundle/cmd/sin-code/internal/orchestrate.go:93.2,93.23 1 0
github.com/OpenSIN-Code/SIN-Code-Bundle/cmd/sin-code/internal/orchestrate.go:93.23,95.3 1 0
github.com/OpenSIN-Code/SIN-Code-Bundle/cmd/sin-code/internal/orchestrate.go:96.2,96.20 1 0
github.com/OpenSIN-Code/SIN-Code-Bundle/cmd/sin-code/internal/orchestrate.go:99.47,102.16 3 0
github.com/OpenSIN-Code/SIN-Code-Bundle/cmd/sin-code/internal/orchestrate.go:102.16,104.3 1 0
github.com/OpenSIN-Code/SIN-Code-Bundle/cmd/sin-code/internal/orchestrate.go:105.2,105.39 1 0
github.com/OpenSIN-Code/SIN-Code-Bundle/cmd/sin-code/internal/orchestrate.go:108.70,110.16 2 0
github.com/OpenSIN-Code/SIN-Code-Bundle/cmd/sin-code/internal/orchestrate.go:110.16,112.3 1 0
github.com/OpenSIN-Code/SIN-Code-Bundle/cmd/sin-code/internal/orchestrate.go:114.2,117.16 3 0
github.com/OpenSIN-Code/SIN-Code-Bundle/cmd/sin-code/internal/orchestrate.go:118.13,119.18 1 0
github.com/OpenSIN-Code/SIN-Code-Bundle/cmd/sin-code/internal/orchestrate.go:119.18,121.4 1 0
github.com/OpenSIN-Code/SIN-Code-Bundle/cmd/sin-code/internal/orchestrate.go:122.3,132.42 4 0
github.com/OpenSIN-Code/SIN-Code-Bundle/cmd/sin-code/internal/orchestrate.go:132.42,134.4 1 0
github.com/OpenSIN-Code/SIN-Code-Bundle/cmd/sin-code/internal/orchestrate.go:135.3,136.52 2 0
github.com/OpenSIN-Code/SIN-Code-Bundle/cmd/sin-code/internal/orchestrate.go:138.16,139.18 1 0
github.com/OpenSIN-Code/SIN-Code-Bundle/cmd/sin-code/internal/orchestrate.go:139.18,141.4 1 0
github.com/OpenSIN-Code/SIN-Code-Bundle/cmd/sin-code/internal/orchestrate.go:142.3,145.33 4 0
github.com/OpenSIN-Code/SIN-Code-Bundle/cmd/sin-code/internal/orchestrate.go:145.33,146.18 1 0
github.com/OpenSIN-Code/SIN-Code-Bundle/cmd/sin-code/internal/orchestrate.go:146.18,148.13 2 0
github.com/OpenSIN-Code/SIN-Code-Bundle/cmd/sin-code/internal/orchestrate.go:150.4,150.34 1 0
github.com/OpenSIN-Code/SIN-Code-Bundle/cmd/sin-code/internal/orchestrate.go:152.3,152.13 1 0
github.com/OpenSIN-Code/SIN-Code-Bundle/cmd/sin-code/internal/orchestrate.go:152.13,154.4 1 0
github.com/OpenSIN-Code/SIN-Code-Bundle/cmd/sin-code/internal/orchestrate.go:155.3,156.42 2 0
github.com/OpenSIN-Code/SIN-Code-Bundle/cmd/sin-code/internal/orchestrate.go:156.42,158.4 1 0
github.com/OpenSIN-Code/SIN-Code-Bundle/cmd/sin-code/internal/orchestrate.go:159.3,159.39 1 0
github.com/OpenSIN-Code/SIN-Code-Bundle/cmd/sin-code/internal/orchestrate.go:161.18,162.18 1 0
github.com/OpenSIN-Code/SIN-Code-Bundle/cmd/sin-code/internal/orchestrate.go:162.18,164.4 1 0
github.com/OpenSIN-Code/SIN-Code-Bundle/cmd/sin-code/internal/orchestrate.go:165.3,167.30 3 0
github.com/OpenSIN-Code/SIN-Code-Bundle/cmd/sin-code/internal/orchestrate.go:167.30,168.31 1 0
github.com/OpenSIN-Code/SIN-Code-Bundle/cmd/sin-code/internal/orchestrate.go:168.31,172.10 4 0
github.com/OpenSIN-Code/SIN-Code-Bundle/cmd/sin-code/internal/orchestrate.go:175.3,175.13 1 0
github.com/OpenSIN-Code/SIN-Code-Bundle/cmd/sin-code/internal/orchestrate.go:175.13,177.4 1 0
github.com/OpenSIN-Code/SIN-Code-Bundle/cmd/sin-code/internal/orchestrate.go:178.3,178.42 1 0
github.com/OpenSIN-Code/SIN-Code-Bundle/cmd/sin-code/internal/orchestrate.go:178.42,180.4 1 0
github.com/OpenSIN-Code/SIN-Code-Bundle/cmd/sin-code/internal/orchestrate.go:181.3,181.41 1 0
github.com/OpenSIN-Code/SIN-Code-Bundle/cmd/sin-code/internal/orchestrate.go:183.16,184.18 1 0
github.com/OpenSIN-Code/SIN-Code-Bundle/cmd/sin-code/internal/orchestrate.go:184.18,186.4 1 0
github.com/OpenSIN-Code/SIN-Code-Bundle/cmd/sin-code/internal/orchestrate.go:187.3,188.33 2 0
github.com/OpenSIN-Code/SIN-Code-Bundle/cmd/sin-code/internal/orchestrate.go:188.33,189.18 1 0
github.com/OpenSIN-Code/SIN-Code-Bundle/cmd/sin-code/internal/orchestrate.go:189.18,191.10 2 0
github.com/OpenSIN-Code/SIN-Code-Bundle/cmd/sin-code/internal/orchestrate.go:194.3,194.20 1 0
github.com/OpenSIN-Code/SIN-Code-Bundle/cmd/sin-code/internal/orchestrate.go:194.20,196.4 1 0
github.com/OpenSIN-Code/SIN-Code-Bundle/cmd/sin-code/internal/orchestrate.go:198.14,200.47 1 0
github.com/OpenSIN-Code/SIN-Code-Bundle/cmd/sin-code/internal/orchestrate.go:200.47,203.4 2 0
github.com/OpenSIN-Code/SIN-Code-Bundle/cmd/sin-code/internal/orchestrate.go:204.3,204.23 1 0
github.com/OpenSIN-Code/SIN-Code-Bundle/cmd/sin-code/internal/orchestrate.go:206.10,207.88 1 0
github.com/OpenSIN-Code/SIN-Code-Bundle/cmd/sin-code/internal/orchestrate.go:210.2,210.39 1 0
github.com/OpenSIN-Code/SIN-Code-Bundle/cmd/sin-code/internal/orchestrate.go:210.39,214.3 3 0
github.com/OpenSIN-Code/SIN-Code-Bundle/cmd/sin-code/internal/orchestrate.go:216.2,216.22 1 0
github.com/OpenSIN-Code/SIN-Code-Bundle/cmd/sin-code/internal/orchestrate.go:216.22,218.33 2 0
github.com/OpenSIN-Code/SIN-Code-Bundle/cmd/sin-code/internal/orchestrate.go:218.33,220.31 2 0
github.com/OpenSIN-Code/SIN-Code-Bundle/cmd/sin-code/internal/orchestrate.go:220.31,222.5 1 0
github.com/OpenSIN-Code/SIN-Code-Bundle/cmd/sin-code/internal/orchestrate.go:222.10,222.36 1 0
github.com/OpenSIN-Code/SIN-Code-Bundle/cmd/sin-code/internal/orchestrate.go:222.36,224.5 1 0
github.com/OpenSIN-Code/SIN-Code-Bundle/cmd/sin-code/internal/orchestrate.go:224.10,224.40 1 0
github.com/OpenSIN-Code/SIN-Code-Bundle/cmd/sin-code/internal/orchestrate.go:224.40,226.5 1 0
github.com/OpenSIN-Code/SIN-Code-Bundle/cmd/sin-code/internal/orchestrate.go:227.4,228.23 2 0
github.com/OpenSIN-Code/SIN-Code-Bundle/cmd/sin-code/internal/orchestrate.go:228.23,230.5 1 0
github.com/OpenSIN-Code/SIN-Code-Bundle/cmd/sin-code/internal/orchestrate.go:231.4,231.85 1 0
github.com/OpenSIN-Code/SIN-Code-Bundle/cmd/sin-code/internal/orchestrate.go:234.2,234.12 1 0
github.com/OpenSIN-Code/SIN-Code-Bundle/cmd/sin-code/internal/orchestrate.go:237.28,241.2 3 0
github.com/OpenSIN-Code/SIN-Code-Bundle/cmd/sin-code/internal/orchestrate.go:243.35,244.13 1 0
github.com/OpenSIN-Code/SIN-Code-Bundle/cmd/sin-code/internal/orchestrate.go:244.13,246.3 1 0
github.com/OpenSIN-Code/SIN-Code-Bundle/cmd/sin-code/internal/orchestrate.go:247.2,249.26 3 0
github.com/OpenSIN-Code/SIN-Code-Bundle/cmd/sin-code/internal/orchestrate.go:249.26,251.14 2 0
github.com/OpenSIN-Code/SIN-Code-Bundle/cmd/sin-code/internal/orchestrate.go:251.14,253.4 1 0
github.com/OpenSIN-Code/SIN-Code-Bundle/cmd/sin-code/internal/orchestrate.go:255.2,255.13 1 0
github.com/OpenSIN-Code/SIN-Code-Bundle/cmd/sin-code/internal/orchestrate.go:258.13,264.2 5 1
github.com/OpenSIN-Code/SIN-Code-Bundle/cmd/sin-code/internal/orchestrator_cmd.go:51.54,54.3 2 0
github.com/OpenSIN-Code/SIN-Code-Bundle/cmd/sin-code/internal/orchestrator_cmd.go:60.54,62.17 2 0
github.com/OpenSIN-Code/SIN-Code-Bundle/cmd/sin-code/internal/orchestrator_cmd.go:62.17,64.4 1 0
github.com/OpenSIN-Code/SIN-Code-Bundle/cmd/sin-code/internal/orchestrator_cmd.go:65.3,71.22 5 0
github.com/OpenSIN-Code/SIN-Code-Bundle/cmd/sin-code/internal/orchestrator_cmd.go:71.22,74.32 3 0
github.com/OpenSIN-Code/SIN-Code-Bundle/cmd/sin-code/internal/orchestrator_cmd.go:74.32,75.32 1 0
github.com/OpenSIN-Code/SIN-Code-Bundle/cmd/sin-code/internal/orchestrator_cmd.go:75.32,77.6 1 0
github.com/OpenSIN-Code/SIN-Code-Bundle/cmd/sin-code/internal/orchestrator_cmd.go:81.3,81.28 1 0
github.com/OpenSIN-Code/SIN-Code-Bundle/cmd/sin-code/internal/orchestrator_cmd.go:81.28,83.26 2 0
github.com/OpenSIN-Code/SIN-Code-Bundle/cmd/sin-code/internal/orchestrator_cmd.go:83.26,91.43 2 0
github.com/OpenSIN-Code/SIN-Code-Bundle/cmd/sin-code/internal/orchestrator_cmd.go:91.43,94.6 2 0
github.com/OpenSIN-Code/SIN-Code-Bundle/cmd/sin-code/internal/orchestrator_cmd.go:94.11,96.6 1 0
github.com/OpenSIN-Code/SIN-Code-Bundle/cmd/sin-code/internal/orchestrator_cmd.go:97.5,97.29 1 0
github.com/OpenSIN-Code/SIN-Code-Bundle/cmd/sin-code/internal/orchestrator_cmd.go:99.4,99.49 1 0
github.com/OpenSIN-Code/SIN-Code-Bundle/cmd/sin-code/internal/orchestrator_cmd.go:101.3,102.25 2 0
github.com/OpenSIN-Code/SIN-Code-Bundle/cmd/sin-code/internal/orchestrator_cmd.go:102.25,104.42 2 0
github.com/OpenSIN-Code/SIN-Code-Bundle/cmd/sin-code/internal/orchestrator_cmd.go:104.42,106.5 1 0
github.com/OpenSIN-Code/SIN-Code-Bundle/cmd/sin-code/internal/orchestrator_cmd.go:107.4,109.27 2 0
github.com/OpenSIN-Code/SIN-Code-Bundle/cmd/sin-code/internal/orchestrator_cmd.go:109.27,111.5 1 0
github.com/OpenSIN-Code/SIN-Code-Bundle/cmd/sin-code/internal/orchestrator_cmd.go:113.3,113.13 1 0
github.com/OpenSIN-Code/SIN-Code-Bundle/cmd/sin-code/internal/orchestrator_cmd.go:121.54,123.17 2 0
github.com/OpenSIN-Code/SIN-Code-Bundle/cmd/sin-code/internal/orchestrator_cmd.go:123.17,125.4 1 0
github.com/OpenSIN-Code/SIN-Code-Bundle/cmd/sin-code/internal/orchestrator_cmd.go:126.3,128.28 3 0
github.com/OpenSIN-Code/SIN-Code-Bundle/cmd/sin-code/internal/orchestrator_cmd.go:128.28,130.4 1 0
github.com/OpenSIN-Code/SIN-Code-Bundle/cmd/sin-code/internal/orchestrator_cmd.go:131.3,132.32 2 0
github.com/OpenSIN-Code/SIN-Code-Bundle/cmd/sin-code/internal/orchestrator_cmd.go:132.32,134.28 2 0
github.com/OpenSIN-Code/SIN-Code-Bundle/cmd/sin-code/internal/orchestrator_cmd.go:134.28,136.5 1 0
github.com/OpenSIN-Code/SIN-Code-Bundle/cmd/sin-code/internal/orchestrator_cmd.go:137.4,138.51 1 0
github.com/OpenSIN-Code/SIN-Code-Bundle/cmd/sin-code/internal/orchestrator_cmd.go:140.3,140.13 1 0
github.com/OpenSIN-Code/SIN-Code-Bundle/cmd/sin-code/internal/orchestrator_cmd.go:147.58,149.16 2 0
github.com/OpenSIN-Code/SIN-Code-Bundle/cmd/sin-code/internal/orchestrator_cmd.go:149.16,151.3 1 0
github.com/OpenSIN-Code/SIN-Code-Bundle/cmd/sin-code/internal/orchestrator_cmd.go:152.2,152.20 1 0
github.com/OpenSIN-Code/SIN-Code-Bundle/cmd/sin-code/internal/orchestrator_cmd.go:152.20,154.3 1 0
github.com/OpenSIN-Code/SIN-Code-Bundle/cmd/sin-code/internal/orchestrator_cmd.go:155.2,158.28 4 0
github.com/OpenSIN-Code/SIN-Code-Bundle/cmd/sin-code/internal/orchestrator_cmd.go:158.28,160.3 1 0
github.com/OpenSIN-Code/SIN-Code-Bundle/cmd/sin-code/internal/orchestrator_cmd.go:161.2,164.17 4 0
github.com/OpenSIN-Code/SIN-Code-Bundle/cmd/sin-code/internal/orchestrator_cmd.go:167.13,183.2 13 1
github.com/OpenSIN-Code/SIN-Code-Bundle/cmd/sin-code/internal/orchestrator_cmd.go:185.30,187.16 2 0
github.com/OpenSIN-Code/SIN-Code-Bundle/cmd/sin-code/internal/orchestrator_cmd.go:187.16,189.3 1 0
github.com/OpenSIN-Code/SIN-Code-Bundle/cmd/sin-code/internal/orchestrator_cmd.go:190.2,192.19 3 0
github.com/OpenSIN-Code/SIN-Code-Bundle/cmd/sin-code/internal/orchestrator_cmd.go:192.19,193.28 1 0
github.com/OpenSIN-Code/SIN-Code-Bundle/cmd/sin-code/internal/orchestrator_cmd.go:193.28,195.4 1 0
github.com/OpenSIN-Code/SIN-Code-Bundle/cmd/sin-code/internal/orchestrator_cmd.go:196.3,197.32 2 0
github.com/OpenSIN-Code/SIN-Code-Bundle/cmd/sin-code/internal/orchestrator_cmd.go:197.32,199.28 2 0
github.com/OpenSIN-Code/SIN-Code-Bundle/cmd/sin-code/internal/orchestrator_cmd.go:199.28,201.5 1 0
github.com/OpenSIN-Code/SIN-Code-Bundle/cmd/sin-code/internal/orchestrator_cmd.go:202.4,203.51 1 0
github.com/OpenSIN-Code/SIN-Code-Bundle/cmd/sin-code/internal/orchestrator_cmd.go:205.3,205.13 1 0
github.com/OpenSIN-Code/SIN-Code-Bundle/cmd/sin-code/internal/orchestrator_cmd.go:207.2,213.16 4 0
github.com/OpenSIN-Code/SIN-Code-Bundle/cmd/sin-code/internal/orchestrator_cmd.go:213.16,215.3 1 0
github.com/OpenSIN-Code/SIN-Code-Bundle/cmd/sin-code/internal/orchestrator_cmd.go:216.2,216.27 1 0
github.com/OpenSIN-Code/SIN-Code-Bundle/cmd/sin-code/internal/orchestrator_cmd.go:216.27,221.23 2 0
github.com/OpenSIN-Code/SIN-Code-Bundle/cmd/sin-code/internal/orchestrator_cmd.go:221.23,223.4 1 0
github.com/OpenSIN-Code/SIN-Code-Bundle/cmd/sin-code/internal/orchestrator_cmd.go:224.3,224.48 1 0
github.com/OpenSIN-Code/SIN-Code-Bundle/cmd/sin-code/internal/orchestrator_cmd.go:226.2,227.22 2 0
github.com/OpenSIN-Code/SIN-Code-Bundle/cmd/sin-code/internal/orchestrator_cmd.go:227.22,229.44 2 0
github.com/OpenSIN-Code/SIN-Code-Bundle/cmd/sin-code/internal/orchestrator_cmd.go:229.44,231.4 1 0
github.com/OpenSIN-Code/SIN-Code-Bundle/cmd/sin-code/internal/orchestrator_cmd.go:233.2,233.12 1 0
github.com/OpenSIN-Code/SIN-Code-Bundle/cmd/sin-code/internal/orchestrator_cmd.go:236.35,238.25 2 0
github.com/OpenSIN-Code/SIN-Code-Bundle/cmd/sin-code/internal/orchestrator_cmd.go:238.25,239.12 1 0
github.com/OpenSIN-Code/SIN-Code-Bundle/cmd/sin-code/internal/orchestrator_cmd.go:239.12,241.4 1 0
github.com/OpenSIN-Code/SIN-Code-Bundle/cmd/sin-code/internal/orchestrator_cmd.go:242.3,242.12 1 0
github.com/OpenSIN-Code/SIN-Code-Bundle/cmd/sin-code/internal/orchestrator_cmd.go:244.2,244.12 1 0
github.com/OpenSIN-Code/SIN-Code-Bundle/cmd/sin-code/internal/plugin_cmd.go:35.13,44.2 7 1
github.com/OpenSIN-Code/SIN-Code-Bundle/cmd/sin-code/internal/plugin_cmd.go:46.25,47.22 1 1
github.com/OpenSIN-Code/SIN-Code-Bundle/cmd/sin-code/internal/plugin_cmd.go:47.22,49.3 1 1
github.com/OpenSIN-Code/SIN-Code-Bundle/cmd/sin-code/internal/plugin_cmd.go:50.2,50.35 1 1
github.com/OpenSIN-Code/SIN-Code-Bundle/cmd/sin-code/internal/plugin_cmd.go:56.54,58.17 2 1
github.com/OpenSIN-Code/SIN-Code-Bundle/cmd/sin-code/internal/plugin_cmd.go:58.17,59.26 1 1
github.com/OpenSIN-Code/SIN-Code-Bundle/cmd/sin-code/internal/plugin_cmd.go:59.26,62.5 2 1
github.com/OpenSIN-Code/SIN-Code-Bundle/cmd/sin-code/internal/plugin_cmd.go:63.4,63.14 1 1
github.com/OpenSIN-Code/SIN-Code-Bundle/cmd/sin-code/internal/plugin_cmd.go:65.3,67.28 3 1
github.com/OpenSIN-Code/SIN-Code-Bundle/cmd/sin-code/internal/plugin_cmd.go:67.28,69.4 1 1
github.com/OpenSIN-Code/SIN-Code-Bundle/cmd/sin-code/internal/plugin_cmd.go:70.3,72.29 3 1
github.com/OpenSIN-Code/SIN-Code-Bundle/cmd/sin-code/internal/plugin_cmd.go:72.29,73.18 1 1
github.com/OpenSIN-Code/SIN-Code-Bundle/cmd/sin-code/internal/plugin_cmd.go:73.18,74.13 1 0
github.com/OpenSIN-Code/SIN-Code-Bundle/cmd/sin-code/internal/plugin_cmd.go:76.4,78.88 3 1
github.com/OpenSIN-Code/SIN-Code-Bundle/cmd/sin-code/internal/plugin_cmd.go:78.88,80.5 1 1
github.com/OpenSIN-Code/SIN-Code-Bundle/cmd/sin-code/internal/plugin_cmd.go:81.4,81.11 1 1
github.com/OpenSIN-Code/SIN-Code-Bundle/cmd/sin-code/internal/plugin_cmd.go:81.11,83.5 1 1
github.com/OpenSIN-Code/SIN-Code-Bundle/cmd/sin-code/internal/plugin_cmd.go:84.4,84.16 1 1
github.com/OpenSIN-Code/SIN-Code-Bundle/cmd/sin-code/internal/plugin_cmd.go:84.16,86.13 2 1
github.com/OpenSIN-Code/SIN-Code-Bundle/cmd/sin-code/internal/plugin_cmd.go:88.4,88.95 1 1
github.com/OpenSIN-Code/SIN-Code-Bundle/cmd/sin-code/internal/plugin_cmd.go:90.3,90.20 1 1
github.com/OpenSIN-Code/SIN-Code-Bundle/cmd/sin-code/internal/plugin_cmd.go:98.54,101.17 3 1
github.com/OpenSIN-Code/SIN-Code-Bundle/cmd/sin-code/internal/plugin_cmd.go:101.17,103.4 1 0
github.com/OpenSIN-Code/SIN-Code-Bundle/cmd/sin-code/internal/plugin_cmd.go:104.3,106.21 3 1
github.com/OpenSIN-Code/SIN-Code-Bundle/cmd/sin-code/internal/plugin_cmd.go:106.21,108.4 1 1
github.com/OpenSIN-Code/SIN-Code-Bundle/cmd/sin-code/internal/plugin_cmd.go:109.3,109.23 1 1
github.com/OpenSIN-Code/SIN-Code-Bundle/cmd/sin-code/internal/plugin_cmd.go:109.23,111.4 1 1
github.com/OpenSIN-Code/SIN-Code-Bundle/cmd/sin-code/internal/plugin_cmd.go:112.3,112.22 1 1
github.com/OpenSIN-Code/SIN-Code-Bundle/cmd/sin-code/internal/plugin_cmd.go:112.22,114.4 1 1
github.com/OpenSIN-Code/SIN-Code-Bundle/cmd/sin-code/internal/plugin_cmd.go:115.3,115.25 1 1
github.com/OpenSIN-Code/SIN-Code-Bundle/cmd/sin-code/internal/plugin_cmd.go:115.25,117.4 1 1
github.com/OpenSIN-Code/SIN-Code-Bundle/cmd/sin-code/internal/plugin_cmd.go:118.3,118.26 1 1
github.com/OpenSIN-Code/SIN-Code-Bundle/cmd/sin-code/internal/plugin_cmd.go:118.26,120.4 1 1
github.com/OpenSIN-Code/SIN-Code-Bundle/cmd/sin-code/internal/plugin_cmd.go:121.3,121.30 1 1
github.com/OpenSIN-Code/SIN-Code-Bundle/cmd/sin-code/internal/plugin_cmd.go:121.30,123.4 1 1
github.com/OpenSIN-Code/SIN-Code-Bundle/cmd/sin-code/internal/plugin_cmd.go:124.3,126.29 3 1
github.com/OpenSIN-Code/SIN-Code-Bundle/cmd/sin-code/internal/plugin_cmd.go:126.29,128.36 2 1
github.com/OpenSIN-Code/SIN-Code-Bundle/cmd/sin-code/internal/plugin_cmd.go:128.36,130.5 1 1
github.com/OpenSIN-Code/SIN-Code-Bundle/cmd/sin-code/internal/plugin_cmd.go:132.3,132.24 1 1
github.com/OpenSIN-Code/SIN-Code-Bundle/cmd/sin-code/internal/plugin_cmd.go:132.24,134.31 2 1
github.com/OpenSIN-Code/SIN-Code-Bundle/cmd/sin-code/internal/plugin_cmd.go:134.31,136.5 1 1
github.com/OpenSIN-Code/SIN-Code-Bundle/cmd/sin-code/internal/plugin_cmd.go:138.3,138.23 1 1
github.com/OpenSIN-Code/SIN-Code-Bundle/cmd/sin-code/internal/plugin_cmd.go:138.23,140.30 2 1
github.com/OpenSIN-Code/SIN-Code-Bundle/cmd/sin-code/internal/plugin_cmd.go:140.30,142.5 1 1
github.com/OpenSIN-Code/SIN-Code-Bundle/cmd/sin-code/internal/plugin_cmd.go:144.3,144.23 1 1
github.com/OpenSIN-Code/SIN-Code-Bundle/cmd/sin-code/internal/plugin_cmd.go:144.23,146.30 2 1
github.com/OpenSIN-Code/SIN-Code-Bundle/cmd/sin-code/internal/plugin_cmd.go:146.30,148.5 1 1
github.com/OpenSIN-Code/SIN-Code-Bundle/cmd/sin-code/internal/plugin_cmd.go:150.3,150.13 1 1
github.com/OpenSIN-Code/SIN-Code-Bundle/cmd/sin-code/internal/plugin_cmd.go:158.54,161.50 3 1
github.com/OpenSIN-Code/SIN-Code-Bundle/cmd/sin-code/internal/plugin_cmd.go:161.50,163.4 1 1
github.com/OpenSIN-Code/SIN-Code-Bundle/cmd/sin-code/internal/plugin_cmd.go:164.3,165.17 2 1
github.com/OpenSIN-Code/SIN-Code-Bundle/cmd/sin-code/internal/plugin_cmd.go:165.17,167.4 1 0
github.com/OpenSIN-Code/SIN-Code-Bundle/cmd/sin-code/internal/plugin_cmd.go:168.3,169.64 2 1
github.com/OpenSIN-Code/SIN-Code-Bundle/cmd/sin-code/internal/plugin_cmd.go:169.64,171.4 1 0
github.com/OpenSIN-Code/SIN-Code-Bundle/cmd/sin-code/internal/plugin_cmd.go:172.3,172.42 1 1
github.com/OpenSIN-Code/SIN-Code-Bundle/cmd/sin-code/internal/plugin_cmd.go:172.42,174.4 1 1
github.com/OpenSIN-Code/SIN-Code-Bundle/cmd/sin-code/internal/plugin_cmd.go:175.3,175.44 1 1
github.com/OpenSIN-Code/SIN-Code-Bundle/cmd/sin-code/internal/plugin_cmd.go:175.44,177.4 1 0
github.com/OpenSIN-Code/SIN-Code-Bundle/cmd/sin-code/internal/plugin_cmd.go:178.3,180.13 3 1
github.com/OpenSIN-Code/SIN-Code-Bundle/cmd/sin-code/internal/plugin_cmd.go:188.54,191.17 3 1
github.com/OpenSIN-Code/SIN-Code-Bundle/cmd/sin-code/internal/plugin_cmd.go:191.17,193.4 1 0
github.com/OpenSIN-Code/SIN-Code-Bundle/cmd/sin-code/internal/plugin_cmd.go:194.3,194.46 1 1
github.com/OpenSIN-Code/SIN-Code-Bundle/cmd/sin-code/internal/plugin_cmd.go:194.46,196.4 1 0
github.com/OpenSIN-Code/SIN-Code-Bundle/cmd/sin-code/internal/plugin_cmd.go:197.3,198.13 2 1
github.com/OpenSIN-Code/SIN-Code-Bundle/cmd/sin-code/internal/plugin_cmd.go:206.54,209.17 3 1
github.com/OpenSIN-Code/SIN-Code-Bundle/cmd/sin-code/internal/plugin_cmd.go:209.17,211.4 1 0
github.com/OpenSIN-Code/SIN-Code-Bundle/cmd/sin-code/internal/plugin_cmd.go:212.3,212.36 1 1
github.com/OpenSIN-Code/SIN-Code-Bundle/cmd/sin-code/internal/plugin_cmd.go:212.36,214.4 1 0
github.com/OpenSIN-Code/SIN-Code-Bundle/cmd/sin-code/internal/plugin_cmd.go:215.3,216.13 2 1
github.com/OpenSIN-Code/SIN-Code-Bundle/cmd/sin-code/internal/plugin_cmd.go:224.54,227.17 3 1
github.com/OpenSIN-Code/SIN-Code-Bundle/cmd/sin-code/internal/plugin_cmd.go:227.17,229.4 1 0
github.com/OpenSIN-Code/SIN-Code-Bundle/cmd/sin-code/internal/plugin_cmd.go:230.3,230.37 1 1
github.com/OpenSIN-Code/SIN-Code-Bundle/cmd/sin-code/internal/plugin_cmd.go:230.37,232.4 1 0
github.com/OpenSIN-Code/SIN-Code-Bundle/cmd/sin-code/internal/plugin_cmd.go:233.3,234.13 2 1
github.com/OpenSIN-Code/SIN-Code-Bundle/cmd/sin-code/internal/plugin_cmd.go:238.55,241.16 3 1
github.com/OpenSIN-Code/SIN-Code-Bundle/cmd/sin-code/internal/plugin_cmd.go:241.16,243.3 1 0
github.com/OpenSIN-Code/SIN-Code-Bundle/cmd/sin-code/internal/plugin_cmd.go:244.2,244.71 1 1
github.com/OpenSIN-Code/SIN-Code-Bundle/cmd/sin-code/internal/plugin_cmd.go:244.71,246.3 1 1
github.com/OpenSIN-Code/SIN-Code-Bundle/cmd/sin-code/internal/plugin_cmd.go:247.2,247.15 1 1
github.com/OpenSIN-Code/SIN-Code-Bundle/cmd/sin-code/internal/plugin_cmd.go:250.37,251.81 1 1
github.com/OpenSIN-Code/SIN-Code-Bundle/cmd/sin-code/internal/plugin_cmd.go:251.81,252.17 1 1
github.com/OpenSIN-Code/SIN-Code-Bundle/cmd/sin-code/internal/plugin_cmd.go:252.17,254.4 1 1
github.com/OpenSIN-Code/SIN-Code-Bundle/cmd/sin-code/internal/plugin_cmd.go:255.3,256.17 2 1
github.com/OpenSIN-Code/SIN-Code-Bundle/cmd/sin-code/internal/plugin_cmd.go:256.17,258.4 1 0
github.com/OpenSIN-Code/SIN-Code-Bundle/cmd/sin-code/internal/plugin_cmd.go:259.3,260.19 2 1
github.com/OpenSIN-Code/SIN-Code-Bundle/cmd/sin-code/internal/plugin_cmd.go:260.19,262.4 1 1
github.com/OpenSIN-Code/SIN-Code-Bundle/cmd/sin-code/internal/plugin_cmd.go:263.3,264.17 2 1
github.com/OpenSIN-Code/SIN-Code-Bundle/cmd/sin-code/internal/plugin_cmd.go:264.17,266.4 1 0
github.com/OpenSIN-Code/SIN-Code-Bundle/cmd/sin-code/internal/plugin_cmd.go:267.3,267.43 1 1
github.com/OpenSIN-Code/SIN-Code-Bundle/cmd/sin-code/internal/poc.go:40.54,42.19 2 0
github.com/OpenSIN-Code/SIN-Code-Bundle/cmd/sin-code/internal/poc.go:42.19,44.4 1 0
github.com/OpenSIN-Code/SIN-Code-Bundle/cmd/sin-code/internal/poc.go:45.3,45.19 1 0
github.com/OpenSIN-Code/SIN-Code-Bundle/cmd/sin-code/internal/poc.go:45.19,47.4 1 0
github.com/OpenSIN-Code/SIN-Code-Bundle/cmd/sin-code/internal/poc.go:49.3,50.17 2 0
github.com/OpenSIN-Code/SIN-Code-Bundle/cmd/sin-code/internal/poc.go:50.17,52.4 1 0
github.com/OpenSIN-Code/SIN-Code-Bundle/cmd/sin-code/internal/poc.go:54.3,54.26 1 0
github.com/OpenSIN-Code/SIN-Code-Bundle/cmd/sin-code/internal/poc.go:54.26,58.4 3 0
github.com/OpenSIN-Code/SIN-Code-Bundle/cmd/sin-code/internal/poc.go:59.3,59.31 1 0
github.com/OpenSIN-Code/SIN-Code-Bundle/cmd/sin-code/internal/poc.go:83.71,88.44 3 1
github.com/OpenSIN-Code/SIN-Code-Bundle/cmd/sin-code/internal/poc.go:88.44,90.17 2 1
github.com/OpenSIN-Code/SIN-Code-Bundle/cmd/sin-code/internal/poc.go:90.17,92.4 1 0
github.com/OpenSIN-Code/SIN-Code-Bundle/cmd/sin-code/internal/poc.go:93.3,93.29 1 1
github.com/OpenSIN-Code/SIN-Code-Bundle/cmd/sin-code/internal/poc.go:97.2,99.16 3 1
github.com/OpenSIN-Code/SIN-Code-Bundle/cmd/sin-code/internal/poc.go:99.16,101.3 1 0
github.com/OpenSIN-Code/SIN-Code-Bundle/cmd/sin-code/internal/poc.go:102.2,102.18 1 1
github.com/OpenSIN-Code/SIN-Code-Bundle/cmd/sin-code/internal/poc.go:102.18,103.87 1 1
github.com/OpenSIN-Code/SIN-Code-Bundle/cmd/sin-code/internal/poc.go:103.87,104.34 1 1
github.com/OpenSIN-Code/SIN-Code-Bundle/cmd/sin-code/internal/poc.go:104.34,106.5 1 1
github.com/OpenSIN-Code/SIN-Code-Bundle/cmd/sin-code/internal/poc.go:107.4,108.101 2 1
github.com/OpenSIN-Code/SIN-Code-Bundle/cmd/sin-code/internal/poc.go:108.101,110.5 1 1
github.com/OpenSIN-Code/SIN-Code-Bundle/cmd/sin-code/internal/poc.go:111.4,111.14 1 1
github.com/OpenSIN-Code/SIN-Code-Bundle/cmd/sin-code/internal/poc.go:113.3,113.17 1 1
github.com/OpenSIN-Code/SIN-Code-Bundle/cmd/sin-code/internal/poc.go:113.17,115.4 1 0
github.com/OpenSIN-Code/SIN-Code-Bundle/cmd/sin-code/internal/poc.go:116.8,118.3 1 1
github.com/OpenSIN-Code/SIN-Code-Bundle/cmd/sin-code/internal/poc.go:121.2,125.33 3 1
github.com/OpenSIN-Code/SIN-Code-Bundle/cmd/sin-code/internal/poc.go:125.33,127.17 2 1
github.com/OpenSIN-Code/SIN-Code-Bundle/cmd/sin-code/internal/poc.go:127.17,128.12 1 0
github.com/OpenSIN-Code/SIN-Code-Bundle/cmd/sin-code/internal/poc.go:130.3,131.64 2 1
github.com/OpenSIN-Code/SIN-Code-Bundle/cmd/sin-code/internal/poc.go:131.64,138.4 1 1
github.com/OpenSIN-Code/SIN-Code-Bundle/cmd/sin-code/internal/poc.go:142.2,142.35 1 1
github.com/OpenSIN-Code/SIN-Code-Bundle/cmd/sin-code/internal/poc.go:142.35,144.38 2 1
github.com/OpenSIN-Code/SIN-Code-Bundle/cmd/sin-code/internal/poc.go:144.38,145.175 1 1
github.com/OpenSIN-Code/SIN-Code-Bundle/cmd/sin-code/internal/poc.go:145.175,156.10 4 1
github.com/OpenSIN-Code/SIN-Code-Bundle/cmd/sin-code/internal/poc.go:159.3,159.13 1 1
github.com/OpenSIN-Code/SIN-Code-Bundle/cmd/sin-code/internal/poc.go:159.13,166.4 1 0
github.com/OpenSIN-Code/SIN-Code-Bundle/cmd/sin-code/internal/poc.go:170.2,170.33 1 1
github.com/OpenSIN-Code/SIN-Code-Bundle/cmd/sin-code/internal/poc.go:170.33,172.17 2 1
github.com/OpenSIN-Code/SIN-Code-Bundle/cmd/sin-code/internal/poc.go:172.17,173.12 1 0
github.com/OpenSIN-Code/SIN-Code-Bundle/cmd/sin-code/internal/poc.go:175.3,179.69 3 1
github.com/OpenSIN-Code/SIN-Code-Bundle/cmd/sin-code/internal/poc.go:179.69,180.45 1 1
github.com/OpenSIN-Code/SIN-Code-Bundle/cmd/sin-code/internal/poc.go:180.45,182.32 2 1
github.com/OpenSIN-Code/SIN-Code-Bundle/cmd/sin-code/internal/poc.go:182.32,183.44 1 1
github.com/OpenSIN-Code/SIN-Code-Bundle/cmd/sin-code/internal/poc.go:183.44,192.12 2 1
github.com/OpenSIN-Code/SIN-Code-Bundle/cmd/sin-code/internal/poc.go:199.3,199.24 1 1
github.com/OpenSIN-Code/SIN-Code-Bundle/cmd/sin-code/internal/poc.go:199.24,202.31 3 1
github.com/OpenSIN-Code/SIN-Code-Bundle/cmd/sin-code/internal/poc.go:202.31,204.25 2 1
github.com/OpenSIN-Code/SIN-Code-Bundle/cmd/sin-code/internal/poc.go:204.25,213.11 2 1
github.com/OpenSIN-Code/SIN-Code-Bundle/cmd/sin-code/internal/poc.go:219.2,221.31 3 1
github.com/OpenSIN-Code/SIN-Code-Bundle/cmd/sin-code/internal/poc.go:221.31,222.29 1 1
github.com/OpenSIN-Code/SIN-Code-Bundle/cmd/sin-code/internal/poc.go:222.29,224.4 1 1
github.com/OpenSIN-Code/SIN-Code-Bundle/cmd/sin-code/internal/poc.go:224.9,224.36 1 1
github.com/OpenSIN-Code/SIN-Code-Bundle/cmd/sin-code/internal/poc.go:224.36,226.4 1 0
github.com/OpenSIN-Code/SIN-Code-Bundle/cmd/sin-code/internal/poc.go:229.2,230.27 2 1
github.com/OpenSIN-Code/SIN-Code-Bundle/cmd/sin-code/internal/poc.go:230.27,232.3 1 1
github.com/OpenSIN-Code/SIN-Code-Bundle/cmd/sin-code/internal/poc.go:234.2,246.8 2 1
github.com/OpenSIN-Code/SIN-Code-Bundle/cmd/sin-code/internal/poc.go:288.56,290.19 2 1
github.com/OpenSIN-Code/SIN-Code-Bundle/cmd/sin-code/internal/poc.go:290.19,292.3 1 1
github.com/OpenSIN-Code/SIN-Code-Bundle/cmd/sin-code/internal/poc.go:294.2,295.33 2 1
github.com/OpenSIN-Code/SIN-Code-Bundle/cmd/sin-code/internal/poc.go:295.33,296.70 1 1
github.com/OpenSIN-Code/SIN-Code-Bundle/cmd/sin-code/internal/poc.go:296.70,298.4 1 1
github.com/OpenSIN-Code/SIN-Code-Bundle/cmd/sin-code/internal/poc.go:299.3,300.82 2 1
github.com/OpenSIN-Code/SIN-Code-Bundle/cmd/sin-code/internal/poc.go:306.2,307.62 2 1
github.com/OpenSIN-Code/SIN-Code-Bundle/cmd/sin-code/internal/poc.go:307.62,309.3 1 1
github.com/OpenSIN-Code/SIN-Code-Bundle/cmd/sin-code/internal/poc.go:315.2,316.62 2 1
github.com/OpenSIN-Code/SIN-Code-Bundle/cmd/sin-code/internal/poc.go:316.62,317.21 1 1
github.com/OpenSIN-Code/SIN-Code-Bundle/cmd/sin-code/internal/poc.go:317.21,319.4 1 1
github.com/OpenSIN-Code/SIN-Code-Bundle/cmd/sin-code/internal/poc.go:325.2,326.65 2 1
github.com/OpenSIN-Code/SIN-Code-Bundle/cmd/sin-code/internal/poc.go:326.65,327.21 1 0
github.com/OpenSIN-Code/SIN-Code-Bundle/cmd/sin-code/internal/poc.go:327.21,330.31 2 0
github.com/OpenSIN-Code/SIN-Code-Bundle/cmd/sin-code/internal/poc.go:330.31,331.13 1 0
github.com/OpenSIN-Code/SIN-Code-Bundle/cmd/sin-code/internal/poc.go:333.4,333.23 1 0
github.com/OpenSIN-Code/SIN-Code-Bundle/cmd/sin-code/internal/poc.go:338.2,339.66 2 1
github.com/OpenSIN-Code/SIN-Code-Bundle/cmd/sin-code/internal/poc.go:339.66,340.21 1 0
github.com/OpenSIN-Code/SIN-Code-Bundle/cmd/sin-code/internal/poc.go:340.21,341.54 1 0
github.com/OpenSIN-Code/SIN-Code-Bundle/cmd/sin-code/internal/poc.go:341.54,342.24 1 0
github.com/OpenSIN-Code/SIN-Code-Bundle/cmd/sin-code/internal/poc.go:342.24,345.6 2 0
github.com/OpenSIN-Code/SIN-Code-Bundle/cmd/sin-code/internal/poc.go:350.2,350.13 1 1
github.com/OpenSIN-Code/SIN-Code-Bundle/cmd/sin-code/internal/poc.go:356.41,357.20 1 0
github.com/OpenSIN-Code/SIN-Code-Bundle/cmd/sin-code/internal/poc.go:357.20,359.3 1 0
github.com/OpenSIN-Code/SIN-Code-Bundle/cmd/sin-code/internal/poc.go:360.2,362.25 3 0
github.com/OpenSIN-Code/SIN-Code-Bundle/cmd/sin-code/internal/poc.go:362.25,363.27 1 0
github.com/OpenSIN-Code/SIN-Code-Bundle/cmd/sin-code/internal/poc.go:363.27,365.4 1 0
github.com/OpenSIN-Code/SIN-Code-Bundle/cmd/sin-code/internal/poc.go:366.3,366.39 1 0
github.com/OpenSIN-Code/SIN-Code-Bundle/cmd/sin-code/internal/poc.go:366.39,368.4 1 0
github.com/OpenSIN-Code/SIN-Code-Bundle/cmd/sin-code/internal/poc.go:370.2,370.27 1 0
github.com/OpenSIN-Code/SIN-Code-Bundle/cmd/sin-code/internal/poc.go:373.45,379.28 5 0
github.com/OpenSIN-Code/SIN-Code-Bundle/cmd/sin-code/internal/poc.go:379.28,381.39 2 0
github.com/OpenSIN-Code/SIN-Code-Bundle/cmd/sin-code/internal/poc.go:381.39,383.24 2 0
github.com/OpenSIN-Code/SIN-Code-Bundle/cmd/sin-code/internal/poc.go:384.16,385.17 1 0
github.com/OpenSIN-Code/SIN-Code-Bundle/cmd/sin-code/internal/poc.go:386.16,387.17 1 0
github.com/OpenSIN-Code/SIN-Code-Bundle/cmd/sin-code/internal/poc.go:388.16,389.17 1 0
github.com/OpenSIN-Code/SIN-Code-Bundle/cmd/sin-code/internal/poc.go:391.4,392.24 2 0
github.com/OpenSIN-Code/SIN-Code-Bundle/cmd/sin-code/internal/poc.go:392.24,394.5 1 0
github.com/OpenSIN-Code/SIN-Code-Bundle/cmd/sin-code/internal/poc.go:395.4,395.88 1 0
github.com/OpenSIN-Code/SIN-Code-Bundle/cmd/sin-code/internal/poc.go:398.2,399.12 2 0
github.com/OpenSIN-Code/SIN-Code-Bundle/cmd/sin-code/internal/poc.go:402.13,406.2 3 1
github.com/OpenSIN-Code/SIN-Code-Bundle/cmd/sin-code/internal/read.go:46.54,48.17 2 0
github.com/OpenSIN-Code/SIN-Code-Bundle/cmd/sin-code/internal/read.go:48.17,50.4 1 0
github.com/OpenSIN-Code/SIN-Code-Bundle/cmd/sin-code/internal/read.go:51.3,52.17 2 0
github.com/OpenSIN-Code/SIN-Code-Bundle/cmd/sin-code/internal/read.go:52.17,54.4 1 0
github.com/OpenSIN-Code/SIN-Code-Bundle/cmd/sin-code/internal/read.go:55.3,55.27 1 0
github.com/OpenSIN-Code/SIN-Code-Bundle/cmd/sin-code/internal/read.go:55.27,59.4 3 0
github.com/OpenSIN-Code/SIN-Code-Bundle/cmd/sin-code/internal/read.go:60.3,61.23 2 0
github.com/OpenSIN-Code/SIN-Code-Bundle/cmd/sin-code/internal/read.go:61.23,64.4 1 0
github.com/OpenSIN-Code/SIN-Code-Bundle/cmd/sin-code/internal/read.go:65.3,65.13 1 0
github.com/OpenSIN-Code/SIN-Code-Bundle/cmd/sin-code/internal/read.go:69.13,75.2 5 1
github.com/OpenSIN-Code/SIN-Code-Bundle/cmd/sin-code/internal/read.go:89.90,91.16 2 1
github.com/OpenSIN-Code/SIN-Code-Bundle/cmd/sin-code/internal/read.go:91.16,93.3 1 0
github.com/OpenSIN-Code/SIN-Code-Bundle/cmd/sin-code/internal/read.go:94.2,94.18 1 1
github.com/OpenSIN-Code/SIN-Code-Bundle/cmd/sin-code/internal/read.go:94.18,96.3 1 1
github.com/OpenSIN-Code/SIN-Code-Bundle/cmd/sin-code/internal/read.go:97.2,97.65 1 1
github.com/OpenSIN-Code/SIN-Code-Bundle/cmd/sin-code/internal/read.go:97.65,100.3 1 1
github.com/OpenSIN-Code/SIN-Code-Bundle/cmd/sin-code/internal/read.go:102.2,103.16 2 1
github.com/OpenSIN-Code/SIN-Code-Bundle/cmd/sin-code/internal/read.go:103.16,105.3 1 0
github.com/OpenSIN-Code/SIN-Code-Bundle/cmd/sin-code/internal/read.go:106.2,106.23 1 1
github.com/OpenSIN-Code/SIN-Code-Bundle/cmd/sin-code/internal/read.go:106.23,108.3 1 1
github.com/OpenSIN-Code/SIN-Code-Bundle/cmd/sin-code/internal/read.go:110.2,120.23 6 1
github.com/OpenSIN-Code/SIN-Code-Bundle/cmd/sin-code/internal/read.go:120.23,122.3 1 0
github.com/OpenSIN-Code/SIN-Code-Bundle/cmd/sin-code/internal/read.go:124.2,124.16 1 1
github.com/OpenSIN-Code/SIN-Code-Bundle/cmd/sin-code/internal/read.go:124.16,126.3 1 0
github.com/OpenSIN-Code/SIN-Code-Bundle/cmd/sin-code/internal/read.go:127.2,127.33 1 1
github.com/OpenSIN-Code/SIN-Code-Bundle/cmd/sin-code/internal/read.go:127.33,129.3 1 1
github.com/OpenSIN-Code/SIN-Code-Bundle/cmd/sin-code/internal/read.go:130.2,130.16 1 1
github.com/OpenSIN-Code/SIN-Code-Bundle/cmd/sin-code/internal/read.go:130.16,132.3 1 1
github.com/OpenSIN-Code/SIN-Code-Bundle/cmd/sin-code/internal/read.go:133.2,134.17 2 1
github.com/OpenSIN-Code/SIN-Code-Bundle/cmd/sin-code/internal/read.go:134.17,136.3 1 1
github.com/OpenSIN-Code/SIN-Code-Bundle/cmd/sin-code/internal/read.go:137.2,143.14 5 1
github.com/OpenSIN-Code/SIN-Code-Bundle/cmd/sin-code/internal/read.go:144.13,145.40 1 1
github.com/OpenSIN-Code/SIN-Code-Bundle/cmd/sin-code/internal/read.go:146.18,147.48 1 1
github.com/OpenSIN-Code/SIN-Code-Bundle/cmd/sin-code/internal/read.go:148.10,149.82 1 0
github.com/OpenSIN-Code/SIN-Code-Bundle/cmd/sin-code/internal/read.go:151.2,151.17 1 1
github.com/OpenSIN-Code/SIN-Code-Bundle/cmd/sin-code/internal/read.go:154.76,169.16 6 0
github.com/OpenSIN-Code/SIN-Code-Bundle/cmd/sin-code/internal/read.go:169.16,171.3 1 0
github.com/OpenSIN-Code/SIN-Code-Bundle/cmd/sin-code/internal/read.go:172.2,174.12 3 0
github.com/OpenSIN-Code/SIN-Code-Bundle/cmd/sin-code/internal/sbom.go:40.54,42.20 2 0
github.com/OpenSIN-Code/SIN-Code-Bundle/cmd/sin-code/internal/sbom.go:42.20,44.4 1 0
github.com/OpenSIN-Code/SIN-Code-Bundle/cmd/sin-code/internal/sbom.go:45.3,53.17 6 0
github.com/OpenSIN-Code/SIN-Code-Bundle/cmd/sin-code/internal/sbom.go:53.17,55.4 1 0
github.com/OpenSIN-Code/SIN-Code-Bundle/cmd/sin-code/internal/sbom.go:57.3,58.36 2 0
github.com/OpenSIN-Code/SIN-Code-Bundle/cmd/sin-code/internal/sbom.go:58.36,60.18 2 0
github.com/OpenSIN-Code/SIN-Code-Bundle/cmd/sin-code/internal/sbom.go:60.18,62.5 1 0
github.com/OpenSIN-Code/SIN-Code-Bundle/cmd/sin-code/internal/sbom.go:63.4,64.11 2 0
github.com/OpenSIN-Code/SIN-Code-Bundle/cmd/sin-code/internal/sbom.go:67.3,69.26 3 0
github.com/OpenSIN-Code/SIN-Code-Bundle/cmd/sin-code/internal/sbom.go:73.13,76.2 2 1
github.com/OpenSIN-Code/SIN-Code-Bundle/cmd/sin-code/internal/sbom.go:139.71,142.31 3 0
github.com/OpenSIN-Code/SIN-Code-Bundle/cmd/sin-code/internal/sbom.go:142.31,144.3 1 0
github.com/OpenSIN-Code/SIN-Code-Bundle/cmd/sin-code/internal/sbom.go:146.2,146.16 1 0
github.com/OpenSIN-Code/SIN-Code-Bundle/cmd/sin-code/internal/sbom.go:147.19,148.55 1 0
github.com/OpenSIN-Code/SIN-Code-Bundle/cmd/sin-code/internal/sbom.go:149.24,150.60 1 0
github.com/OpenSIN-Code/SIN-Code-Bundle/cmd/sin-code/internal/sbom.go:151.10,152.59 1 0
github.com/OpenSIN-Code/SIN-Code-Bundle/cmd/sin-code/internal/sbom.go:158.82,160.16 2 0
github.com/OpenSIN-Code/SIN-Code-Bundle/cmd/sin-code/internal/sbom.go:160.16,162.3 1 0
github.com/OpenSIN-Code/SIN-Code-Bundle/cmd/sin-code/internal/sbom.go:164.2,165.27 2 0
github.com/OpenSIN-Code/SIN-Code-Bundle/cmd/sin-code/internal/sbom.go:165.27,167.33 2 0
github.com/OpenSIN-Code/SIN-Code-Bundle/cmd/sin-code/internal/sbom.go:167.33,169.4 1 0
github.com/OpenSIN-Code/SIN-Code-Bundle/cmd/sin-code/internal/sbom.go:170.3,182.35 2 0
github.com/OpenSIN-Code/SIN-Code-Bundle/cmd/sin-code/internal/sbom.go:186.2,186.24 1 0
github.com/OpenSIN-Code/SIN-Code-Bundle/cmd/sin-code/internal/sbom.go:186.24,199.3 1 0
github.com/OpenSIN-Code/SIN-Code-Bundle/cmd/sin-code/internal/sbom.go:201.2,212.17 2 0
github.com/OpenSIN-Code/SIN-Code-Bundle/cmd/sin-code/internal/sbom.go:217.92,219.16 2 0
github.com/OpenSIN-Code/SIN-Code-Bundle/cmd/sin-code/internal/sbom.go:219.16,221.3 1 0
github.com/OpenSIN-Code/SIN-Code-Bundle/cmd/sin-code/internal/sbom.go:223.2,224.27 2 0
github.com/OpenSIN-Code/SIN-Code-Bundle/cmd/sin-code/internal/sbom.go:224.27,233.3 1 0
github.com/OpenSIN-Code/SIN-Code-Bundle/cmd/sin-code/internal/sbom.go:235.2,235.26 1 0
github.com/OpenSIN-Code/SIN-Code-Bundle/cmd/sin-code/internal/sbom.go:235.26,244.3 1 0
github.com/OpenSIN-Code/SIN-Code-Bundle/cmd/sin-code/internal/sbom.go:246.2,259.17 2 0
github.com/OpenSIN-Code/SIN-Code-Bundle/cmd/sin-code/internal/sbom.go:273.71,276.18 2 0
github.com/OpenSIN-Code/SIN-Code-Bundle/cmd/sin-code/internal/sbom.go:277.12,279.17 2 0
github.com/OpenSIN-Code/SIN-Code-Bundle/cmd/sin-code/internal/sbom.go:279.17,281.4 1 0
github.com/OpenSIN-Code/SIN-Code-Bundle/cmd/sin-code/internal/sbom.go:282.3,282.33 1 0
github.com/OpenSIN-Code/SIN-Code-Bundle/cmd/sin-code/internal/sbom.go:283.16,285.17 2 0
github.com/OpenSIN-Code/SIN-Code-Bundle/cmd/sin-code/internal/sbom.go:285.17,287.4 1 0
github.com/OpenSIN-Code/SIN-Code-Bundle/cmd/sin-code/internal/sbom.go:288.3,288.33 1 0
github.com/OpenSIN-Code/SIN-Code-Bundle/cmd/sin-code/internal/sbom.go:289.14,291.17 2 0
github.com/OpenSIN-Code/SIN-Code-Bundle/cmd/sin-code/internal/sbom.go:291.17,293.4 1 0
github.com/OpenSIN-Code/SIN-Code-Bundle/cmd/sin-code/internal/sbom.go:294.3,294.35 1 0
github.com/OpenSIN-Code/SIN-Code-Bundle/cmd/sin-code/internal/sbom.go:295.10,296.34 1 0
github.com/OpenSIN-Code/SIN-Code-Bundle/cmd/sin-code/internal/sbom.go:299.2,299.18 1 0
github.com/OpenSIN-Code/SIN-Code-Bundle/cmd/sin-code/internal/sbom.go:304.55,309.16 4 0
github.com/OpenSIN-Code/SIN-Code-Bundle/cmd/sin-code/internal/sbom.go:309.16,312.3 1 0
github.com/OpenSIN-Code/SIN-Code-Bundle/cmd/sin-code/internal/sbom.go:313.2,313.39 1 0
github.com/OpenSIN-Code/SIN-Code-Bundle/cmd/sin-code/internal/sbom.go:323.58,326.21 3 0
github.com/OpenSIN-Code/SIN-Code-Bundle/cmd/sin-code/internal/sbom.go:326.21,328.46 2 0
github.com/OpenSIN-Code/SIN-Code-Bundle/cmd/sin-code/internal/sbom.go:328.46,329.9 1 0
github.com/OpenSIN-Code/SIN-Code-Bundle/cmd/sin-code/internal/sbom.go:331.3,339.15 2 0
github.com/OpenSIN-Code/SIN-Code-Bundle/cmd/sin-code/internal/sbom.go:339.15,342.4 2 0
github.com/OpenSIN-Code/SIN-Code-Bundle/cmd/sin-code/internal/sbom.go:343.3,343.27 1 0
github.com/OpenSIN-Code/SIN-Code-Bundle/cmd/sin-code/internal/sbom.go:345.2,345.18 1 0
github.com/OpenSIN-Code/SIN-Code-Bundle/cmd/sin-code/internal/sbom.go:348.60,350.16 2 0
github.com/OpenSIN-Code/SIN-Code-Bundle/cmd/sin-code/internal/sbom.go:350.16,352.3 1 0
github.com/OpenSIN-Code/SIN-Code-Bundle/cmd/sin-code/internal/sbom.go:353.2,357.29 5 0
github.com/OpenSIN-Code/SIN-Code-Bundle/cmd/sin-code/internal/sbom.go:357.29,359.43 2 0
github.com/OpenSIN-Code/SIN-Code-Bundle/cmd/sin-code/internal/sbom.go:359.43,361.12 2 0
github.com/OpenSIN-Code/SIN-Code-Bundle/cmd/sin-code/internal/sbom.go:363.3,363.31 1 0
github.com/OpenSIN-Code/SIN-Code-Bundle/cmd/sin-code/internal/sbom.go:363.31,365.12 2 0
github.com/OpenSIN-Code/SIN-Code-Bundle/cmd/sin-code/internal/sbom.go:367.3,367.55 1 0
github.com/OpenSIN-Code/SIN-Code-Bundle/cmd/sin-code/internal/sbom.go:367.55,369.57 2 0
github.com/OpenSIN-Code/SIN-Code-Bundle/cmd/sin-code/internal/sbom.go:369.57,371.5 1 0
github.com/OpenSIN-Code/SIN-Code-Bundle/cmd/sin-code/internal/sbom.go:372.4,373.52 2 0
github.com/OpenSIN-Code/SIN-Code-Bundle/cmd/sin-code/internal/sbom.go:373.52,382.5 1 0
github.com/OpenSIN-Code/SIN-Code-Bundle/cmd/sin-code/internal/sbom.go:385.2,385.18 1 0
github.com/OpenSIN-Code/SIN-Code-Bundle/cmd/sin-code/internal/sbom.go:390.59,393.83 2 0
github.com/OpenSIN-Code/SIN-Code-Bundle/cmd/sin-code/internal/sbom.go:393.83,396.3 2 0
github.com/OpenSIN-Code/SIN-Code-Bundle/cmd/sin-code/internal/sbom.go:398.2,398.99 1 0
github.com/OpenSIN-Code/SIN-Code-Bundle/cmd/sin-code/internal/sbom.go:398.99,401.3 2 0
github.com/OpenSIN-Code/SIN-Code-Bundle/cmd/sin-code/internal/sbom.go:403.2,403.18 1 0
github.com/OpenSIN-Code/SIN-Code-Bundle/cmd/sin-code/internal/sbom.go:406.56,410.29 4 0
github.com/OpenSIN-Code/SIN-Code-Bundle/cmd/sin-code/internal/sbom.go:410.29,412.81 2 0
github.com/OpenSIN-Code/SIN-Code-Bundle/cmd/sin-code/internal/sbom.go:412.81,413.12 1 0
github.com/OpenSIN-Code/SIN-Code-Bundle/cmd/sin-code/internal/sbom.go:415.3,416.18 2 0
github.com/OpenSIN-Code/SIN-Code-Bundle/cmd/sin-code/internal/sbom.go:416.18,418.57 2 0
github.com/OpenSIN-Code/SIN-Code-Bundle/cmd/sin-code/internal/sbom.go:418.57,420.5 1 0
github.com/OpenSIN-Code/SIN-Code-Bundle/cmd/sin-code/internal/sbom.go:421.4,428.6 1 0
github.com/OpenSIN-Code/SIN-Code-Bundle/cmd/sin-code/internal/sbom.go:431.2,431.13 1 0
github.com/OpenSIN-Code/SIN-Code-Bundle/cmd/sin-code/internal/sbom.go:434.54,439.29 5 0
github.com/OpenSIN-Code/SIN-Code-Bundle/cmd/sin-code/internal/sbom.go:439.29,441.99 2 0
github.com/OpenSIN-Code/SIN-Code-Bundle/cmd/sin-code/internal/sbom.go:441.99,443.12 2 0
github.com/OpenSIN-Code/SIN-Code-Bundle/cmd/sin-code/internal/sbom.go:445.3,445.77 1 0
github.com/OpenSIN-Code/SIN-Code-Bundle/cmd/sin-code/internal/sbom.go:445.77,447.12 2 0
github.com/OpenSIN-Code/SIN-Code-Bundle/cmd/sin-code/internal/sbom.go:449.3,449.13 1 0
github.com/OpenSIN-Code/SIN-Code-Bundle/cmd/sin-code/internal/sbom.go:449.13,451.19 2 0
github.com/OpenSIN-Code/SIN-Code-Bundle/cmd/sin-code/internal/sbom.go:451.19,460.5 1 0
github.com/OpenSIN-Code/SIN-Code-Bundle/cmd/sin-code/internal/sbom.go:463.2,463.13 1 0
github.com/OpenSIN-Code/SIN-Code-Bundle/cmd/sin-code/internal/sbom.go:484.57,486.16 2 0
github.com/OpenSIN-Code/SIN-Code-Bundle/cmd/sin-code/internal/sbom.go:486.16,488.3 1 0
github.com/OpenSIN-Code/SIN-Code-Bundle/cmd/sin-code/internal/sbom.go:489.2,490.51 2 0
github.com/OpenSIN-Code/SIN-Code-Bundle/cmd/sin-code/internal/sbom.go:490.51,492.3 1 0
github.com/OpenSIN-Code/SIN-Code-Bundle/cmd/sin-code/internal/sbom.go:494.2,496.23 3 0
github.com/OpenSIN-Code/SIN-Code-Bundle/cmd/sin-code/internal/sbom.go:496.23,498.3 1 0
github.com/OpenSIN-Code/SIN-Code-Bundle/cmd/sin-code/internal/sbom.go:500.2,502.37 3 0
github.com/OpenSIN-Code/SIN-Code-Bundle/cmd/sin-code/internal/sbom.go:502.37,504.3 1 0
github.com/OpenSIN-Code/SIN-Code-Bundle/cmd/sin-code/internal/sbom.go:505.2,505.40 1 0
github.com/OpenSIN-Code/SIN-Code-Bundle/cmd/sin-code/internal/sbom.go:505.40,507.3 1 0
github.com/OpenSIN-Code/SIN-Code-Bundle/cmd/sin-code/internal/sbom.go:509.2,509.36 1 0
github.com/OpenSIN-Code/SIN-Code-Bundle/cmd/sin-code/internal/sbom.go:509.36,512.27 2 0
github.com/OpenSIN-Code/SIN-Code-Bundle/cmd/sin-code/internal/sbom.go:512.27,513.75 1 0
github.com/OpenSIN-Code/SIN-Code-Bundle/cmd/sin-code/internal/sbom.go:513.75,515.5 1 0
github.com/OpenSIN-Code/SIN-Code-Bundle/cmd/sin-code/internal/sbom.go:517.3,517.31 1 0
github.com/OpenSIN-Code/SIN-Code-Bundle/cmd/sin-code/internal/sbom.go:517.31,518.63 1 0
github.com/OpenSIN-Code/SIN-Code-Bundle/cmd/sin-code/internal/sbom.go:518.63,520.5 1 0
github.com/OpenSIN-Code/SIN-Code-Bundle/cmd/sin-code/internal/sbom.go:522.3,529.5 1 0
github.com/OpenSIN-Code/SIN-Code-Bundle/cmd/sin-code/internal/sbom.go:532.2,532.18 1 0
github.com/OpenSIN-Code/SIN-Code-Bundle/cmd/sin-code/internal/sbom.go:535.58,537.51 2 0
github.com/OpenSIN-Code/SIN-Code-Bundle/cmd/sin-code/internal/sbom.go:537.51,539.3 1 0
github.com/OpenSIN-Code/SIN-Code-Bundle/cmd/sin-code/internal/sbom.go:540.2,541.46 2 0
github.com/OpenSIN-Code/SIN-Code-Bundle/cmd/sin-code/internal/sbom.go:541.46,550.3 1 0
github.com/OpenSIN-Code/SIN-Code-Bundle/cmd/sin-code/internal/sbom.go:551.2,551.49 1 0
github.com/OpenSIN-Code/SIN-Code-Bundle/cmd/sin-code/internal/sbom.go:551.49,560.3 1 0
github.com/OpenSIN-Code/SIN-Code-Bundle/cmd/sin-code/internal/sbom.go:561.2,561.18 1 0
github.com/OpenSIN-Code/SIN-Code-Bundle/cmd/sin-code/internal/sbom.go:566.51,569.16 3 0
github.com/OpenSIN-Code/SIN-Code-Bundle/cmd/sin-code/internal/sbom.go:569.16,571.3 1 0
github.com/OpenSIN-Code/SIN-Code-Bundle/cmd/sin-code/internal/sbom.go:572.2,572.32 1 0
github.com/OpenSIN-Code/SIN-Code-Bundle/cmd/sin-code/internal/sbom.go:572.32,573.61 1 0
github.com/OpenSIN-Code/SIN-Code-Bundle/cmd/sin-code/internal/sbom.go:573.61,582.4 1 0
github.com/OpenSIN-Code/SIN-Code-Bundle/cmd/sin-code/internal/sbom.go:584.2,584.13 1 0
github.com/OpenSIN-Code/SIN-Code-Bundle/cmd/sin-code/internal/sbom.go:589.38,593.2 2 0
github.com/OpenSIN-Code/SIN-Code-Bundle/cmd/sin-code/internal/sbom.go:595.23,598.19 2 0
github.com/OpenSIN-Code/SIN-Code-Bundle/cmd/sin-code/internal/sbom.go:598.19,600.3 1 0
github.com/OpenSIN-Code/SIN-Code-Bundle/cmd/sin-code/internal/sbom.go:601.2,603.81 3 0
github.com/OpenSIN-Code/SIN-Code-Bundle/cmd/sin-code/internal/sckg.go:42.54,44.20 2 0
github.com/OpenSIN-Code/SIN-Code-Bundle/cmd/sin-code/internal/sckg.go:44.20,46.4 1 0
github.com/OpenSIN-Code/SIN-Code-Bundle/cmd/sin-code/internal/sckg.go:47.3,48.17 2 0
github.com/OpenSIN-Code/SIN-Code-Bundle/cmd/sin-code/internal/sckg.go:48.17,50.4 1 0
github.com/OpenSIN-Code/SIN-Code-Bundle/cmd/sin-code/internal/sckg.go:51.3,51.65 1 0
github.com/OpenSIN-Code/SIN-Code-Bundle/cmd/sin-code/internal/sckg.go:51.65,52.18 1 0
github.com/OpenSIN-Code/SIN-Code-Bundle/cmd/sin-code/internal/sckg.go:52.18,54.5 1 0
github.com/OpenSIN-Code/SIN-Code-Bundle/cmd/sin-code/internal/sckg.go:55.4,55.61 1 0
github.com/OpenSIN-Code/SIN-Code-Bundle/cmd/sin-code/internal/sckg.go:58.3,58.21 1 0
github.com/OpenSIN-Code/SIN-Code-Bundle/cmd/sin-code/internal/sckg.go:59.16,61.18 2 0
github.com/OpenSIN-Code/SIN-Code-Bundle/cmd/sin-code/internal/sckg.go:61.18,63.5 1 0
github.com/OpenSIN-Code/SIN-Code-Bundle/cmd/sin-code/internal/sckg.go:64.4,64.28 1 0
github.com/OpenSIN-Code/SIN-Code-Bundle/cmd/sin-code/internal/sckg.go:64.28,68.5 3 0
github.com/OpenSIN-Code/SIN-Code-Bundle/cmd/sin-code/internal/sckg.go:69.4,69.37 1 0
github.com/OpenSIN-Code/SIN-Code-Bundle/cmd/sin-code/internal/sckg.go:70.16,71.23 1 0
github.com/OpenSIN-Code/SIN-Code-Bundle/cmd/sin-code/internal/sckg.go:71.23,73.5 1 0
github.com/OpenSIN-Code/SIN-Code-Bundle/cmd/sin-code/internal/sckg.go:74.4,75.18 2 0
github.com/OpenSIN-Code/SIN-Code-Bundle/cmd/sin-code/internal/sckg.go:75.18,77.5 1 0
github.com/OpenSIN-Code/SIN-Code-Bundle/cmd/sin-code/internal/sckg.go:78.4,79.28 2 0
github.com/OpenSIN-Code/SIN-Code-Bundle/cmd/sin-code/internal/sckg.go:79.28,83.5 3 0
github.com/OpenSIN-Code/SIN-Code-Bundle/cmd/sin-code/internal/sckg.go:84.4,84.39 1 0
github.com/OpenSIN-Code/SIN-Code-Bundle/cmd/sin-code/internal/sckg.go:85.16,87.18 2 0
github.com/OpenSIN-Code/SIN-Code-Bundle/cmd/sin-code/internal/sckg.go:87.18,89.5 1 0
github.com/OpenSIN-Code/SIN-Code-Bundle/cmd/sin-code/internal/sckg.go:90.4,91.28 2 0
github.com/OpenSIN-Code/SIN-Code-Bundle/cmd/sin-code/internal/sckg.go:91.28,95.5 3 0
github.com/OpenSIN-Code/SIN-Code-Bundle/cmd/sin-code/internal/sckg.go:96.4,96.37 1 0
github.com/OpenSIN-Code/SIN-Code-Bundle/cmd/sin-code/internal/sckg.go:97.17,99.18 2 0
github.com/OpenSIN-Code/SIN-Code-Bundle/cmd/sin-code/internal/sckg.go:99.18,101.5 1 0
github.com/OpenSIN-Code/SIN-Code-Bundle/cmd/sin-code/internal/sckg.go:102.4,104.28 3 0
github.com/OpenSIN-Code/SIN-Code-Bundle/cmd/sin-code/internal/sckg.go:105.11,106.86 1 0
github.com/OpenSIN-Code/SIN-Code-Bundle/cmd/sin-code/internal/sckg.go:152.50,157.73 4 0
github.com/OpenSIN-Code/SIN-Code-Bundle/cmd/sin-code/internal/sckg.go:157.73,158.35 1 0
github.com/OpenSIN-Code/SIN-Code-Bundle/cmd/sin-code/internal/sckg.go:158.35,160.4 1 0
github.com/OpenSIN-Code/SIN-Code-Bundle/cmd/sin-code/internal/sckg.go:161.3,171.13 4 0
github.com/OpenSIN-Code/SIN-Code-Bundle/cmd/sin-code/internal/sckg.go:174.2,174.46 1 0
github.com/OpenSIN-Code/SIN-Code-Bundle/cmd/sin-code/internal/sckg.go:174.46,176.3 1 0
github.com/OpenSIN-Code/SIN-Code-Bundle/cmd/sin-code/internal/sckg.go:178.2,178.82 1 0
github.com/OpenSIN-Code/SIN-Code-Bundle/cmd/sin-code/internal/sckg.go:178.82,179.33 1 0
github.com/OpenSIN-Code/SIN-Code-Bundle/cmd/sin-code/internal/sckg.go:179.33,180.35 1 0
github.com/OpenSIN-Code/SIN-Code-Bundle/cmd/sin-code/internal/sckg.go:180.35,182.170 2 0
github.com/OpenSIN-Code/SIN-Code-Bundle/cmd/sin-code/internal/sckg.go:182.170,184.6 1 0
github.com/OpenSIN-Code/SIN-Code-Bundle/cmd/sin-code/internal/sckg.go:186.4,186.14 1 0
github.com/OpenSIN-Code/SIN-Code-Bundle/cmd/sin-code/internal/sckg.go:189.3,191.64 3 0
github.com/OpenSIN-Code/SIN-Code-Bundle/cmd/sin-code/internal/sckg.go:191.64,193.4 1 0
github.com/OpenSIN-Code/SIN-Code-Bundle/cmd/sin-code/internal/sckg.go:195.3,199.42 4 0
github.com/OpenSIN-Code/SIN-Code-Bundle/cmd/sin-code/internal/sckg.go:199.42,201.4 1 0
github.com/OpenSIN-Code/SIN-Code-Bundle/cmd/sin-code/internal/sckg.go:204.3,205.28 2 0
github.com/OpenSIN-Code/SIN-Code-Bundle/cmd/sin-code/internal/sckg.go:205.28,209.4 3 0
github.com/OpenSIN-Code/SIN-Code-Bundle/cmd/sin-code/internal/sckg.go:212.3,213.49 2 0
github.com/OpenSIN-Code/SIN-Code-Bundle/cmd/sin-code/internal/sckg.go:213.49,215.35 2 0
github.com/OpenSIN-Code/SIN-Code-Bundle/cmd/sin-code/internal/sckg.go:215.35,216.30 1 0
github.com/OpenSIN-Code/SIN-Code-Bundle/cmd/sin-code/internal/sckg.go:216.30,221.31 5 0
github.com/OpenSIN-Code/SIN-Code-Bundle/cmd/sin-code/internal/sckg.go:221.31,223.7 1 0
github.com/OpenSIN-Code/SIN-Code-Bundle/cmd/sin-code/internal/sckg.go:226.4,226.25 1 0
github.com/OpenSIN-Code/SIN-Code-Bundle/cmd/sin-code/internal/sckg.go:229.3,229.13 1 0
github.com/OpenSIN-Code/SIN-Code-Bundle/cmd/sin-code/internal/sckg.go:231.2,231.16 1 0
github.com/OpenSIN-Code/SIN-Code-Bundle/cmd/sin-code/internal/sckg.go:231.16,233.3 1 0
github.com/OpenSIN-Code/SIN-Code-Bundle/cmd/sin-code/internal/sckg.go:235.2,235.52 1 0
github.com/OpenSIN-Code/SIN-Code-Bundle/cmd/sin-code/internal/sckg.go:238.62,246.35 6 0
github.com/OpenSIN-Code/SIN-Code-Bundle/cmd/sin-code/internal/sckg.go:246.35,249.56 1 0
github.com/OpenSIN-Code/SIN-Code-Bundle/cmd/sin-code/internal/sckg.go:249.56,252.4 2 0
github.com/OpenSIN-Code/SIN-Code-Bundle/cmd/sin-code/internal/sckg.go:256.2,256.35 1 0
github.com/OpenSIN-Code/SIN-Code-Bundle/cmd/sin-code/internal/sckg.go:256.35,257.82 1 0
github.com/OpenSIN-Code/SIN-Code-Bundle/cmd/sin-code/internal/sckg.go:257.82,258.37 1 0
github.com/OpenSIN-Code/SIN-Code-Bundle/cmd/sin-code/internal/sckg.go:258.37,259.31 1 0
github.com/OpenSIN-Code/SIN-Code-Bundle/cmd/sin-code/internal/sckg.go:259.31,262.11 3 0
github.com/OpenSIN-Code/SIN-Code-Bundle/cmd/sin-code/internal/sckg.go:266.3,266.82 1 0
github.com/OpenSIN-Code/SIN-Code-Bundle/cmd/sin-code/internal/sckg.go:266.82,267.37 1 0
github.com/OpenSIN-Code/SIN-Code-Bundle/cmd/sin-code/internal/sckg.go:267.37,268.31 1 0
github.com/OpenSIN-Code/SIN-Code-Bundle/cmd/sin-code/internal/sckg.go:268.31,271.11 3 0
github.com/OpenSIN-Code/SIN-Code-Bundle/cmd/sin-code/internal/sckg.go:277.2,282.3 1 0
github.com/OpenSIN-Code/SIN-Code-Bundle/cmd/sin-code/internal/sckg.go:285.46,291.35 5 0
github.com/OpenSIN-Code/SIN-Code-Bundle/cmd/sin-code/internal/sckg.go:291.35,293.3 1 0
github.com/OpenSIN-Code/SIN-Code-Bundle/cmd/sin-code/internal/sckg.go:294.2,294.35 1 0
github.com/OpenSIN-Code/SIN-Code-Bundle/cmd/sin-code/internal/sckg.go:294.35,298.29 4 0
github.com/OpenSIN-Code/SIN-Code-Bundle/cmd/sin-code/internal/sckg.go:298.29,300.4 1 0
github.com/OpenSIN-Code/SIN-Code-Bundle/cmd/sin-code/internal/sckg.go:303.2,304.40 2 0
github.com/OpenSIN-Code/SIN-Code-Bundle/cmd/sin-code/internal/sckg.go:304.40,306.3 1 0
github.com/OpenSIN-Code/SIN-Code-Bundle/cmd/sin-code/internal/sckg.go:307.2,307.45 1 0
github.com/OpenSIN-Code/SIN-Code-Bundle/cmd/sin-code/internal/sckg.go:307.45,309.3 1 0
github.com/OpenSIN-Code/SIN-Code-Bundle/cmd/sin-code/internal/sckg.go:310.2,310.26 1 0
github.com/OpenSIN-Code/SIN-Code-Bundle/cmd/sin-code/internal/sckg.go:310.26,312.3 1 0
github.com/OpenSIN-Code/SIN-Code-Bundle/cmd/sin-code/internal/sckg.go:314.2,315.35 2 0
github.com/OpenSIN-Code/SIN-Code-Bundle/cmd/sin-code/internal/sckg.go:315.35,316.59 1 0
github.com/OpenSIN-Code/SIN-Code-Bundle/cmd/sin-code/internal/sckg.go:316.59,318.4 1 0
github.com/OpenSIN-Code/SIN-Code-Bundle/cmd/sin-code/internal/sckg.go:321.2,328.3 1 0
github.com/OpenSIN-Code/SIN-Code-Bundle/cmd/sin-code/internal/sckg.go:331.35,332.14 1 0
github.com/OpenSIN-Code/SIN-Code-Bundle/cmd/sin-code/internal/sckg.go:333.24,334.20 1 0
github.com/OpenSIN-Code/SIN-Code-Bundle/cmd/sin-code/internal/sckg.go:335.24,336.16 1 0
github.com/OpenSIN-Code/SIN-Code-Bundle/cmd/sin-code/internal/sckg.go:337.22,338.20 1 0
github.com/OpenSIN-Code/SIN-Code-Bundle/cmd/sin-code/internal/sckg.go:339.10,340.14 1 0
github.com/OpenSIN-Code/SIN-Code-Bundle/cmd/sin-code/internal/sckg.go:344.50,350.35 6 0
github.com/OpenSIN-Code/SIN-Code-Bundle/cmd/sin-code/internal/sckg.go:350.35,352.3 1 0
github.com/OpenSIN-Code/SIN-Code-Bundle/cmd/sin-code/internal/sckg.go:353.2,354.26 2 0
github.com/OpenSIN-Code/SIN-Code-Bundle/cmd/sin-code/internal/sckg.go:354.26,356.3 1 0
github.com/OpenSIN-Code/SIN-Code-Bundle/cmd/sin-code/internal/sckg.go:357.2,357.43 1 0
github.com/OpenSIN-Code/SIN-Code-Bundle/cmd/sin-code/internal/sckg.go:357.43,357.91 1 0
github.com/OpenSIN-Code/SIN-Code-Bundle/cmd/sin-code/internal/sckg.go:358.2,358.29 1 0
github.com/OpenSIN-Code/SIN-Code-Bundle/cmd/sin-code/internal/sckg.go:358.29,360.3 1 0
github.com/OpenSIN-Code/SIN-Code-Bundle/cmd/sin-code/internal/sckg.go:361.2,361.12 1 0
github.com/OpenSIN-Code/SIN-Code-Bundle/cmd/sin-code/internal/sckg.go:364.53,368.29 3 0
github.com/OpenSIN-Code/SIN-Code-Bundle/cmd/sin-code/internal/sckg.go:368.29,370.39 2 0
github.com/OpenSIN-Code/SIN-Code-Bundle/cmd/sin-code/internal/sckg.go:370.39,372.4 1 0
github.com/OpenSIN-Code/SIN-Code-Bundle/cmd/sin-code/internal/sckg.go:375.2,375.29 1 0
github.com/OpenSIN-Code/SIN-Code-Bundle/cmd/sin-code/internal/sckg.go:375.29,377.39 2 0
github.com/OpenSIN-Code/SIN-Code-Bundle/cmd/sin-code/internal/sckg.go:377.39,379.4 1 0
github.com/OpenSIN-Code/SIN-Code-Bundle/cmd/sin-code/internal/sckg.go:381.2,381.12 1 0
github.com/OpenSIN-Code/SIN-Code-Bundle/cmd/sin-code/internal/sckg.go:384.50,390.42 5 0
github.com/OpenSIN-Code/SIN-Code-Bundle/cmd/sin-code/internal/sckg.go:390.42,392.3 1 0
github.com/OpenSIN-Code/SIN-Code-Bundle/cmd/sin-code/internal/sckg.go:394.2,395.42 2 0
github.com/OpenSIN-Code/SIN-Code-Bundle/cmd/sin-code/internal/sckg.go:395.42,397.3 1 0
github.com/OpenSIN-Code/SIN-Code-Bundle/cmd/sin-code/internal/sckg.go:399.2,399.31 1 0
github.com/OpenSIN-Code/SIN-Code-Bundle/cmd/sin-code/internal/sckg.go:399.31,401.40 2 0
github.com/OpenSIN-Code/SIN-Code-Bundle/cmd/sin-code/internal/sckg.go:401.40,403.4 1 0
github.com/OpenSIN-Code/SIN-Code-Bundle/cmd/sin-code/internal/sckg.go:406.2,406.32 1 0
github.com/OpenSIN-Code/SIN-Code-Bundle/cmd/sin-code/internal/sckg.go:406.32,408.44 2 0
github.com/OpenSIN-Code/SIN-Code-Bundle/cmd/sin-code/internal/sckg.go:408.44,410.4 1 0
github.com/OpenSIN-Code/SIN-Code-Bundle/cmd/sin-code/internal/sckg.go:412.2,412.12 1 0
github.com/OpenSIN-Code/SIN-Code-Bundle/cmd/sin-code/internal/sckg.go:415.13,419.2 3 1
github.com/OpenSIN-Code/SIN-Code-Bundle/cmd/sin-code/internal/scout.go:54.54,55.23 1 1
github.com/OpenSIN-Code/SIN-Code-Bundle/cmd/sin-code/internal/scout.go:55.23,57.4 1 1
github.com/OpenSIN-Code/SIN-Code-Bundle/cmd/sin-code/internal/scout.go:58.3,59.17 2 1
github.com/OpenSIN-Code/SIN-Code-Bundle/cmd/sin-code/internal/scout.go:59.17,61.4 1 0
github.com/OpenSIN-Code/SIN-Code-Bundle/cmd/sin-code/internal/scout.go:62.3,62.65 1 1
github.com/OpenSIN-Code/SIN-Code-Bundle/cmd/sin-code/internal/scout.go:62.65,63.18 1 1
github.com/OpenSIN-Code/SIN-Code-Bundle/cmd/sin-code/internal/scout.go:63.18,65.5 1 1
github.com/OpenSIN-Code/SIN-Code-Bundle/cmd/sin-code/internal/scout.go:66.4,66.61 1 1
github.com/OpenSIN-Code/SIN-Code-Bundle/cmd/sin-code/internal/scout.go:70.3,70.22 1 1
github.com/OpenSIN-Code/SIN-Code-Bundle/cmd/sin-code/internal/scout.go:70.22,72.4 1 1
github.com/OpenSIN-Code/SIN-Code-Bundle/cmd/sin-code/internal/scout.go:74.3,75.17 2 1
github.com/OpenSIN-Code/SIN-Code-Bundle/cmd/sin-code/internal/scout.go:75.17,77.4 1 1
github.com/OpenSIN-Code/SIN-Code-Bundle/cmd/sin-code/internal/scout.go:79.3,79.28 1 1
github.com/OpenSIN-Code/SIN-Code-Bundle/cmd/sin-code/internal/scout.go:79.28,83.4 3 1
github.com/OpenSIN-Code/SIN-Code-Bundle/cmd/sin-code/internal/scout.go:84.3,84.34 1 1
github.com/OpenSIN-Code/SIN-Code-Bundle/cmd/sin-code/internal/scout.go:103.25,106.2 2 1
github.com/OpenSIN-Code/SIN-Code-Bundle/cmd/sin-code/internal/scout.go:108.100,110.11 2 1
github.com/OpenSIN-Code/SIN-Code-Bundle/cmd/sin-code/internal/scout.go:110.11,112.17 2 1
github.com/OpenSIN-Code/SIN-Code-Bundle/cmd/sin-code/internal/scout.go:112.17,114.4 1 1
github.com/OpenSIN-Code/SIN-Code-Bundle/cmd/sin-code/internal/scout.go:117.2,117.54 1 1
github.com/OpenSIN-Code/SIN-Code-Bundle/cmd/sin-code/internal/scout.go:120.86,122.27 2 1
github.com/OpenSIN-Code/SIN-Code-Bundle/cmd/sin-code/internal/scout.go:122.27,124.3 1 1
github.com/OpenSIN-Code/SIN-Code-Bundle/cmd/sin-code/internal/scout.go:125.2,125.20 1 1
github.com/OpenSIN-Code/SIN-Code-Bundle/cmd/sin-code/internal/scout.go:125.20,127.3 1 1
github.com/OpenSIN-Code/SIN-Code-Bundle/cmd/sin-code/internal/scout.go:128.2,133.16 5 1
github.com/OpenSIN-Code/SIN-Code-Bundle/cmd/sin-code/internal/scout.go:133.16,134.74 1 1
github.com/OpenSIN-Code/SIN-Code-Bundle/cmd/sin-code/internal/scout.go:134.74,136.4 1 1
github.com/OpenSIN-Code/SIN-Code-Bundle/cmd/sin-code/internal/scout.go:138.3,138.39 1 1
github.com/OpenSIN-Code/SIN-Code-Bundle/cmd/sin-code/internal/scout.go:138.39,140.4 1 1
github.com/OpenSIN-Code/SIN-Code-Bundle/cmd/sin-code/internal/scout.go:141.3,141.40 1 0
github.com/OpenSIN-Code/SIN-Code-Bundle/cmd/sin-code/internal/scout.go:144.2,147.21 4 1
github.com/OpenSIN-Code/SIN-Code-Bundle/cmd/sin-code/internal/scout.go:147.21,152.63 2 1
github.com/OpenSIN-Code/SIN-Code-Bundle/cmd/sin-code/internal/scout.go:152.63,153.12 1 0
github.com/OpenSIN-Code/SIN-Code-Bundle/cmd/sin-code/internal/scout.go:155.3,155.26 1 1
github.com/OpenSIN-Code/SIN-Code-Bundle/cmd/sin-code/internal/scout.go:155.26,156.12 1 1
github.com/OpenSIN-Code/SIN-Code-Bundle/cmd/sin-code/internal/scout.go:158.3,169.62 2 1
github.com/OpenSIN-Code/SIN-Code-Bundle/cmd/sin-code/internal/scout.go:169.62,170.12 1 0
github.com/OpenSIN-Code/SIN-Code-Bundle/cmd/sin-code/internal/scout.go:173.3,178.36 6 1
github.com/OpenSIN-Code/SIN-Code-Bundle/cmd/sin-code/internal/scout.go:178.36,181.4 2 1
github.com/OpenSIN-Code/SIN-Code-Bundle/cmd/sin-code/internal/scout.go:182.3,191.51 2 1
github.com/OpenSIN-Code/SIN-Code-Bundle/cmd/sin-code/internal/scout.go:191.51,192.9 1 1
github.com/OpenSIN-Code/SIN-Code-Bundle/cmd/sin-code/internal/scout.go:197.2,197.42 1 1
github.com/OpenSIN-Code/SIN-Code-Bundle/cmd/sin-code/internal/scout.go:197.42,199.3 1 1
github.com/OpenSIN-Code/SIN-Code-Bundle/cmd/sin-code/internal/scout.go:200.2,200.31 1 1
github.com/OpenSIN-Code/SIN-Code-Bundle/cmd/sin-code/internal/scout.go:203.86,205.16 2 1
github.com/OpenSIN-Code/SIN-Code-Bundle/cmd/sin-code/internal/scout.go:205.16,207.3 1 1
github.com/OpenSIN-Code/SIN-Code-Bundle/cmd/sin-code/internal/scout.go:209.2,211.20 3 1
github.com/OpenSIN-Code/SIN-Code-Bundle/cmd/sin-code/internal/scout.go:211.20,213.3 1 0
github.com/OpenSIN-Code/SIN-Code-Bundle/cmd/sin-code/internal/scout.go:215.2,221.34 5 1
github.com/OpenSIN-Code/SIN-Code-Bundle/cmd/sin-code/internal/scout.go:221.34,223.13 2 1
github.com/OpenSIN-Code/SIN-Code-Bundle/cmd/sin-code/internal/scout.go:223.13,226.24 3 1
github.com/OpenSIN-Code/SIN-Code-Bundle/cmd/sin-code/internal/scout.go:226.24,228.19 2 1
github.com/OpenSIN-Code/SIN-Code-Bundle/cmd/sin-code/internal/scout.go:228.19,230.14 2 0
github.com/OpenSIN-Code/SIN-Code-Bundle/cmd/sin-code/internal/scout.go:232.5,232.46 1 1
github.com/OpenSIN-Code/SIN-Code-Bundle/cmd/sin-code/internal/scout.go:234.4,234.29 1 1
github.com/OpenSIN-Code/SIN-Code-Bundle/cmd/sin-code/internal/scout.go:234.29,236.5 1 1
github.com/OpenSIN-Code/SIN-Code-Bundle/cmd/sin-code/internal/scout.go:240.2,242.12 3 1
github.com/OpenSIN-Code/SIN-Code-Bundle/cmd/sin-code/internal/scout.go:242.12,245.76 3 1
github.com/OpenSIN-Code/SIN-Code-Bundle/cmd/sin-code/internal/scout.go:245.76,246.18 1 1
github.com/OpenSIN-Code/SIN-Code-Bundle/cmd/sin-code/internal/scout.go:246.18,248.5 1 1
github.com/OpenSIN-Code/SIN-Code-Bundle/cmd/sin-code/internal/scout.go:249.4,249.20 1 1
github.com/OpenSIN-Code/SIN-Code-Bundle/cmd/sin-code/internal/scout.go:249.20,251.183 2 1
github.com/OpenSIN-Code/SIN-Code-Bundle/cmd/sin-code/internal/scout.go:251.183,253.6 1 1
github.com/OpenSIN-Code/SIN-Code-Bundle/cmd/sin-code/internal/scout.go:254.5,254.38 1 1
github.com/OpenSIN-Code/SIN-Code-Bundle/cmd/sin-code/internal/scout.go:254.38,256.6 1 0
github.com/OpenSIN-Code/SIN-Code-Bundle/cmd/sin-code/internal/scout.go:257.5,257.15 1 1
github.com/OpenSIN-Code/SIN-Code-Bundle/cmd/sin-code/internal/scout.go:259.4,259.26 1 1
github.com/OpenSIN-Code/SIN-Code-Bundle/cmd/sin-code/internal/scout.go:259.26,261.5 1 0
github.com/OpenSIN-Code/SIN-Code-Bundle/cmd/sin-code/internal/scout.go:262.4,263.37 2 1
github.com/OpenSIN-Code/SIN-Code-Bundle/cmd/sin-code/internal/scout.go:263.37,265.5 1 0
github.com/OpenSIN-Code/SIN-Code-Bundle/cmd/sin-code/internal/scout.go:266.4,267.14 2 1
github.com/OpenSIN-Code/SIN-Code-Bundle/cmd/sin-code/internal/scout.go:271.2,271.12 1 1
github.com/OpenSIN-Code/SIN-Code-Bundle/cmd/sin-code/internal/scout.go:271.12,274.3 2 1
github.com/OpenSIN-Code/SIN-Code-Bundle/cmd/sin-code/internal/scout.go:276.2,280.25 4 1
github.com/OpenSIN-Code/SIN-Code-Bundle/cmd/sin-code/internal/scout.go:280.25,281.19 1 1
github.com/OpenSIN-Code/SIN-Code-Bundle/cmd/sin-code/internal/scout.go:281.19,282.12 1 0
github.com/OpenSIN-Code/SIN-Code-Bundle/cmd/sin-code/internal/scout.go:284.3,284.31 1 1
github.com/OpenSIN-Code/SIN-Code-Bundle/cmd/sin-code/internal/scout.go:284.31,287.44 3 1
github.com/OpenSIN-Code/SIN-Code-Bundle/cmd/sin-code/internal/scout.go:287.44,289.21 2 0
github.com/OpenSIN-Code/SIN-Code-Bundle/cmd/sin-code/internal/scout.go:295.2,295.42 1 1
github.com/OpenSIN-Code/SIN-Code-Bundle/cmd/sin-code/internal/scout.go:295.42,297.3 1 0
github.com/OpenSIN-Code/SIN-Code-Bundle/cmd/sin-code/internal/scout.go:298.2,298.49 1 1
github.com/OpenSIN-Code/SIN-Code-Bundle/cmd/sin-code/internal/scout.go:298.49,300.3 1 0
github.com/OpenSIN-Code/SIN-Code-Bundle/cmd/sin-code/internal/scout.go:301.2,301.21 1 1
github.com/OpenSIN-Code/SIN-Code-Bundle/cmd/sin-code/internal/scout.go:304.34,305.15 1 1
github.com/OpenSIN-Code/SIN-Code-Bundle/cmd/sin-code/internal/scout.go:305.16,306.3 0 1
github.com/OpenSIN-Code/SIN-Code-Bundle/cmd/sin-code/internal/scout.go:309.69,310.20 1 1
github.com/OpenSIN-Code/SIN-Code-Bundle/cmd/sin-code/internal/scout.go:311.15,312.31 1 1
github.com/OpenSIN-Code/SIN-Code-Bundle/cmd/sin-code/internal/scout.go:313.18,315.60 2 1
github.com/OpenSIN-Code/SIN-Code-Bundle/cmd/sin-code/internal/scout.go:316.16,317.129 1 1
github.com/OpenSIN-Code/SIN-Code-Bundle/cmd/sin-code/internal/scout.go:318.15,319.67 1 1
github.com/OpenSIN-Code/SIN-Code-Bundle/cmd/sin-code/internal/scout.go:320.10,321.64 1 1
github.com/OpenSIN-Code/SIN-Code-Bundle/cmd/sin-code/internal/scout.go:325.102,327.41 2 1
github.com/OpenSIN-Code/SIN-Code-Bundle/cmd/sin-code/internal/scout.go:327.41,329.3 1 1
github.com/OpenSIN-Code/SIN-Code-Bundle/cmd/sin-code/internal/scout.go:330.2,334.29 4 1
github.com/OpenSIN-Code/SIN-Code-Bundle/cmd/sin-code/internal/scout.go:334.29,336.17 2 1
github.com/OpenSIN-Code/SIN-Code-Bundle/cmd/sin-code/internal/scout.go:336.17,337.12 1 1
github.com/OpenSIN-Code/SIN-Code-Bundle/cmd/sin-code/internal/scout.go:339.3,347.5 1 1
github.com/OpenSIN-Code/SIN-Code-Bundle/cmd/sin-code/internal/scout.go:349.2,349.21 1 1
github.com/OpenSIN-Code/SIN-Code-Bundle/cmd/sin-code/internal/scout.go:363.51,366.16 3 1
github.com/OpenSIN-Code/SIN-Code-Bundle/cmd/sin-code/internal/scout.go:366.16,368.3 1 1
github.com/OpenSIN-Code/SIN-Code-Bundle/cmd/sin-code/internal/scout.go:369.2,369.57 1 1
github.com/OpenSIN-Code/SIN-Code-Bundle/cmd/sin-code/internal/scout.go:369.57,371.49 2 1
github.com/OpenSIN-Code/SIN-Code-Bundle/cmd/sin-code/internal/scout.go:371.49,372.12 1 1
github.com/OpenSIN-Code/SIN-Code-Bundle/cmd/sin-code/internal/scout.go:374.3,375.13 2 1
github.com/OpenSIN-Code/SIN-Code-Bundle/cmd/sin-code/internal/scout.go:375.13,377.4 1 1
github.com/OpenSIN-Code/SIN-Code-Bundle/cmd/sin-code/internal/scout.go:378.3,379.14 2 1
github.com/OpenSIN-Code/SIN-Code-Bundle/cmd/sin-code/internal/scout.go:379.14,381.4 1 1
github.com/OpenSIN-Code/SIN-Code-Bundle/cmd/sin-code/internal/scout.go:382.3,384.42 3 1
github.com/OpenSIN-Code/SIN-Code-Bundle/cmd/sin-code/internal/scout.go:384.42,386.4 1 1
github.com/OpenSIN-Code/SIN-Code-Bundle/cmd/sin-code/internal/scout.go:387.3,392.5 1 1
github.com/OpenSIN-Code/SIN-Code-Bundle/cmd/sin-code/internal/scout.go:394.2,394.10 1 1
github.com/OpenSIN-Code/SIN-Code-Bundle/cmd/sin-code/internal/scout.go:397.58,400.28 3 1
github.com/OpenSIN-Code/SIN-Code-Bundle/cmd/sin-code/internal/scout.go:400.28,401.12 1 1
github.com/OpenSIN-Code/SIN-Code-Bundle/cmd/sin-code/internal/scout.go:402.12,403.25 1 1
github.com/OpenSIN-Code/SIN-Code-Bundle/cmd/sin-code/internal/scout.go:404.12,405.24 1 1
github.com/OpenSIN-Code/SIN-Code-Bundle/cmd/sin-code/internal/scout.go:406.12,407.26 1 1
github.com/OpenSIN-Code/SIN-Code-Bundle/cmd/sin-code/internal/scout.go:408.12,409.24 1 1
github.com/OpenSIN-Code/SIN-Code-Bundle/cmd/sin-code/internal/scout.go:410.11,411.20 1 1
github.com/OpenSIN-Code/SIN-Code-Bundle/cmd/sin-code/internal/scout.go:414.2,415.41 2 1
github.com/OpenSIN-Code/SIN-Code-Bundle/cmd/sin-code/internal/scout.go:418.55,420.31 2 1
github.com/OpenSIN-Code/SIN-Code-Bundle/cmd/sin-code/internal/scout.go:420.31,421.16 1 1
github.com/OpenSIN-Code/SIN-Code-Bundle/cmd/sin-code/internal/scout.go:421.16,422.12 1 0
github.com/OpenSIN-Code/SIN-Code-Bundle/cmd/sin-code/internal/scout.go:424.3,424.29 1 1
github.com/OpenSIN-Code/SIN-Code-Bundle/cmd/sin-code/internal/scout.go:424.29,426.4 1 1
github.com/OpenSIN-Code/SIN-Code-Bundle/cmd/sin-code/internal/scout.go:428.2,428.16 1 1
github.com/OpenSIN-Code/SIN-Code-Bundle/cmd/sin-code/internal/scout.go:431.55,434.31 3 1
github.com/OpenSIN-Code/SIN-Code-Bundle/cmd/sin-code/internal/scout.go:434.31,435.17 1 1
github.com/OpenSIN-Code/SIN-Code-Bundle/cmd/sin-code/internal/scout.go:435.17,436.12 1 0
github.com/OpenSIN-Code/SIN-Code-Bundle/cmd/sin-code/internal/scout.go:438.3,438.51 1 1
github.com/OpenSIN-Code/SIN-Code-Bundle/cmd/sin-code/internal/scout.go:438.51,440.4 1 1
github.com/OpenSIN-Code/SIN-Code-Bundle/cmd/sin-code/internal/scout.go:442.2,442.16 1 1
github.com/OpenSIN-Code/SIN-Code-Bundle/cmd/sin-code/internal/scout.go:445.59,446.17 1 1
github.com/OpenSIN-Code/SIN-Code-Bundle/cmd/sin-code/internal/scout.go:446.17,448.3 1 1
github.com/OpenSIN-Code/SIN-Code-Bundle/cmd/sin-code/internal/scout.go:449.2,449.51 1 1
github.com/OpenSIN-Code/SIN-Code-Bundle/cmd/sin-code/internal/scout.go:452.37,454.16 2 1
github.com/OpenSIN-Code/SIN-Code-Bundle/cmd/sin-code/internal/scout.go:454.16,456.3 1 1
github.com/OpenSIN-Code/SIN-Code-Bundle/cmd/sin-code/internal/scout.go:457.2,460.26 4 1
github.com/OpenSIN-Code/SIN-Code-Bundle/cmd/sin-code/internal/scout.go:460.26,462.3 1 0
github.com/OpenSIN-Code/SIN-Code-Bundle/cmd/sin-code/internal/scout.go:463.2,463.41 1 1
github.com/OpenSIN-Code/SIN-Code-Bundle/cmd/sin-code/internal/scout.go:472.62,474.15 2 1
github.com/OpenSIN-Code/SIN-Code-Bundle/cmd/sin-code/internal/scout.go:474.15,476.3 1 1
github.com/OpenSIN-Code/SIN-Code-Bundle/cmd/sin-code/internal/scout.go:477.2,478.22 2 1
github.com/OpenSIN-Code/SIN-Code-Bundle/cmd/sin-code/internal/scout.go:478.22,480.3 1 1
github.com/OpenSIN-Code/SIN-Code-Bundle/cmd/sin-code/internal/scout.go:481.2,482.31 2 1
github.com/OpenSIN-Code/SIN-Code-Bundle/cmd/sin-code/internal/scout.go:482.31,484.18 2 1
github.com/OpenSIN-Code/SIN-Code-Bundle/cmd/sin-code/internal/scout.go:484.18,486.4 1 1
github.com/OpenSIN-Code/SIN-Code-Bundle/cmd/sin-code/internal/scout.go:487.3,487.68 1 1
github.com/OpenSIN-Code/SIN-Code-Bundle/cmd/sin-code/internal/scout.go:489.2,489.12 1 1
github.com/OpenSIN-Code/SIN-Code-Bundle/cmd/sin-code/internal/scout.go:492.56,495.100 3 1
github.com/OpenSIN-Code/SIN-Code-Bundle/cmd/sin-code/internal/scout.go:495.100,497.3 1 1
github.com/OpenSIN-Code/SIN-Code-Bundle/cmd/sin-code/internal/scout.go:498.2,503.79 2 1
github.com/OpenSIN-Code/SIN-Code-Bundle/cmd/sin-code/internal/scout.go:503.79,505.3 1 1
github.com/OpenSIN-Code/SIN-Code-Bundle/cmd/sin-code/internal/scout.go:506.2,506.144 1 1
github.com/OpenSIN-Code/SIN-Code-Bundle/cmd/sin-code/internal/scout.go:506.144,508.3 1 1
github.com/OpenSIN-Code/SIN-Code-Bundle/cmd/sin-code/internal/scout.go:509.2,509.112 1 1
github.com/OpenSIN-Code/SIN-Code-Bundle/cmd/sin-code/internal/scout.go:509.112,511.3 1 1
github.com/OpenSIN-Code/SIN-Code-Bundle/cmd/sin-code/internal/scout.go:512.2,512.15 1 1
github.com/OpenSIN-Code/SIN-Code-Bundle/cmd/sin-code/internal/scout.go:512.15,514.3 1 0
github.com/OpenSIN-Code/SIN-Code-Bundle/cmd/sin-code/internal/scout.go:515.2,515.17 1 1
github.com/OpenSIN-Code/SIN-Code-Bundle/cmd/sin-code/internal/scout.go:515.17,517.3 1 0
github.com/OpenSIN-Code/SIN-Code-Bundle/cmd/sin-code/internal/scout.go:518.2,518.14 1 1
github.com/OpenSIN-Code/SIN-Code-Bundle/cmd/sin-code/internal/scout.go:521.51,522.23 1 1
github.com/OpenSIN-Code/SIN-Code-Bundle/cmd/sin-code/internal/scout.go:522.23,525.3 2 1
github.com/OpenSIN-Code/SIN-Code-Bundle/cmd/sin-code/internal/scout.go:526.2,526.28 1 1
github.com/OpenSIN-Code/SIN-Code-Bundle/cmd/sin-code/internal/scout.go:526.28,528.33 2 1
github.com/OpenSIN-Code/SIN-Code-Bundle/cmd/sin-code/internal/scout.go:528.33,530.4 1 1
github.com/OpenSIN-Code/SIN-Code-Bundle/cmd/sin-code/internal/scout.go:532.2,533.12 2 1
github.com/OpenSIN-Code/SIN-Code-Bundle/cmd/sin-code/internal/scout.go:536.13,545.2 8 1
github.com/OpenSIN-Code/SIN-Code-Bundle/cmd/sin-code/internal/scout.go:547.92,549.16 2 1
github.com/OpenSIN-Code/SIN-Code-Bundle/cmd/sin-code/internal/scout.go:549.16,551.3 1 0
github.com/OpenSIN-Code/SIN-Code-Bundle/cmd/sin-code/internal/scout.go:552.2,552.63 1 1
github.com/OpenSIN-Code/SIN-Code-Bundle/cmd/sin-code/internal/scout.go:552.63,553.17 1 1
github.com/OpenSIN-Code/SIN-Code-Bundle/cmd/sin-code/internal/scout.go:553.17,555.4 1 1
github.com/OpenSIN-Code/SIN-Code-Bundle/cmd/sin-code/internal/scout.go:556.3,556.75 1 1
github.com/OpenSIN-Code/SIN-Code-Bundle/cmd/sin-code/internal/scout.go:558.2,559.16 2 1
github.com/OpenSIN-Code/SIN-Code-Bundle/cmd/sin-code/internal/scout.go:559.16,561.3 1 1
github.com/OpenSIN-Code/SIN-Code-Bundle/cmd/sin-code/internal/scout.go:562.2,563.16 2 1
github.com/OpenSIN-Code/SIN-Code-Bundle/cmd/sin-code/internal/scout.go:563.16,565.3 1 0
github.com/OpenSIN-Code/SIN-Code-Bundle/cmd/sin-code/internal/scout.go:566.2,566.49 1 1
github.com/OpenSIN-Code/SIN-Code-Bundle/cmd/sin-code/internal/scout.go:566.49,568.3 1 1
github.com/OpenSIN-Code/SIN-Code-Bundle/cmd/sin-code/internal/scout.go:569.2,569.22 1 1
github.com/OpenSIN-Code/SIN-Code-Bundle/cmd/sin-code/internal/scout.go:569.22,573.3 3 1
github.com/OpenSIN-Code/SIN-Code-Bundle/cmd/sin-code/internal/scout.go:574.2,574.33 1 1
github.com/OpenSIN-Code/SIN-Code-Bundle/cmd/sin-code/internal/scout.go:581.31,583.48 2 1
github.com/OpenSIN-Code/SIN-Code-Bundle/cmd/sin-code/internal/scout.go:583.48,585.3 1 1
github.com/OpenSIN-Code/SIN-Code-Bundle/cmd/sin-code/internal/scout.go:586.2,586.12 1 1
github.com/OpenSIN-Code/SIN-Code-Bundle/cmd/sin-code/internal/scout_indexed.go:16.104,19.63 1 1
github.com/OpenSIN-Code/SIN-Code-Bundle/cmd/sin-code/internal/scout_indexed.go:19.63,21.3 1 1
github.com/OpenSIN-Code/SIN-Code-Bundle/cmd/sin-code/internal/scout_indexed.go:23.2,24.16 2 1
github.com/OpenSIN-Code/SIN-Code-Bundle/cmd/sin-code/internal/scout_indexed.go:24.16,26.3 1 1
github.com/OpenSIN-Code/SIN-Code-Bundle/cmd/sin-code/internal/scout_indexed.go:28.2,28.14 1 1
github.com/OpenSIN-Code/SIN-Code-Bundle/cmd/sin-code/internal/scout_indexed.go:28.14,30.17 2 1
github.com/OpenSIN-Code/SIN-Code-Bundle/cmd/sin-code/internal/scout_indexed.go:30.17,32.4 1 1
github.com/OpenSIN-Code/SIN-Code-Bundle/cmd/sin-code/internal/scout_indexed.go:33.3,33.40 1 1
github.com/OpenSIN-Code/SIN-Code-Bundle/cmd/sin-code/internal/scout_indexed.go:33.40,35.4 1 1
github.com/OpenSIN-Code/SIN-Code-Bundle/cmd/sin-code/internal/scout_indexed.go:36.3,36.20 1 1
github.com/OpenSIN-Code/SIN-Code-Bundle/cmd/sin-code/internal/scout_indexed.go:37.8,39.17 2 1
github.com/OpenSIN-Code/SIN-Code-Bundle/cmd/sin-code/internal/scout_indexed.go:39.17,41.4 1 1
github.com/OpenSIN-Code/SIN-Code-Bundle/cmd/sin-code/internal/scout_indexed.go:42.3,42.40 1 1
github.com/OpenSIN-Code/SIN-Code-Bundle/cmd/sin-code/internal/scout_indexed.go:42.40,44.4 1 1
github.com/OpenSIN-Code/SIN-Code-Bundle/cmd/sin-code/internal/scout_indexed.go:45.3,45.20 1 1
github.com/OpenSIN-Code/SIN-Code-Bundle/cmd/sin-code/internal/scout_indexed.go:48.2,48.72 1 1
github.com/OpenSIN-Code/SIN-Code-Bundle/cmd/sin-code/internal/scout_indexed.go:51.124,54.20 2 1
github.com/OpenSIN-Code/SIN-Code-Bundle/cmd/sin-code/internal/scout_indexed.go:55.15,56.40 1 1
github.com/OpenSIN-Code/SIN-Code-Bundle/cmd/sin-code/internal/scout_indexed.go:57.18,58.40 1 1
github.com/OpenSIN-Code/SIN-Code-Bundle/cmd/sin-code/internal/scout_indexed.go:59.16,62.22 3 1
github.com/OpenSIN-Code/SIN-Code-Bundle/cmd/sin-code/internal/scout_indexed.go:62.22,65.4 2 1
github.com/OpenSIN-Code/SIN-Code-Bundle/cmd/sin-code/internal/scout_indexed.go:65.9,67.4 1 1
github.com/OpenSIN-Code/SIN-Code-Bundle/cmd/sin-code/internal/scout_indexed.go:68.3,68.46 1 1
github.com/OpenSIN-Code/SIN-Code-Bundle/cmd/sin-code/internal/scout_indexed.go:69.15,70.40 1 1
github.com/OpenSIN-Code/SIN-Code-Bundle/cmd/sin-code/internal/scout_indexed.go:71.10,72.64 1 1
github.com/OpenSIN-Code/SIN-Code-Bundle/cmd/sin-code/internal/scout_indexed.go:75.2,76.16 2 1
github.com/OpenSIN-Code/SIN-Code-Bundle/cmd/sin-code/internal/scout_indexed.go:76.16,78.3 1 1
github.com/OpenSIN-Code/SIN-Code-Bundle/cmd/sin-code/internal/scout_indexed.go:80.2,82.20 3 1
github.com/OpenSIN-Code/SIN-Code-Bundle/cmd/sin-code/internal/scout_indexed.go:82.20,84.3 1 1
github.com/OpenSIN-Code/SIN-Code-Bundle/cmd/sin-code/internal/scout_indexed.go:85.2,87.37 2 1
github.com/OpenSIN-Code/SIN-Code-Bundle/cmd/sin-code/internal/scout_indexed.go:87.37,89.45 2 1
github.com/OpenSIN-Code/SIN-Code-Bundle/cmd/sin-code/internal/scout_indexed.go:89.45,90.12 1 1
github.com/OpenSIN-Code/SIN-Code-Bundle/cmd/sin-code/internal/scout_indexed.go:92.3,92.28 1 1
github.com/OpenSIN-Code/SIN-Code-Bundle/cmd/sin-code/internal/scout_indexed.go:92.28,93.12 1 1
github.com/OpenSIN-Code/SIN-Code-Bundle/cmd/sin-code/internal/scout_indexed.go:95.3,96.17 2 1
github.com/OpenSIN-Code/SIN-Code-Bundle/cmd/sin-code/internal/scout_indexed.go:96.17,97.12 1 1
github.com/OpenSIN-Code/SIN-Code-Bundle/cmd/sin-code/internal/scout_indexed.go:99.3,100.31 2 1
github.com/OpenSIN-Code/SIN-Code-Bundle/cmd/sin-code/internal/scout_indexed.go:100.31,101.9 1 1
github.com/OpenSIN-Code/SIN-Code-Bundle/cmd/sin-code/internal/scout_indexed.go:105.2,105.42 1 1
github.com/OpenSIN-Code/SIN-Code-Bundle/cmd/sin-code/internal/scout_indexed.go:105.42,107.3 1 1
github.com/OpenSIN-Code/SIN-Code-Bundle/cmd/sin-code/internal/scout_indexed.go:108.2,108.30 1 1
github.com/OpenSIN-Code/SIN-Code-Bundle/cmd/sin-code/internal/scout_indexed.go:108.30,110.3 1 1
github.com/OpenSIN-Code/SIN-Code-Bundle/cmd/sin-code/internal/scout_indexed.go:111.2,111.21 1 1
github.com/OpenSIN-Code/SIN-Code-Bundle/cmd/sin-code/internal/security.go:35.54,37.20 2 0
github.com/OpenSIN-Code/SIN-Code-Bundle/cmd/sin-code/internal/security.go:37.20,39.4 1 0
github.com/OpenSIN-Code/SIN-Code-Bundle/cmd/sin-code/internal/security.go:40.3,43.43 3 0
github.com/OpenSIN-Code/SIN-Code-Bundle/cmd/sin-code/internal/security.go:43.43,45.4 1 0
github.com/OpenSIN-Code/SIN-Code-Bundle/cmd/sin-code/internal/security.go:47.3,55.23 7 0
github.com/OpenSIN-Code/SIN-Code-Bundle/cmd/sin-code/internal/security.go:55.23,58.4 2 0
github.com/OpenSIN-Code/SIN-Code-Bundle/cmd/sin-code/internal/security.go:58.9,60.4 1 0
github.com/OpenSIN-Code/SIN-Code-Bundle/cmd/sin-code/internal/security.go:62.3,62.42 1 0
github.com/OpenSIN-Code/SIN-Code-Bundle/cmd/sin-code/internal/security.go:62.42,64.4 1 0
github.com/OpenSIN-Code/SIN-Code-Bundle/cmd/sin-code/internal/security.go:65.3,65.13 1 0
github.com/OpenSIN-Code/SIN-Code-Bundle/cmd/sin-code/internal/security.go:69.13,75.2 5 1
github.com/OpenSIN-Code/SIN-Code-Bundle/cmd/sin-code/internal/security.go:107.44,108.47 1 0
github.com/OpenSIN-Code/SIN-Code-Bundle/cmd/sin-code/internal/security.go:108.47,110.3 1 0
github.com/OpenSIN-Code/SIN-Code-Bundle/cmd/sin-code/internal/security.go:111.2,111.53 1 0
github.com/OpenSIN-Code/SIN-Code-Bundle/cmd/sin-code/internal/security.go:111.53,113.3 1 0
github.com/OpenSIN-Code/SIN-Code-Bundle/cmd/sin-code/internal/security.go:114.2,117.46 1 0
github.com/OpenSIN-Code/SIN-Code-Bundle/cmd/sin-code/internal/security.go:117.46,119.3 1 0
github.com/OpenSIN-Code/SIN-Code-Bundle/cmd/sin-code/internal/security.go:120.2,120.18 1 0
github.com/OpenSIN-Code/SIN-Code-Bundle/cmd/sin-code/internal/security.go:123.32,126.2 2 0
github.com/OpenSIN-Code/SIN-Code-Bundle/cmd/sin-code/internal/security.go:130.88,141.18 5 0
github.com/OpenSIN-Code/SIN-Code-Bundle/cmd/sin-code/internal/security.go:142.12,147.4 1 0
github.com/OpenSIN-Code/SIN-Code-Bundle/cmd/sin-code/internal/security.go:148.16,152.4 1 0
github.com/OpenSIN-Code/SIN-Code-Bundle/cmd/sin-code/internal/security.go:153.14,156.4 1 0
github.com/OpenSIN-Code/SIN-Code-Bundle/cmd/sin-code/internal/security.go:157.10,161.4 1 0
github.com/OpenSIN-Code/SIN-Code-Bundle/cmd/sin-code/internal/security.go:164.2,164.27 1 0
github.com/OpenSIN-Code/SIN-Code-Bundle/cmd/sin-code/internal/security.go:164.27,165.46 1 0
github.com/OpenSIN-Code/SIN-Code-Bundle/cmd/sin-code/internal/security.go:165.46,168.12 3 0
github.com/OpenSIN-Code/SIN-Code-Bundle/cmd/sin-code/internal/security.go:170.3,183.17 5 0
github.com/OpenSIN-Code/SIN-Code-Bundle/cmd/sin-code/internal/security.go:184.13,185.29 1 0
github.com/OpenSIN-Code/SIN-Code-Bundle/cmd/sin-code/internal/security.go:186.17,188.35 2 0
github.com/OpenSIN-Code/SIN-Code-Bundle/cmd/sin-code/internal/security.go:189.16,191.27 2 0
github.com/OpenSIN-Code/SIN-Code-Bundle/cmd/sin-code/internal/security.go:192.20,193.29 1 0
github.com/OpenSIN-Code/SIN-Code-Bundle/cmd/sin-code/internal/security.go:197.2,198.15 2 0
github.com/OpenSIN-Code/SIN-Code-Bundle/cmd/sin-code/internal/security.go:206.53,207.18 1 0
github.com/OpenSIN-Code/SIN-Code-Bundle/cmd/sin-code/internal/security.go:207.18,209.3 1 0
github.com/OpenSIN-Code/SIN-Code-Bundle/cmd/sin-code/internal/security.go:210.2,211.47 2 0
github.com/OpenSIN-Code/SIN-Code-Bundle/cmd/sin-code/internal/security.go:211.47,213.3 1 0
github.com/OpenSIN-Code/SIN-Code-Bundle/cmd/sin-code/internal/security.go:214.2,214.10 1 0
github.com/OpenSIN-Code/SIN-Code-Bundle/cmd/sin-code/internal/security.go:219.80,220.35 1 0
github.com/OpenSIN-Code/SIN-Code-Bundle/cmd/sin-code/internal/security.go:220.35,222.3 1 0
github.com/OpenSIN-Code/SIN-Code-Bundle/cmd/sin-code/internal/security.go:223.2,224.16 2 0
github.com/OpenSIN-Code/SIN-Code-Bundle/cmd/sin-code/internal/security.go:224.16,226.3 1 0
github.com/OpenSIN-Code/SIN-Code-Bundle/cmd/sin-code/internal/security.go:228.2,229.17 2 0
github.com/OpenSIN-Code/SIN-Code-Bundle/cmd/sin-code/internal/security.go:229.17,231.3 1 0
github.com/OpenSIN-Code/SIN-Code-Bundle/cmd/sin-code/internal/security.go:232.2,232.16 1 0
github.com/OpenSIN-Code/SIN-Code-Bundle/cmd/sin-code/internal/security.go:232.16,234.3 1 0
github.com/OpenSIN-Code/SIN-Code-Bundle/cmd/sin-code/internal/security.go:235.2,235.33 1 0
github.com/OpenSIN-Code/SIN-Code-Bundle/cmd/sin-code/internal/security.go:238.74,239.29 1 0
github.com/OpenSIN-Code/SIN-Code-Bundle/cmd/sin-code/internal/security.go:239.29,241.3 1 0
github.com/OpenSIN-Code/SIN-Code-Bundle/cmd/sin-code/internal/security.go:242.2,243.16 2 0
github.com/OpenSIN-Code/SIN-Code-Bundle/cmd/sin-code/internal/security.go:243.16,246.17 2 0
github.com/OpenSIN-Code/SIN-Code-Bundle/cmd/sin-code/internal/security.go:246.17,248.4 1 0
github.com/OpenSIN-Code/SIN-Code-Bundle/cmd/sin-code/internal/security.go:249.3,249.46 1 0
github.com/OpenSIN-Code/SIN-Code-Bundle/cmd/sin-code/internal/security.go:251.2,251.33 1 0
github.com/OpenSIN-Code/SIN-Code-Bundle/cmd/sin-code/internal/security.go:254.74,255.26 1 0
github.com/OpenSIN-Code/SIN-Code-Bundle/cmd/sin-code/internal/security.go:255.26,257.3 1 0
github.com/OpenSIN-Code/SIN-Code-Bundle/cmd/sin-code/internal/security.go:258.2,259.16 2 0
github.com/OpenSIN-Code/SIN-Code-Bundle/cmd/sin-code/internal/security.go:259.16,261.17 2 0
github.com/OpenSIN-Code/SIN-Code-Bundle/cmd/sin-code/internal/security.go:261.17,263.4 1 0
github.com/OpenSIN-Code/SIN-Code-Bundle/cmd/sin-code/internal/security.go:264.3,264.46 1 0
github.com/OpenSIN-Code/SIN-Code-Bundle/cmd/sin-code/internal/security.go:266.2,266.33 1 0
github.com/OpenSIN-Code/SIN-Code-Bundle/cmd/sin-code/internal/security.go:269.75,270.30 1 0
github.com/OpenSIN-Code/SIN-Code-Bundle/cmd/sin-code/internal/security.go:270.30,272.3 1 0
github.com/OpenSIN-Code/SIN-Code-Bundle/cmd/sin-code/internal/security.go:273.2,274.16 2 0
github.com/OpenSIN-Code/SIN-Code-Bundle/cmd/sin-code/internal/security.go:274.16,276.17 2 0
github.com/OpenSIN-Code/SIN-Code-Bundle/cmd/sin-code/internal/security.go:276.17,278.4 1 0
github.com/OpenSIN-Code/SIN-Code-Bundle/cmd/sin-code/internal/security.go:279.3,279.46 1 0
github.com/OpenSIN-Code/SIN-Code-Bundle/cmd/sin-code/internal/security.go:281.2,281.33 1 0
github.com/OpenSIN-Code/SIN-Code-Bundle/cmd/sin-code/internal/security.go:284.75,285.30 1 0
github.com/OpenSIN-Code/SIN-Code-Bundle/cmd/sin-code/internal/security.go:285.30,287.3 1 0
github.com/OpenSIN-Code/SIN-Code-Bundle/cmd/sin-code/internal/security.go:288.2,289.16 2 0
github.com/OpenSIN-Code/SIN-Code-Bundle/cmd/sin-code/internal/security.go:289.16,291.17 2 0
github.com/OpenSIN-Code/SIN-Code-Bundle/cmd/sin-code/internal/security.go:291.17,293.4 1 0
github.com/OpenSIN-Code/SIN-Code-Bundle/cmd/sin-code/internal/security.go:294.3,294.46 1 0
github.com/OpenSIN-Code/SIN-Code-Bundle/cmd/sin-code/internal/security.go:296.2,296.33 1 0
github.com/OpenSIN-Code/SIN-Code-Bundle/cmd/sin-code/internal/security.go:299.77,300.27 1 0
github.com/OpenSIN-Code/SIN-Code-Bundle/cmd/sin-code/internal/security.go:300.27,302.3 1 0
github.com/OpenSIN-Code/SIN-Code-Bundle/cmd/sin-code/internal/security.go:303.2,304.16 2 0
github.com/OpenSIN-Code/SIN-Code-Bundle/cmd/sin-code/internal/security.go:304.16,306.17 2 0
github.com/OpenSIN-Code/SIN-Code-Bundle/cmd/sin-code/internal/security.go:306.17,308.4 1 0
github.com/OpenSIN-Code/SIN-Code-Bundle/cmd/sin-code/internal/security.go:309.3,309.46 1 0
github.com/OpenSIN-Code/SIN-Code-Bundle/cmd/sin-code/internal/security.go:311.2,311.33 1 0
github.com/OpenSIN-Code/SIN-Code-Bundle/cmd/sin-code/internal/security.go:314.80,326.31 4 0
github.com/OpenSIN-Code/SIN-Code-Bundle/cmd/sin-code/internal/security.go:326.31,329.30 3 0
github.com/OpenSIN-Code/SIN-Code-Bundle/cmd/sin-code/internal/security.go:329.30,330.76 1 0
github.com/OpenSIN-Code/SIN-Code-Bundle/cmd/sin-code/internal/security.go:330.76,332.26 2 0
github.com/OpenSIN-Code/SIN-Code-Bundle/cmd/sin-code/internal/security.go:332.26,334.6 1 0
github.com/OpenSIN-Code/SIN-Code-Bundle/cmd/sin-code/internal/security.go:338.2,338.15 1 0
github.com/OpenSIN-Code/SIN-Code-Bundle/cmd/sin-code/internal/security.go:338.15,340.3 1 0
github.com/OpenSIN-Code/SIN-Code-Bundle/cmd/sin-code/internal/security.go:341.2,341.73 1 0
github.com/OpenSIN-Code/SIN-Code-Bundle/cmd/sin-code/internal/security.go:346.61,346.80 1 0
github.com/OpenSIN-Code/SIN-Code-Bundle/cmd/sin-code/internal/security.go:348.84,355.83 3 0
github.com/OpenSIN-Code/SIN-Code-Bundle/cmd/sin-code/internal/security.go:355.83,356.21 1 0
github.com/OpenSIN-Code/SIN-Code-Bundle/cmd/sin-code/internal/security.go:356.21,357.17 1 0
github.com/OpenSIN-Code/SIN-Code-Bundle/cmd/sin-code/internal/security.go:357.17,359.5 1 0
github.com/OpenSIN-Code/SIN-Code-Bundle/cmd/sin-code/internal/security.go:360.4,360.14 1 0
github.com/OpenSIN-Code/SIN-Code-Bundle/cmd/sin-code/internal/security.go:362.3,362.16 1 0
github.com/OpenSIN-Code/SIN-Code-Bundle/cmd/sin-code/internal/security.go:362.16,363.56 1 0
github.com/OpenSIN-Code/SIN-Code-Bundle/cmd/sin-code/internal/security.go:363.56,365.5 1 0
github.com/OpenSIN-Code/SIN-Code-Bundle/cmd/sin-code/internal/security.go:366.4,366.14 1 0
github.com/OpenSIN-Code/SIN-Code-Bundle/cmd/sin-code/internal/security.go:368.3,369.18 2 0
github.com/OpenSIN-Code/SIN-Code-Bundle/cmd/sin-code/internal/security.go:369.18,371.4 1 0
github.com/OpenSIN-Code/SIN-Code-Bundle/cmd/sin-code/internal/security.go:372.3,373.22 2 0
github.com/OpenSIN-Code/SIN-Code-Bundle/cmd/sin-code/internal/security.go:373.22,375.4 1 0
github.com/OpenSIN-Code/SIN-Code-Bundle/cmd/sin-code/internal/security.go:376.3,376.22 1 0
github.com/OpenSIN-Code/SIN-Code-Bundle/cmd/sin-code/internal/security.go:376.22,378.4 1 0
github.com/OpenSIN-Code/SIN-Code-Bundle/cmd/sin-code/internal/security.go:379.3,379.13 1 0
github.com/OpenSIN-Code/SIN-Code-Bundle/cmd/sin-code/internal/security.go:381.2,381.16 1 0
github.com/OpenSIN-Code/SIN-Code-Bundle/cmd/sin-code/internal/security.go:381.16,383.3 1 0
github.com/OpenSIN-Code/SIN-Code-Bundle/cmd/sin-code/internal/security.go:384.2,385.15 2 0
github.com/OpenSIN-Code/SIN-Code-Bundle/cmd/sin-code/internal/security.go:385.15,387.3 1 0
github.com/OpenSIN-Code/SIN-Code-Bundle/cmd/sin-code/internal/security.go:387.8,389.3 1 0
github.com/OpenSIN-Code/SIN-Code-Bundle/cmd/sin-code/internal/security.go:390.2,390.23 1 0
github.com/OpenSIN-Code/SIN-Code-Bundle/cmd/sin-code/internal/security.go:390.23,392.3 1 0
github.com/OpenSIN-Code/SIN-Code-Bundle/cmd/sin-code/internal/security.go:393.2,393.46 1 0
github.com/OpenSIN-Code/SIN-Code-Bundle/cmd/sin-code/internal/security.go:398.37,401.2 2 0
github.com/OpenSIN-Code/SIN-Code-Bundle/cmd/sin-code/internal/security.go:403.92,408.2 4 0
github.com/OpenSIN-Code/SIN-Code-Bundle/cmd/sin-code/internal/security.go:410.40,412.2 1 0
github.com/OpenSIN-Code/SIN-Code-Bundle/cmd/sin-code/internal/security.go:414.37,416.2 1 0
github.com/OpenSIN-Code/SIN-Code-Bundle/cmd/sin-code/internal/security.go:418.39,420.46 2 0
github.com/OpenSIN-Code/SIN-Code-Bundle/cmd/sin-code/internal/security.go:420.46,421.36 1 0
github.com/OpenSIN-Code/SIN-Code-Bundle/cmd/sin-code/internal/security.go:421.36,423.4 1 0
github.com/OpenSIN-Code/SIN-Code-Bundle/cmd/sin-code/internal/security.go:425.2,425.10 1 0
github.com/OpenSIN-Code/SIN-Code-Bundle/cmd/sin-code/internal/security.go:430.44,434.28 3 0
github.com/OpenSIN-Code/SIN-Code-Bundle/cmd/sin-code/internal/security.go:434.28,435.19 1 0
github.com/OpenSIN-Code/SIN-Code-Bundle/cmd/sin-code/internal/security.go:436.13,437.69 1 0
github.com/OpenSIN-Code/SIN-Code-Bundle/cmd/sin-code/internal/security.go:438.17,439.83 1 0
github.com/OpenSIN-Code/SIN-Code-Bundle/cmd/sin-code/internal/security.go:440.16,441.76 1 0
github.com/OpenSIN-Code/SIN-Code-Bundle/cmd/sin-code/internal/security.go:442.20,443.59 1 0
github.com/OpenSIN-Code/SIN-Code-Bundle/cmd/sin-code/internal/security.go:444.18,445.53 1 0
github.com/OpenSIN-Code/SIN-Code-Bundle/cmd/sin-code/internal/security.go:449.2,453.38 3 0
github.com/OpenSIN-Code/SIN-Code-Bundle/cmd/sin-code/internal/security.go:453.38,455.3 1 0
github.com/OpenSIN-Code/SIN-Code-Bundle/cmd/sin-code/internal/security.go:455.8,455.33 1 0
github.com/OpenSIN-Code/SIN-Code-Bundle/cmd/sin-code/internal/security.go:455.33,457.3 1 0
github.com/OpenSIN-Code/SIN-Code-Bundle/cmd/sin-code/internal/security.go:457.8,459.3 1 0
github.com/OpenSIN-Code/SIN-Code-Bundle/cmd/sin-code/internal/self-update.go:39.54,43.18 3 1
github.com/OpenSIN-Code/SIN-Code-Bundle/cmd/sin-code/internal/self-update.go:43.18,45.4 1 1
github.com/OpenSIN-Code/SIN-Code-Bundle/cmd/sin-code/internal/self-update.go:47.3,47.31 1 1
github.com/OpenSIN-Code/SIN-Code-Bundle/cmd/sin-code/internal/self-update.go:51.13,54.2 2 1
github.com/OpenSIN-Code/SIN-Code-Bundle/cmd/sin-code/internal/self-update.go:77.34,79.2 1 1
github.com/OpenSIN-Code/SIN-Code-Bundle/cmd/sin-code/internal/self-update.go:81.31,88.16 5 1
github.com/OpenSIN-Code/SIN-Code-Bundle/cmd/sin-code/internal/self-update.go:88.16,91.3 2 1
github.com/OpenSIN-Code/SIN-Code-Bundle/cmd/sin-code/internal/self-update.go:93.2,94.38 2 1
github.com/OpenSIN-Code/SIN-Code-Bundle/cmd/sin-code/internal/self-update.go:94.38,97.3 2 1
github.com/OpenSIN-Code/SIN-Code-Bundle/cmd/sin-code/internal/self-update.go:97.8,99.3 1 1
github.com/OpenSIN-Code/SIN-Code-Bundle/cmd/sin-code/internal/self-update.go:100.2,100.12 1 1
github.com/OpenSIN-Code/SIN-Code-Bundle/cmd/sin-code/internal/self-update.go:116.46,126.2 1 1
github.com/OpenSIN-Code/SIN-Code-Bundle/cmd/sin-code/internal/self-update.go:128.39,130.2 1 1
github.com/OpenSIN-Code/SIN-Code-Bundle/cmd/sin-code/internal/self-update.go:132.69,138.16 5 1
github.com/OpenSIN-Code/SIN-Code-Bundle/cmd/sin-code/internal/self-update.go:138.16,140.3 1 1
github.com/OpenSIN-Code/SIN-Code-Bundle/cmd/sin-code/internal/self-update.go:142.2,144.38 2 1
github.com/OpenSIN-Code/SIN-Code-Bundle/cmd/sin-code/internal/self-update.go:144.38,147.3 2 1
github.com/OpenSIN-Code/SIN-Code-Bundle/cmd/sin-code/internal/self-update.go:149.2,151.12 2 1
github.com/OpenSIN-Code/SIN-Code-Bundle/cmd/sin-code/internal/self-update.go:151.12,154.3 2 1
github.com/OpenSIN-Code/SIN-Code-Bundle/cmd/sin-code/internal/self-update.go:157.2,158.31 2 1
github.com/OpenSIN-Code/SIN-Code-Bundle/cmd/sin-code/internal/self-update.go:158.31,160.3 1 0
github.com/OpenSIN-Code/SIN-Code-Bundle/cmd/sin-code/internal/self-update.go:162.2,163.38 2 1
github.com/OpenSIN-Code/SIN-Code-Bundle/cmd/sin-code/internal/self-update.go:163.38,164.30 1 1
github.com/OpenSIN-Code/SIN-Code-Bundle/cmd/sin-code/internal/self-update.go:164.30,166.9 2 1
github.com/OpenSIN-Code/SIN-Code-Bundle/cmd/sin-code/internal/self-update.go:170.2,170.20 1 1
github.com/OpenSIN-Code/SIN-Code-Bundle/cmd/sin-code/internal/self-update.go:170.20,172.3 1 1
github.com/OpenSIN-Code/SIN-Code-Bundle/cmd/sin-code/internal/self-update.go:174.2,178.16 3 1
github.com/OpenSIN-Code/SIN-Code-Bundle/cmd/sin-code/internal/self-update.go:178.16,180.3 1 1
github.com/OpenSIN-Code/SIN-Code-Bundle/cmd/sin-code/internal/self-update.go:182.2,186.65 4 1
github.com/OpenSIN-Code/SIN-Code-Bundle/cmd/sin-code/internal/self-update.go:186.65,188.3 1 1
github.com/OpenSIN-Code/SIN-Code-Bundle/cmd/sin-code/internal/self-update.go:189.2,195.16 4 1
github.com/OpenSIN-Code/SIN-Code-Bundle/cmd/sin-code/internal/self-update.go:195.16,197.3 1 1
github.com/OpenSIN-Code/SIN-Code-Bundle/cmd/sin-code/internal/self-update.go:198.2,201.60 2 1
github.com/OpenSIN-Code/SIN-Code-Bundle/cmd/sin-code/internal/self-update.go:201.60,203.3 1 1
github.com/OpenSIN-Code/SIN-Code-Bundle/cmd/sin-code/internal/self-update.go:206.2,206.65 1 1
github.com/OpenSIN-Code/SIN-Code-Bundle/cmd/sin-code/internal/self-update.go:206.65,210.3 2 1
github.com/OpenSIN-Code/SIN-Code-Bundle/cmd/sin-code/internal/self-update.go:213.2,213.31 1 1
github.com/OpenSIN-Code/SIN-Code-Bundle/cmd/sin-code/internal/self-update.go:213.31,215.3 1 1
github.com/OpenSIN-Code/SIN-Code-Bundle/cmd/sin-code/internal/self-update.go:218.2,222.12 4 1
github.com/OpenSIN-Code/SIN-Code-Bundle/cmd/sin-code/internal/self-update.go:227.51,231.16 4 1
github.com/OpenSIN-Code/SIN-Code-Bundle/cmd/sin-code/internal/self-update.go:231.16,233.3 1 1
github.com/OpenSIN-Code/SIN-Code-Bundle/cmd/sin-code/internal/self-update.go:234.2,236.28 2 1
github.com/OpenSIN-Code/SIN-Code-Bundle/cmd/sin-code/internal/self-update.go:236.28,238.3 1 1
github.com/OpenSIN-Code/SIN-Code-Bundle/cmd/sin-code/internal/self-update.go:240.2,241.68 2 1
github.com/OpenSIN-Code/SIN-Code-Bundle/cmd/sin-code/internal/self-update.go:241.68,243.3 1 1
github.com/OpenSIN-Code/SIN-Code-Bundle/cmd/sin-code/internal/self-update.go:244.2,244.22 1 1
github.com/OpenSIN-Code/SIN-Code-Bundle/cmd/sin-code/internal/self-update.go:247.43,250.16 3 1
github.com/OpenSIN-Code/SIN-Code-Bundle/cmd/sin-code/internal/self-update.go:250.16,252.3 1 1
github.com/OpenSIN-Code/SIN-Code-Bundle/cmd/sin-code/internal/self-update.go:253.2,255.28 2 1
github.com/OpenSIN-Code/SIN-Code-Bundle/cmd/sin-code/internal/self-update.go:255.28,257.3 1 1
github.com/OpenSIN-Code/SIN-Code-Bundle/cmd/sin-code/internal/self-update.go:259.2,260.16 2 1
github.com/OpenSIN-Code/SIN-Code-Bundle/cmd/sin-code/internal/self-update.go:260.16,262.3 1 1
github.com/OpenSIN-Code/SIN-Code-Bundle/cmd/sin-code/internal/self-update.go:263.2,266.12 3 1
github.com/OpenSIN-Code/SIN-Code-Bundle/cmd/sin-code/internal/self-update.go:269.65,270.44 1 1
github.com/OpenSIN-Code/SIN-Code-Bundle/cmd/sin-code/internal/self-update.go:270.44,272.3 1 1
github.com/OpenSIN-Code/SIN-Code-Bundle/cmd/sin-code/internal/self-update.go:273.2,273.43 1 1
github.com/OpenSIN-Code/SIN-Code-Bundle/cmd/sin-code/internal/self-update.go:276.64,278.16 2 1
github.com/OpenSIN-Code/SIN-Code-Bundle/cmd/sin-code/internal/self-update.go:278.16,280.3 1 1
github.com/OpenSIN-Code/SIN-Code-Bundle/cmd/sin-code/internal/self-update.go:281.2,284.16 3 1
github.com/OpenSIN-Code/SIN-Code-Bundle/cmd/sin-code/internal/self-update.go:284.16,286.3 1 1
github.com/OpenSIN-Code/SIN-Code-Bundle/cmd/sin-code/internal/self-update.go:287.2,290.6 3 1
github.com/OpenSIN-Code/SIN-Code-Bundle/cmd/sin-code/internal/self-update.go:290.6,292.20 2 1
github.com/OpenSIN-Code/SIN-Code-Bundle/cmd/sin-code/internal/self-update.go:292.20,293.9 1 1
github.com/OpenSIN-Code/SIN-Code-Bundle/cmd/sin-code/internal/self-update.go:295.3,295.17 1 1
github.com/OpenSIN-Code/SIN-Code-Bundle/cmd/sin-code/internal/self-update.go:295.17,297.4 1 0
github.com/OpenSIN-Code/SIN-Code-Bundle/cmd/sin-code/internal/self-update.go:298.3,298.83 1 1
github.com/OpenSIN-Code/SIN-Code-Bundle/cmd/sin-code/internal/self-update.go:298.83,301.18 3 1
github.com/OpenSIN-Code/SIN-Code-Bundle/cmd/sin-code/internal/self-update.go:301.18,303.5 1 0
github.com/OpenSIN-Code/SIN-Code-Bundle/cmd/sin-code/internal/self-update.go:304.4,305.46 2 1
github.com/OpenSIN-Code/SIN-Code-Bundle/cmd/sin-code/internal/self-update.go:305.46,307.5 1 0
github.com/OpenSIN-Code/SIN-Code-Bundle/cmd/sin-code/internal/self-update.go:308.4,308.20 1 1
github.com/OpenSIN-Code/SIN-Code-Bundle/cmd/sin-code/internal/self-update.go:311.2,311.62 1 1
github.com/OpenSIN-Code/SIN-Code-Bundle/cmd/sin-code/internal/self-update.go:314.62,316.16 2 1
github.com/OpenSIN-Code/SIN-Code-Bundle/cmd/sin-code/internal/self-update.go:316.16,318.3 1 1
github.com/OpenSIN-Code/SIN-Code-Bundle/cmd/sin-code/internal/self-update.go:319.2,321.27 2 1
github.com/OpenSIN-Code/SIN-Code-Bundle/cmd/sin-code/internal/self-update.go:321.27,322.44 1 1
github.com/OpenSIN-Code/SIN-Code-Bundle/cmd/sin-code/internal/self-update.go:322.44,325.18 3 1
github.com/OpenSIN-Code/SIN-Code-Bundle/cmd/sin-code/internal/self-update.go:325.18,327.5 1 1
github.com/OpenSIN-Code/SIN-Code-Bundle/cmd/sin-code/internal/self-update.go:328.4,331.18 3 1
github.com/OpenSIN-Code/SIN-Code-Bundle/cmd/sin-code/internal/self-update.go:331.18,333.5 1 0
github.com/OpenSIN-Code/SIN-Code-Bundle/cmd/sin-code/internal/self-update.go:334.4,336.46 2 1
github.com/OpenSIN-Code/SIN-Code-Bundle/cmd/sin-code/internal/self-update.go:336.46,338.5 1 0
github.com/OpenSIN-Code/SIN-Code-Bundle/cmd/sin-code/internal/self-update.go:339.4,339.20 1 1
github.com/OpenSIN-Code/SIN-Code-Bundle/cmd/sin-code/internal/self-update.go:342.2,342.62 1 1
github.com/OpenSIN-Code/SIN-Code-Bundle/cmd/sin-code/internal/self-update.go:347.51,349.16 2 1
github.com/OpenSIN-Code/SIN-Code-Bundle/cmd/sin-code/internal/self-update.go:349.16,351.3 1 1
github.com/OpenSIN-Code/SIN-Code-Bundle/cmd/sin-code/internal/self-update.go:352.2,352.38 1 1
github.com/OpenSIN-Code/SIN-Code-Bundle/cmd/sin-code/internal/self-update.go:352.38,354.3 1 1
github.com/OpenSIN-Code/SIN-Code-Bundle/cmd/sin-code/internal/self-update.go:355.2,355.35 1 1
github.com/OpenSIN-Code/SIN-Code-Bundle/cmd/sin-code/internal/self-update.go:358.34,360.16 2 1
github.com/OpenSIN-Code/SIN-Code-Bundle/cmd/sin-code/internal/self-update.go:360.16,362.3 1 1
github.com/OpenSIN-Code/SIN-Code-Bundle/cmd/sin-code/internal/self-update.go:363.2,363.31 1 1
github.com/OpenSIN-Code/SIN-Code-Bundle/cmd/sin-code/internal/serve.go:55.54,70.32 5 0
github.com/OpenSIN-Code/SIN-Code-Bundle/cmd/sin-code/internal/serve.go:70.32,72.4 1 0
github.com/OpenSIN-Code/SIN-Code-Bundle/cmd/sin-code/internal/serve.go:73.3,73.88 1 0
github.com/OpenSIN-Code/SIN-Code-Bundle/cmd/sin-code/internal/serve.go:77.13,80.2 2 1
github.com/OpenSIN-Code/SIN-Code-Bundle/cmd/sin-code/internal/serve.go:82.46,642.26 3 1
github.com/OpenSIN-Code/SIN-Code-Bundle/cmd/sin-code/internal/serve.go:642.26,648.87 2 1
github.com/OpenSIN-Code/SIN-Code-Bundle/cmd/sin-code/internal/serve.go:648.87,650.35 2 0
github.com/OpenSIN-Code/SIN-Code-Bundle/cmd/sin-code/internal/serve.go:650.35,652.5 1 0
github.com/OpenSIN-Code/SIN-Code-Bundle/cmd/sin-code/internal/serve.go:653.4,654.18 2 0
github.com/OpenSIN-Code/SIN-Code-Bundle/cmd/sin-code/internal/serve.go:654.18,659.5 1 0
github.com/OpenSIN-Code/SIN-Code-Bundle/cmd/sin-code/internal/serve.go:660.4,662.10 1 0
github.com/OpenSIN-Code/SIN-Code-Bundle/cmd/sin-code/internal/serve.go:668.2,668.32 1 1
github.com/OpenSIN-Code/SIN-Code-Bundle/cmd/sin-code/internal/serve.go:671.49,675.2 3 1
github.com/OpenSIN-Code/SIN-Code-Bundle/cmd/sin-code/internal/serve.go:677.79,678.36 1 1
github.com/OpenSIN-Code/SIN-Code-Bundle/cmd/sin-code/internal/serve.go:678.36,684.87 2 1
github.com/OpenSIN-Code/SIN-Code-Bundle/cmd/sin-code/internal/serve.go:684.87,686.35 2 1
github.com/OpenSIN-Code/SIN-Code-Bundle/cmd/sin-code/internal/serve.go:686.35,688.5 1 1
github.com/OpenSIN-Code/SIN-Code-Bundle/cmd/sin-code/internal/serve.go:689.4,690.18 2 1
github.com/OpenSIN-Code/SIN-Code-Bundle/cmd/sin-code/internal/serve.go:690.18,695.5 1 1
github.com/OpenSIN-Code/SIN-Code-Bundle/cmd/sin-code/internal/serve.go:696.4,698.10 1 1
github.com/OpenSIN-Code/SIN-Code-Bundle/cmd/sin-code/internal/serve.go:706.104,708.31 2 1
github.com/OpenSIN-Code/SIN-Code-Bundle/cmd/sin-code/internal/serve.go:708.31,710.3 1 1
github.com/OpenSIN-Code/SIN-Code-Bundle/cmd/sin-code/internal/serve.go:711.2,712.28 2 1
github.com/OpenSIN-Code/SIN-Code-Bundle/cmd/sin-code/internal/serve.go:712.28,714.27 2 1
github.com/OpenSIN-Code/SIN-Code-Bundle/cmd/sin-code/internal/serve.go:714.27,716.4 1 1
github.com/OpenSIN-Code/SIN-Code-Bundle/cmd/sin-code/internal/serve.go:718.2,719.18 2 1
github.com/OpenSIN-Code/SIN-Code-Bundle/cmd/sin-code/internal/serve.go:719.18,721.3 1 0
github.com/OpenSIN-Code/SIN-Code-Bundle/cmd/sin-code/internal/serve.go:722.2,728.16 7 1
github.com/OpenSIN-Code/SIN-Code-Bundle/cmd/sin-code/internal/serve.go:728.16,730.3 1 1
github.com/OpenSIN-Code/SIN-Code-Bundle/cmd/sin-code/internal/serve.go:731.2,731.25 1 1
github.com/OpenSIN-Code/SIN-Code-Bundle/cmd/sin-code/internal/serve.go:734.79,737.51 2 0
github.com/OpenSIN-Code/SIN-Code-Bundle/cmd/sin-code/internal/serve.go:737.51,740.3 2 0
github.com/OpenSIN-Code/SIN-Code-Bundle/cmd/sin-code/internal/serve.go:741.2,742.25 2 0
github.com/OpenSIN-Code/SIN-Code-Bundle/cmd/sin-code/internal/serve.go:742.25,743.26 1 0
github.com/OpenSIN-Code/SIN-Code-Bundle/cmd/sin-code/internal/serve.go:744.15,745.17 1 0
github.com/OpenSIN-Code/SIN-Code-Bundle/cmd/sin-code/internal/serve.go:745.17,747.5 1 0
github.com/OpenSIN-Code/SIN-Code-Bundle/cmd/sin-code/internal/serve.go:748.13,749.11 1 0
github.com/OpenSIN-Code/SIN-Code-Bundle/cmd/sin-code/internal/serve.go:749.11,751.5 1 0
github.com/OpenSIN-Code/SIN-Code-Bundle/cmd/sin-code/internal/serve.go:752.16,753.66 1 0
github.com/OpenSIN-Code/SIN-Code-Bundle/cmd/sin-code/internal/serve.go:754.12,755.61 1 0
github.com/OpenSIN-Code/SIN-Code-Bundle/cmd/sin-code/internal/serve.go:758.2,758.39 1 0
github.com/OpenSIN-Code/SIN-Code-Bundle/cmd/sin-code/internal/serve.go:761.78,763.2 1 0
github.com/OpenSIN-Code/SIN-Code-Bundle/cmd/sin-code/internal/serve.go:765.74,767.51 2 0
github.com/OpenSIN-Code/SIN-Code-Bundle/cmd/sin-code/internal/serve.go:767.51,770.3 2 0
github.com/OpenSIN-Code/SIN-Code-Bundle/cmd/sin-code/internal/serve.go:771.2,772.25 2 0
github.com/OpenSIN-Code/SIN-Code-Bundle/cmd/sin-code/internal/serve.go:772.25,773.26 1 0
github.com/OpenSIN-Code/SIN-Code-Bundle/cmd/sin-code/internal/serve.go:774.15,775.17 1 0
github.com/OpenSIN-Code/SIN-Code-Bundle/cmd/sin-code/internal/serve.go:775.17,777.5 1 0
github.com/OpenSIN-Code/SIN-Code-Bundle/cmd/sin-code/internal/serve.go:778.13,779.11 1 0
github.com/OpenSIN-Code/SIN-Code-Bundle/cmd/sin-code/internal/serve.go:779.11,781.5 1 0
github.com/OpenSIN-Code/SIN-Code-Bundle/cmd/sin-code/internal/serve.go:782.16,783.66 1 0
github.com/OpenSIN-Code/SIN-Code-Bundle/cmd/sin-code/internal/serve.go:784.12,785.61 1 0
github.com/OpenSIN-Code/SIN-Code-Bundle/cmd/sin-code/internal/serve.go:788.2,788.39 1 0
github.com/OpenSIN-Code/SIN-Code-Bundle/cmd/sin-code/internal/serve.go:791.76,793.51 2 0
github.com/OpenSIN-Code/SIN-Code-Bundle/cmd/sin-code/internal/serve.go:793.51,796.3 2 0
github.com/OpenSIN-Code/SIN-Code-Bundle/cmd/sin-code/internal/serve.go:797.2,798.25 2 0
github.com/OpenSIN-Code/SIN-Code-Bundle/cmd/sin-code/internal/serve.go:798.25,799.26 1 0
github.com/OpenSIN-Code/SIN-Code-Bundle/cmd/sin-code/internal/serve.go:800.15,801.17 1 0
github.com/OpenSIN-Code/SIN-Code-Bundle/cmd/sin-code/internal/serve.go:801.17,803.5 1 0
github.com/OpenSIN-Code/SIN-Code-Bundle/cmd/sin-code/internal/serve.go:804.13,805.11 1 0
github.com/OpenSIN-Code/SIN-Code-Bundle/cmd/sin-code/internal/serve.go:805.11,807.5 1 0
github.com/OpenSIN-Code/SIN-Code-Bundle/cmd/sin-code/internal/serve.go:808.16,809.66 1 0
github.com/OpenSIN-Code/SIN-Code-Bundle/cmd/sin-code/internal/serve.go:810.12,811.61 1 0
github.com/OpenSIN-Code/SIN-Code-Bundle/cmd/sin-code/internal/serve.go:814.2,814.39 1 0
github.com/OpenSIN-Code/SIN-Code-Bundle/cmd/sin-code/internal/serve.go:817.76,820.51 3 0
github.com/OpenSIN-Code/SIN-Code-Bundle/cmd/sin-code/internal/serve.go:820.51,822.3 1 0
github.com/OpenSIN-Code/SIN-Code-Bundle/cmd/sin-code/internal/serve.go:823.2,824.60 2 0
github.com/OpenSIN-Code/SIN-Code-Bundle/cmd/sin-code/internal/serve.go:824.60,826.3 1 0
github.com/OpenSIN-Code/SIN-Code-Bundle/cmd/sin-code/internal/serve.go:827.2,829.16 3 0
github.com/OpenSIN-Code/SIN-Code-Bundle/cmd/sin-code/internal/serve.go:829.16,831.3 1 0
github.com/OpenSIN-Code/SIN-Code-Bundle/cmd/sin-code/internal/serve.go:832.2,833.16 2 0
github.com/OpenSIN-Code/SIN-Code-Bundle/cmd/sin-code/internal/serve.go:833.16,835.3 1 0
github.com/OpenSIN-Code/SIN-Code-Bundle/cmd/sin-code/internal/serve.go:836.2,837.23 2 0
github.com/OpenSIN-Code/SIN-Code-Bundle/cmd/sin-code/internal/serve.go:840.78,842.2 1 0
github.com/OpenSIN-Code/SIN-Code-Bundle/cmd/sin-code/internal/serve.go:844.82,846.2 1 0
github.com/OpenSIN-Code/SIN-Code-Bundle/cmd/sin-code/internal/serve.go:848.74,850.2 1 0
github.com/OpenSIN-Code/SIN-Code-Bundle/cmd/sin-code/internal/serve.go:852.74,854.51 2 0
github.com/OpenSIN-Code/SIN-Code-Bundle/cmd/sin-code/internal/serve.go:854.51,857.3 2 0
github.com/OpenSIN-Code/SIN-Code-Bundle/cmd/sin-code/internal/serve.go:857.8,857.58 1 0
github.com/OpenSIN-Code/SIN-Code-Bundle/cmd/sin-code/internal/serve.go:857.58,860.3 2 0
github.com/OpenSIN-Code/SIN-Code-Bundle/cmd/sin-code/internal/serve.go:861.2,862.25 2 0
github.com/OpenSIN-Code/SIN-Code-Bundle/cmd/sin-code/internal/serve.go:862.25,863.26 1 0
github.com/OpenSIN-Code/SIN-Code-Bundle/cmd/sin-code/internal/serve.go:864.15,865.17 1 0
github.com/OpenSIN-Code/SIN-Code-Bundle/cmd/sin-code/internal/serve.go:865.17,867.5 1 0
github.com/OpenSIN-Code/SIN-Code-Bundle/cmd/sin-code/internal/serve.go:868.13,869.11 1 0
github.com/OpenSIN-Code/SIN-Code-Bundle/cmd/sin-code/internal/serve.go:869.11,871.5 1 0
github.com/OpenSIN-Code/SIN-Code-Bundle/cmd/sin-code/internal/serve.go:872.16,873.66 1 0
github.com/OpenSIN-Code/SIN-Code-Bundle/cmd/sin-code/internal/serve.go:874.12,875.61 1 0
github.com/OpenSIN-Code/SIN-Code-Bundle/cmd/sin-code/internal/serve.go:878.2,878.39 1 0
github.com/OpenSIN-Code/SIN-Code-Bundle/cmd/sin-code/internal/serve.go:881.75,883.51 2 0
github.com/OpenSIN-Code/SIN-Code-Bundle/cmd/sin-code/internal/serve.go:883.51,886.3 2 0
github.com/OpenSIN-Code/SIN-Code-Bundle/cmd/sin-code/internal/serve.go:887.2,888.25 2 0
github.com/OpenSIN-Code/SIN-Code-Bundle/cmd/sin-code/internal/serve.go:888.25,889.26 1 0
github.com/OpenSIN-Code/SIN-Code-Bundle/cmd/sin-code/internal/serve.go:890.15,891.17 1 0
github.com/OpenSIN-Code/SIN-Code-Bundle/cmd/sin-code/internal/serve.go:891.17,893.5 1 0
github.com/OpenSIN-Code/SIN-Code-Bundle/cmd/sin-code/internal/serve.go:894.13,895.11 1 0
github.com/OpenSIN-Code/SIN-Code-Bundle/cmd/sin-code/internal/serve.go:895.11,897.5 1 0
github.com/OpenSIN-Code/SIN-Code-Bundle/cmd/sin-code/internal/serve.go:898.16,899.66 1 0
github.com/OpenSIN-Code/SIN-Code-Bundle/cmd/sin-code/internal/serve.go:900.12,901.61 1 0
github.com/OpenSIN-Code/SIN-Code-Bundle/cmd/sin-code/internal/serve.go:904.2,904.39 1 0
github.com/OpenSIN-Code/SIN-Code-Bundle/cmd/sin-code/internal/serve.go:907.74,909.51 2 0
github.com/OpenSIN-Code/SIN-Code-Bundle/cmd/sin-code/internal/serve.go:909.51,912.3 2 0
github.com/OpenSIN-Code/SIN-Code-Bundle/cmd/sin-code/internal/serve.go:913.2,914.25 2 0
github.com/OpenSIN-Code/SIN-Code-Bundle/cmd/sin-code/internal/serve.go:914.25,915.26 1 0
github.com/OpenSIN-Code/SIN-Code-Bundle/cmd/sin-code/internal/serve.go:916.15,917.17 1 0
github.com/OpenSIN-Code/SIN-Code-Bundle/cmd/sin-code/internal/serve.go:917.17,919.5 1 0
github.com/OpenSIN-Code/SIN-Code-Bundle/cmd/sin-code/internal/serve.go:920.13,921.11 1 0
github.com/OpenSIN-Code/SIN-Code-Bundle/cmd/sin-code/internal/serve.go:921.11,923.5 1 0
github.com/OpenSIN-Code/SIN-Code-Bundle/cmd/sin-code/internal/serve.go:924.16,925.66 1 0
github.com/OpenSIN-Code/SIN-Code-Bundle/cmd/sin-code/internal/serve.go:926.12,927.61 1 0
github.com/OpenSIN-Code/SIN-Code-Bundle/cmd/sin-code/internal/serve.go:930.2,930.39 1 0
github.com/OpenSIN-Code/SIN-Code-Bundle/cmd/sin-code/internal/serve.go:933.77,935.2 1 0
github.com/OpenSIN-Code/SIN-Code-Bundle/cmd/sin-code/internal/serve.go:937.74,939.2 1 0
github.com/OpenSIN-Code/SIN-Code-Bundle/cmd/sin-code/internal/serve.go:941.91,943.25 2 0
github.com/OpenSIN-Code/SIN-Code-Bundle/cmd/sin-code/internal/serve.go:943.25,944.26 1 0
github.com/OpenSIN-Code/SIN-Code-Bundle/cmd/sin-code/internal/serve.go:945.15,946.17 1 0
github.com/OpenSIN-Code/SIN-Code-Bundle/cmd/sin-code/internal/serve.go:946.17,947.13 1 0
github.com/OpenSIN-Code/SIN-Code-Bundle/cmd/sin-code/internal/serve.go:949.4,949.42 1 0
github.com/OpenSIN-Code/SIN-Code-Bundle/cmd/sin-code/internal/serve.go:950.13,951.11 1 0
github.com/OpenSIN-Code/SIN-Code-Bundle/cmd/sin-code/internal/serve.go:951.11,953.5 1 0
github.com/OpenSIN-Code/SIN-Code-Bundle/cmd/sin-code/internal/serve.go:954.16,955.66 1 0
github.com/OpenSIN-Code/SIN-Code-Bundle/cmd/sin-code/internal/serve.go:956.12,957.61 1 0
github.com/OpenSIN-Code/SIN-Code-Bundle/cmd/sin-code/internal/serve.go:960.2,960.39 1 0
github.com/OpenSIN-Code/SIN-Code-Bundle/cmd/sin-code/internal/serve.go:968.38,969.49 1 0
github.com/OpenSIN-Code/SIN-Code-Bundle/cmd/sin-code/internal/serve.go:969.49,971.3 1 0
github.com/OpenSIN-Code/SIN-Code-Bundle/cmd/sin-code/internal/serve.go:972.2,972.55 1 0
github.com/OpenSIN-Code/SIN-Code-Bundle/cmd/sin-code/internal/serve.go:972.55,974.3 1 0
github.com/OpenSIN-Code/SIN-Code-Bundle/cmd/sin-code/internal/serve.go:975.2,975.23 1 0
github.com/OpenSIN-Code/SIN-Code-Bundle/cmd/sin-code/internal/serve.go:978.78,980.16 2 0
github.com/OpenSIN-Code/SIN-Code-Bundle/cmd/sin-code/internal/serve.go:980.16,982.3 1 0
github.com/OpenSIN-Code/SIN-Code-Bundle/cmd/sin-code/internal/serve.go:984.2,987.16 4 0
github.com/OpenSIN-Code/SIN-Code-Bundle/cmd/sin-code/internal/serve.go:987.16,989.3 1 0
github.com/OpenSIN-Code/SIN-Code-Bundle/cmd/sin-code/internal/serve.go:990.2,990.25 1 0
github.com/OpenSIN-Code/SIN-Code-Bundle/cmd/sin-code/internal/serve.go:993.13,997.2 3 1
github.com/OpenSIN-Code/SIN-Code-Bundle/cmd/sin-code/internal/serve_extra_handlers.go:27.52,29.16 2 0
github.com/OpenSIN-Code/SIN-Code-Bundle/cmd/sin-code/internal/serve_extra_handlers.go:29.16,31.3 1 0
github.com/OpenSIN-Code/SIN-Code-Bundle/cmd/sin-code/internal/serve_extra_handlers.go:35.2,38.16 4 0
github.com/OpenSIN-Code/SIN-Code-Bundle/cmd/sin-code/internal/serve_extra_handlers.go:38.16,40.3 1 0
github.com/OpenSIN-Code/SIN-Code-Bundle/cmd/sin-code/internal/serve_extra_handlers.go:41.2,41.25 1 0
github.com/OpenSIN-Code/SIN-Code-Bundle/cmd/sin-code/internal/serve_extra_handlers.go:44.78,47.17 3 0
github.com/OpenSIN-Code/SIN-Code-Bundle/cmd/sin-code/internal/serve_extra_handlers.go:47.17,49.3 1 0
github.com/OpenSIN-Code/SIN-Code-Bundle/cmd/sin-code/internal/serve_extra_handlers.go:50.2,51.58 2 0
github.com/OpenSIN-Code/SIN-Code-Bundle/cmd/sin-code/internal/serve_extra_handlers.go:51.58,53.3 1 0
github.com/OpenSIN-Code/SIN-Code-Bundle/cmd/sin-code/internal/serve_extra_handlers.go:54.2,54.55 1 0
github.com/OpenSIN-Code/SIN-Code-Bundle/cmd/sin-code/internal/serve_extra_handlers.go:54.55,56.3 1 0
github.com/OpenSIN-Code/SIN-Code-Bundle/cmd/sin-code/internal/serve_extra_handlers.go:57.2,57.51 1 0
github.com/OpenSIN-Code/SIN-Code-Bundle/cmd/sin-code/internal/serve_extra_handlers.go:57.51,59.3 1 0
github.com/OpenSIN-Code/SIN-Code-Bundle/cmd/sin-code/internal/serve_extra_handlers.go:60.2,60.51 1 0
github.com/OpenSIN-Code/SIN-Code-Bundle/cmd/sin-code/internal/serve_extra_handlers.go:60.51,62.3 1 0
github.com/OpenSIN-Code/SIN-Code-Bundle/cmd/sin-code/internal/serve_extra_handlers.go:63.2,63.54 1 0
github.com/OpenSIN-Code/SIN-Code-Bundle/cmd/sin-code/internal/serve_extra_handlers.go:63.54,65.3 1 0
github.com/OpenSIN-Code/SIN-Code-Bundle/cmd/sin-code/internal/serve_extra_handlers.go:66.2,66.55 1 0
github.com/OpenSIN-Code/SIN-Code-Bundle/cmd/sin-code/internal/serve_extra_handlers.go:66.55,68.3 1 0
github.com/OpenSIN-Code/SIN-Code-Bundle/cmd/sin-code/internal/serve_extra_handlers.go:69.2,70.34 2 0
github.com/OpenSIN-Code/SIN-Code-Bundle/cmd/sin-code/internal/serve_extra_handlers.go:73.79,75.53 2 0
github.com/OpenSIN-Code/SIN-Code-Bundle/cmd/sin-code/internal/serve_extra_handlers.go:75.53,77.3 1 0
github.com/OpenSIN-Code/SIN-Code-Bundle/cmd/sin-code/internal/serve_extra_handlers.go:78.2,78.55 1 0
github.com/OpenSIN-Code/SIN-Code-Bundle/cmd/sin-code/internal/serve_extra_handlers.go:78.55,80.3 1 0
github.com/OpenSIN-Code/SIN-Code-Bundle/cmd/sin-code/internal/serve_extra_handlers.go:81.2,81.54 1 0
github.com/OpenSIN-Code/SIN-Code-Bundle/cmd/sin-code/internal/serve_extra_handlers.go:81.54,83.3 1 0
github.com/OpenSIN-Code/SIN-Code-Bundle/cmd/sin-code/internal/serve_extra_handlers.go:84.2,84.50 1 0
github.com/OpenSIN-Code/SIN-Code-Bundle/cmd/sin-code/internal/serve_extra_handlers.go:84.50,86.3 1 0
github.com/OpenSIN-Code/SIN-Code-Bundle/cmd/sin-code/internal/serve_extra_handlers.go:87.2,87.51 1 0
github.com/OpenSIN-Code/SIN-Code-Bundle/cmd/sin-code/internal/serve_extra_handlers.go:87.51,89.3 1 0
github.com/OpenSIN-Code/SIN-Code-Bundle/cmd/sin-code/internal/serve_extra_handlers.go:90.2,90.34 1 0
github.com/OpenSIN-Code/SIN-Code-Bundle/cmd/sin-code/internal/serve_extra_handlers.go:93.79,95.14 2 0
github.com/OpenSIN-Code/SIN-Code-Bundle/cmd/sin-code/internal/serve_extra_handlers.go:95.14,97.3 1 0
github.com/OpenSIN-Code/SIN-Code-Bundle/cmd/sin-code/internal/serve_extra_handlers.go:98.2,98.62 1 0
github.com/OpenSIN-Code/SIN-Code-Bundle/cmd/sin-code/internal/serve_extra_handlers.go:101.83,103.14 2 0
github.com/OpenSIN-Code/SIN-Code-Bundle/cmd/sin-code/internal/serve_extra_handlers.go:103.14,105.3 1 0
github.com/OpenSIN-Code/SIN-Code-Bundle/cmd/sin-code/internal/serve_extra_handlers.go:106.2,106.46 1 0
github.com/OpenSIN-Code/SIN-Code-Bundle/cmd/sin-code/internal/serve_extra_handlers.go:109.80,111.14 2 0
github.com/OpenSIN-Code/SIN-Code-Bundle/cmd/sin-code/internal/serve_extra_handlers.go:111.14,113.3 1 0
github.com/OpenSIN-Code/SIN-Code-Bundle/cmd/sin-code/internal/serve_extra_handlers.go:114.2,116.14 3 0
github.com/OpenSIN-Code/SIN-Code-Bundle/cmd/sin-code/internal/serve_extra_handlers.go:116.14,118.3 1 0
github.com/OpenSIN-Code/SIN-Code-Bundle/cmd/sin-code/internal/serve_extra_handlers.go:119.2,119.34 1 0
github.com/OpenSIN-Code/SIN-Code-Bundle/cmd/sin-code/internal/serve_extra_handlers.go:122.80,124.2 1 0
github.com/OpenSIN-Code/SIN-Code-Bundle/cmd/sin-code/internal/serve_extra_handlers.go:126.82,128.2 1 0
github.com/OpenSIN-Code/SIN-Code-Bundle/cmd/sin-code/internal/serve_extra_handlers.go:130.81,132.17 2 0
github.com/OpenSIN-Code/SIN-Code-Bundle/cmd/sin-code/internal/serve_extra_handlers.go:132.17,134.3 1 0
github.com/OpenSIN-Code/SIN-Code-Bundle/cmd/sin-code/internal/serve_extra_handlers.go:135.2,135.86 1 0
github.com/OpenSIN-Code/SIN-Code-Bundle/cmd/sin-code/internal/serve_extra_handlers.go:138.80,140.2 1 0
github.com/OpenSIN-Code/SIN-Code-Bundle/cmd/sin-code/internal/serve_extra_handlers.go:142.80,144.2 1 0
github.com/OpenSIN-Code/SIN-Code-Bundle/cmd/sin-code/internal/serve_extra_handlers.go:146.81,150.33 4 0
github.com/OpenSIN-Code/SIN-Code-Bundle/cmd/sin-code/internal/serve_extra_handlers.go:150.33,152.3 1 0
github.com/OpenSIN-Code/SIN-Code-Bundle/cmd/sin-code/internal/serve_extra_handlers.go:153.2,153.15 1 0
github.com/OpenSIN-Code/SIN-Code-Bundle/cmd/sin-code/internal/serve_extra_handlers.go:153.15,155.3 1 0
github.com/OpenSIN-Code/SIN-Code-Bundle/cmd/sin-code/internal/serve_extra_handlers.go:156.2,156.74 1 0
github.com/OpenSIN-Code/SIN-Code-Bundle/cmd/sin-code/internal/serve_extra_handlers.go:159.80,161.19 2 0
github.com/OpenSIN-Code/SIN-Code-Bundle/cmd/sin-code/internal/serve_extra_handlers.go:161.19,163.3 1 0
github.com/OpenSIN-Code/SIN-Code-Bundle/cmd/sin-code/internal/serve_extra_handlers.go:164.2,165.54 2 0
github.com/OpenSIN-Code/SIN-Code-Bundle/cmd/sin-code/internal/serve_extra_handlers.go:165.54,167.3 1 0
github.com/OpenSIN-Code/SIN-Code-Bundle/cmd/sin-code/internal/serve_extra_handlers.go:168.2,168.51 1 0
github.com/OpenSIN-Code/SIN-Code-Bundle/cmd/sin-code/internal/serve_extra_handlers.go:168.51,170.3 1 0
github.com/OpenSIN-Code/SIN-Code-Bundle/cmd/sin-code/internal/serve_extra_handlers.go:171.2,171.34 1 0
github.com/OpenSIN-Code/SIN-Code-Bundle/cmd/sin-code/internal/serve_extra_handlers.go:174.81,176.54 2 0
github.com/OpenSIN-Code/SIN-Code-Bundle/cmd/sin-code/internal/serve_extra_handlers.go:176.54,178.3 1 0
github.com/OpenSIN-Code/SIN-Code-Bundle/cmd/sin-code/internal/serve_extra_handlers.go:179.2,179.50 1 0
github.com/OpenSIN-Code/SIN-Code-Bundle/cmd/sin-code/internal/serve_extra_handlers.go:179.50,181.3 1 0
github.com/OpenSIN-Code/SIN-Code-Bundle/cmd/sin-code/internal/serve_extra_handlers.go:182.2,182.34 1 0
github.com/OpenSIN-Code/SIN-Code-Bundle/cmd/sin-code/internal/serve_extra_handlers.go:185.83,187.17 2 0
github.com/OpenSIN-Code/SIN-Code-Bundle/cmd/sin-code/internal/serve_extra_handlers.go:187.17,189.3 1 0
github.com/OpenSIN-Code/SIN-Code-Bundle/cmd/sin-code/internal/serve_extra_handlers.go:190.2,191.54 2 0
github.com/OpenSIN-Code/SIN-Code-Bundle/cmd/sin-code/internal/serve_extra_handlers.go:191.54,193.3 1 0
github.com/OpenSIN-Code/SIN-Code-Bundle/cmd/sin-code/internal/serve_extra_handlers.go:194.2,194.49 1 0
github.com/OpenSIN-Code/SIN-Code-Bundle/cmd/sin-code/internal/serve_extra_handlers.go:194.49,196.3 1 0
github.com/OpenSIN-Code/SIN-Code-Bundle/cmd/sin-code/internal/serve_extra_handlers.go:197.2,197.34 1 0
github.com/OpenSIN-Code/SIN-Code-Bundle/cmd/sin-code/internal/serve_extra_handlers.go:200.82,202.17 2 0
github.com/OpenSIN-Code/SIN-Code-Bundle/cmd/sin-code/internal/serve_extra_handlers.go:202.17,204.3 1 0
github.com/OpenSIN-Code/SIN-Code-Bundle/cmd/sin-code/internal/serve_extra_handlers.go:205.2,206.54 2 0
github.com/OpenSIN-Code/SIN-Code-Bundle/cmd/sin-code/internal/serve_extra_handlers.go:206.54,208.3 1 0
github.com/OpenSIN-Code/SIN-Code-Bundle/cmd/sin-code/internal/serve_extra_handlers.go:209.2,209.49 1 0
github.com/OpenSIN-Code/SIN-Code-Bundle/cmd/sin-code/internal/serve_extra_handlers.go:209.49,211.3 1 0
github.com/OpenSIN-Code/SIN-Code-Bundle/cmd/sin-code/internal/serve_extra_handlers.go:212.2,212.34 1 0
github.com/OpenSIN-Code/SIN-Code-Bundle/cmd/sin-code/internal/serve_extra_handlers.go:215.82,217.16 2 0
github.com/OpenSIN-Code/SIN-Code-Bundle/cmd/sin-code/internal/serve_extra_handlers.go:217.16,219.3 1 0
github.com/OpenSIN-Code/SIN-Code-Bundle/cmd/sin-code/internal/serve_extra_handlers.go:220.2,222.16 3 0
github.com/OpenSIN-Code/SIN-Code-Bundle/cmd/sin-code/internal/serve_extra_handlers.go:222.16,224.3 1 0
github.com/OpenSIN-Code/SIN-Code-Bundle/cmd/sin-code/internal/serve_extra_handlers.go:225.2,232.23 4 0
github.com/OpenSIN-Code/SIN-Code-Bundle/cmd/sin-code/internal/serve_extra_handlers.go:235.88,237.16 2 0
github.com/OpenSIN-Code/SIN-Code-Bundle/cmd/sin-code/internal/serve_extra_handlers.go:237.16,239.3 1 0
github.com/OpenSIN-Code/SIN-Code-Bundle/cmd/sin-code/internal/serve_extra_handlers.go:240.2,242.51 3 0
github.com/OpenSIN-Code/SIN-Code-Bundle/cmd/sin-code/internal/serve_extra_handlers.go:242.51,244.3 1 0
github.com/OpenSIN-Code/SIN-Code-Bundle/cmd/sin-code/internal/serve_extra_handlers.go:245.2,246.16 2 0
github.com/OpenSIN-Code/SIN-Code-Bundle/cmd/sin-code/internal/serve_extra_handlers.go:246.16,248.3 1 0
github.com/OpenSIN-Code/SIN-Code-Bundle/cmd/sin-code/internal/serve_extra_handlers.go:249.2,250.23 2 0
github.com/OpenSIN-Code/SIN-Code-Bundle/cmd/sin-code/internal/serve_extra_handlers.go:253.89,255.16 2 0
github.com/OpenSIN-Code/SIN-Code-Bundle/cmd/sin-code/internal/serve_extra_handlers.go:255.16,257.3 1 0
github.com/OpenSIN-Code/SIN-Code-Bundle/cmd/sin-code/internal/serve_extra_handlers.go:258.2,260.16 3 0
github.com/OpenSIN-Code/SIN-Code-Bundle/cmd/sin-code/internal/serve_extra_handlers.go:260.16,262.3 1 0
github.com/OpenSIN-Code/SIN-Code-Bundle/cmd/sin-code/internal/serve_extra_handlers.go:263.2,264.23 2 0
github.com/OpenSIN-Code/SIN-Code-Bundle/cmd/sin-code/internal/serve_extra_handlers.go:267.92,269.14 2 0
github.com/OpenSIN-Code/SIN-Code-Bundle/cmd/sin-code/internal/serve_extra_handlers.go:269.14,271.3 1 0
github.com/OpenSIN-Code/SIN-Code-Bundle/cmd/sin-code/internal/serve_extra_handlers.go:272.2,273.16 2 0
github.com/OpenSIN-Code/SIN-Code-Bundle/cmd/sin-code/internal/serve_extra_handlers.go:273.16,275.3 1 0
github.com/OpenSIN-Code/SIN-Code-Bundle/cmd/sin-code/internal/serve_extra_handlers.go:276.2,277.43 2 0
github.com/OpenSIN-Code/SIN-Code-Bundle/cmd/sin-code/internal/serve_extra_handlers.go:277.43,279.3 1 0
github.com/OpenSIN-Code/SIN-Code-Bundle/cmd/sin-code/internal/serve_extra_handlers.go:280.2,280.40 1 0
github.com/OpenSIN-Code/SIN-Code-Bundle/cmd/sin-code/internal/serve_extra_handlers.go:283.86,285.18 2 0
github.com/OpenSIN-Code/SIN-Code-Bundle/cmd/sin-code/internal/serve_extra_handlers.go:285.18,287.3 1 0
github.com/OpenSIN-Code/SIN-Code-Bundle/cmd/sin-code/internal/serve_extra_handlers.go:288.2,289.54 2 0
github.com/OpenSIN-Code/SIN-Code-Bundle/cmd/sin-code/internal/serve_extra_handlers.go:289.54,291.3 1 0
github.com/OpenSIN-Code/SIN-Code-Bundle/cmd/sin-code/internal/serve_extra_handlers.go:292.2,292.58 1 0
github.com/OpenSIN-Code/SIN-Code-Bundle/cmd/sin-code/internal/serve_extra_handlers.go:292.58,294.3 1 0
github.com/OpenSIN-Code/SIN-Code-Bundle/cmd/sin-code/internal/serve_extra_handlers.go:295.2,295.34 1 0
github.com/OpenSIN-Code/SIN-Code-Bundle/cmd/sin-code/internal/serve_extra_handlers.go:298.87,300.18 2 0
github.com/OpenSIN-Code/SIN-Code-Bundle/cmd/sin-code/internal/serve_extra_handlers.go:300.18,302.3 1 0
github.com/OpenSIN-Code/SIN-Code-Bundle/cmd/sin-code/internal/serve_extra_handlers.go:303.2,303.71 1 0
github.com/OpenSIN-Code/SIN-Code-Bundle/cmd/sin-code/internal/serve_extra_handlers.go:306.89,308.2 1 0
github.com/OpenSIN-Code/SIN-Code-Bundle/cmd/sin-code/internal/serve_extra_handlers.go:310.80,312.16 2 0
github.com/OpenSIN-Code/SIN-Code-Bundle/cmd/sin-code/internal/serve_extra_handlers.go:312.16,314.3 1 0
github.com/OpenSIN-Code/SIN-Code-Bundle/cmd/sin-code/internal/serve_extra_handlers.go:315.2,315.82 1 0
github.com/OpenSIN-Code/SIN-Code-Bundle/cmd/sin-code/internal/serve_extra_handlers.go:318.79,321.33 3 0
github.com/OpenSIN-Code/SIN-Code-Bundle/cmd/sin-code/internal/serve_extra_handlers.go:321.33,323.3 1 0
github.com/OpenSIN-Code/SIN-Code-Bundle/cmd/sin-code/internal/serve_extra_handlers.go:324.2,325.24 2 0
github.com/OpenSIN-Code/SIN-Code-Bundle/cmd/sin-code/internal/serve_extra_handlers.go:325.24,326.30 1 0
github.com/OpenSIN-Code/SIN-Code-Bundle/cmd/sin-code/internal/serve_extra_handlers.go:326.30,328.4 1 0
github.com/OpenSIN-Code/SIN-Code-Bundle/cmd/sin-code/internal/serve_extra_handlers.go:330.2,332.34 3 0
github.com/OpenSIN-Code/SIN-Code-Bundle/cmd/sin-code/internal/serve_extra_handlers.go:335.82,337.46 2 0
github.com/OpenSIN-Code/SIN-Code-Bundle/cmd/sin-code/internal/serve_extra_handlers.go:337.46,339.3 1 0
github.com/OpenSIN-Code/SIN-Code-Bundle/cmd/sin-code/internal/serve_extra_handlers.go:340.2,340.57 1 0
github.com/OpenSIN-Code/SIN-Code-Bundle/cmd/sin-code/internal/serve_extra_handlers.go:340.57,342.3 1 0
github.com/OpenSIN-Code/SIN-Code-Bundle/cmd/sin-code/internal/serve_extra_handlers.go:343.2,343.34 1 0
github.com/OpenSIN-Code/SIN-Code-Bundle/cmd/sin-code/internal/serve_extra_handlers.go:346.81,348.2 1 0
github.com/OpenSIN-Code/SIN-Code-Bundle/cmd/sin-code/internal/serve_extra_handlers.go:350.78,353.33 3 0
github.com/OpenSIN-Code/SIN-Code-Bundle/cmd/sin-code/internal/serve_extra_handlers.go:353.33,355.3 1 0
github.com/OpenSIN-Code/SIN-Code-Bundle/cmd/sin-code/internal/serve_extra_handlers.go:356.2,356.45 1 0
github.com/OpenSIN-Code/SIN-Code-Bundle/cmd/sin-code/internal/serve_extra_handlers.go:359.52,361.2 1 0
github.com/OpenSIN-Code/SIN-Code-Bundle/cmd/sin-code/internal/serve_index_handler.go:17.76,19.18 2 0
github.com/OpenSIN-Code/SIN-Code-Bundle/cmd/sin-code/internal/serve_index_handler.go:19.18,21.3 1 0
github.com/OpenSIN-Code/SIN-Code-Bundle/cmd/sin-code/internal/serve_index_handler.go:22.2,23.16 2 0
github.com/OpenSIN-Code/SIN-Code-Bundle/cmd/sin-code/internal/serve_index_handler.go:23.16,25.3 1 0
github.com/OpenSIN-Code/SIN-Code-Bundle/cmd/sin-code/internal/serve_index_handler.go:26.2,27.16 2 0
github.com/OpenSIN-Code/SIN-Code-Bundle/cmd/sin-code/internal/serve_index_handler.go:27.16,29.3 1 0
github.com/OpenSIN-Code/SIN-Code-Bundle/cmd/sin-code/internal/serve_index_handler.go:31.2,32.16 2 0
github.com/OpenSIN-Code/SIN-Code-Bundle/cmd/sin-code/internal/serve_index_handler.go:33.15,35.17 2 0
github.com/OpenSIN-Code/SIN-Code-Bundle/cmd/sin-code/internal/serve_index_handler.go:35.17,37.4 1 0
github.com/OpenSIN-Code/SIN-Code-Bundle/cmd/sin-code/internal/serve_index_handler.go:38.3,38.40 1 0
github.com/OpenSIN-Code/SIN-Code-Bundle/cmd/sin-code/internal/serve_index_handler.go:38.40,40.4 1 0
github.com/OpenSIN-Code/SIN-Code-Bundle/cmd/sin-code/internal/serve_index_handler.go:41.3,42.57 2 0
github.com/OpenSIN-Code/SIN-Code-Bundle/cmd/sin-code/internal/serve_index_handler.go:43.17,45.17 2 0
github.com/OpenSIN-Code/SIN-Code-Bundle/cmd/sin-code/internal/serve_index_handler.go:45.17,47.4 1 0
github.com/OpenSIN-Code/SIN-Code-Bundle/cmd/sin-code/internal/serve_index_handler.go:48.3,48.15 1 0
github.com/OpenSIN-Code/SIN-Code-Bundle/cmd/sin-code/internal/serve_index_handler.go:48.15,50.4 1 0
github.com/OpenSIN-Code/SIN-Code-Bundle/cmd/sin-code/internal/serve_index_handler.go:51.3,52.17 2 0
github.com/OpenSIN-Code/SIN-Code-Bundle/cmd/sin-code/internal/serve_index_handler.go:52.17,54.4 1 0
github.com/OpenSIN-Code/SIN-Code-Bundle/cmd/sin-code/internal/serve_index_handler.go:55.3,55.40 1 0
github.com/OpenSIN-Code/SIN-Code-Bundle/cmd/sin-code/internal/serve_index_handler.go:55.40,57.4 1 0
github.com/OpenSIN-Code/SIN-Code-Bundle/cmd/sin-code/internal/serve_index_handler.go:58.3,59.79 2 0
github.com/OpenSIN-Code/SIN-Code-Bundle/cmd/sin-code/internal/serve_index_handler.go:60.16,62.17 2 0
github.com/OpenSIN-Code/SIN-Code-Bundle/cmd/sin-code/internal/serve_index_handler.go:62.17,64.4 1 0
github.com/OpenSIN-Code/SIN-Code-Bundle/cmd/sin-code/internal/serve_index_handler.go:65.3,65.33 1 0
github.com/OpenSIN-Code/SIN-Code-Bundle/cmd/sin-code/internal/serve_index_handler.go:65.33,67.4 1 0
github.com/OpenSIN-Code/SIN-Code-Bundle/cmd/sin-code/internal/serve_index_handler.go:67.9,74.4 1 0
github.com/OpenSIN-Code/SIN-Code-Bundle/cmd/sin-code/internal/serve_index_handler.go:75.15,77.61 2 0
github.com/OpenSIN-Code/SIN-Code-Bundle/cmd/sin-code/internal/serve_index_handler.go:77.61,79.4 1 0
github.com/OpenSIN-Code/SIN-Code-Bundle/cmd/sin-code/internal/serve_index_handler.go:80.3,81.40 2 0
github.com/OpenSIN-Code/SIN-Code-Bundle/cmd/sin-code/internal/serve_index_handler.go:82.10,83.83 1 0
github.com/OpenSIN-Code/SIN-Code-Bundle/cmd/sin-code/internal/serve_index_handler.go:85.2,86.23 2 0
github.com/OpenSIN-Code/SIN-Code-Bundle/cmd/sin-code/internal/serve_index_handler.go:89.82,91.17 2 0
github.com/OpenSIN-Code/SIN-Code-Bundle/cmd/sin-code/internal/serve_index_handler.go:91.17,93.3 1 0
github.com/OpenSIN-Code/SIN-Code-Bundle/cmd/sin-code/internal/serve_index_handler.go:94.2,95.16 2 0
github.com/OpenSIN-Code/SIN-Code-Bundle/cmd/sin-code/internal/serve_index_handler.go:95.16,97.3 1 0
github.com/OpenSIN-Code/SIN-Code-Bundle/cmd/sin-code/internal/serve_index_handler.go:98.2,99.16 2 0
github.com/OpenSIN-Code/SIN-Code-Bundle/cmd/sin-code/internal/serve_index_handler.go:99.16,101.3 1 0
github.com/OpenSIN-Code/SIN-Code-Bundle/cmd/sin-code/internal/serve_index_handler.go:102.2,103.22 2 0
github.com/OpenSIN-Code/SIN-Code-Bundle/cmd/sin-code/internal/serve_index_handler.go:103.22,105.3 1 0
github.com/OpenSIN-Code/SIN-Code-Bundle/cmd/sin-code/internal/serve_index_handler.go:106.2,109.16 3 0
github.com/OpenSIN-Code/SIN-Code-Bundle/cmd/sin-code/internal/serve_index_handler.go:109.16,111.3 1 0
github.com/OpenSIN-Code/SIN-Code-Bundle/cmd/sin-code/internal/serve_index_handler.go:112.2,112.32 1 0
github.com/OpenSIN-Code/SIN-Code-Bundle/cmd/sin-code/internal/serve_index_handler.go:112.32,114.17 2 0
github.com/OpenSIN-Code/SIN-Code-Bundle/cmd/sin-code/internal/serve_index_handler.go:114.17,116.4 1 0
github.com/OpenSIN-Code/SIN-Code-Bundle/cmd/sin-code/internal/serve_index_handler.go:117.3,117.40 1 0
github.com/OpenSIN-Code/SIN-Code-Bundle/cmd/sin-code/internal/serve_index_handler.go:117.40,119.4 1 0
github.com/OpenSIN-Code/SIN-Code-Bundle/cmd/sin-code/internal/serve_index_handler.go:120.3,120.20 1 0
github.com/OpenSIN-Code/SIN-Code-Bundle/cmd/sin-code/internal/serve_index_handler.go:121.8,123.17 2 0
github.com/OpenSIN-Code/SIN-Code-Bundle/cmd/sin-code/internal/serve_index_handler.go:123.17,125.4 1 0
github.com/OpenSIN-Code/SIN-Code-Bundle/cmd/sin-code/internal/serve_index_handler.go:126.3,126.40 1 0
github.com/OpenSIN-Code/SIN-Code-Bundle/cmd/sin-code/internal/serve_index_handler.go:126.40,128.4 1 0
github.com/OpenSIN-Code/SIN-Code-Bundle/cmd/sin-code/internal/serve_index_handler.go:129.3,129.20 1 0
github.com/OpenSIN-Code/SIN-Code-Bundle/cmd/sin-code/internal/serve_index_handler.go:132.2,133.16 2 0
github.com/OpenSIN-Code/SIN-Code-Bundle/cmd/sin-code/internal/serve_index_handler.go:133.16,135.3 1 0
github.com/OpenSIN-Code/SIN-Code-Bundle/cmd/sin-code/internal/serve_index_handler.go:136.2,137.23 2 0
github.com/OpenSIN-Code/SIN-Code-Bundle/cmd/sin-code/internal/serve_rw_handlers.go:15.75,17.16 2 0
github.com/OpenSIN-Code/SIN-Code-Bundle/cmd/sin-code/internal/serve_rw_handlers.go:17.16,19.3 1 0
github.com/OpenSIN-Code/SIN-Code-Bundle/cmd/sin-code/internal/serve_rw_handlers.go:20.2,21.16 2 0
github.com/OpenSIN-Code/SIN-Code-Bundle/cmd/sin-code/internal/serve_rw_handlers.go:21.16,23.3 1 0
github.com/OpenSIN-Code/SIN-Code-Bundle/cmd/sin-code/internal/serve_rw_handlers.go:24.2,30.16 6 0
github.com/OpenSIN-Code/SIN-Code-Bundle/cmd/sin-code/internal/serve_rw_handlers.go:30.16,32.3 1 0
github.com/OpenSIN-Code/SIN-Code-Bundle/cmd/sin-code/internal/serve_rw_handlers.go:33.2,34.25 2 0
github.com/OpenSIN-Code/SIN-Code-Bundle/cmd/sin-code/internal/serve_rw_handlers.go:37.76,40.31 3 0
github.com/OpenSIN-Code/SIN-Code-Bundle/cmd/sin-code/internal/serve_rw_handlers.go:40.31,42.3 1 0
github.com/OpenSIN-Code/SIN-Code-Bundle/cmd/sin-code/internal/serve_rw_handlers.go:43.2,44.16 2 0
github.com/OpenSIN-Code/SIN-Code-Bundle/cmd/sin-code/internal/serve_rw_handlers.go:44.16,46.3 1 0
github.com/OpenSIN-Code/SIN-Code-Bundle/cmd/sin-code/internal/serve_rw_handlers.go:47.2,52.16 2 0
github.com/OpenSIN-Code/SIN-Code-Bundle/cmd/sin-code/internal/serve_rw_handlers.go:52.16,54.3 1 0
github.com/OpenSIN-Code/SIN-Code-Bundle/cmd/sin-code/internal/serve_rw_handlers.go:55.2,56.25 2 0
github.com/OpenSIN-Code/SIN-Code-Bundle/cmd/sin-code/internal/serve_rw_handlers.go:59.75,61.16 2 0
github.com/OpenSIN-Code/SIN-Code-Bundle/cmd/sin-code/internal/serve_rw_handlers.go:61.16,63.3 1 0
github.com/OpenSIN-Code/SIN-Code-Bundle/cmd/sin-code/internal/serve_rw_handlers.go:64.2,65.16 2 0
github.com/OpenSIN-Code/SIN-Code-Bundle/cmd/sin-code/internal/serve_rw_handlers.go:65.16,67.3 1 0
github.com/OpenSIN-Code/SIN-Code-Bundle/cmd/sin-code/internal/serve_rw_handlers.go:68.2,83.16 3 0
github.com/OpenSIN-Code/SIN-Code-Bundle/cmd/sin-code/internal/serve_rw_handlers.go:83.16,85.3 1 0
github.com/OpenSIN-Code/SIN-Code-Bundle/cmd/sin-code/internal/serve_rw_handlers.go:86.2,87.25 2 0
github.com/OpenSIN-Code/SIN-Code-Bundle/cmd/sin-code/internal/serve_rw_handlers.go:90.61,91.48 1 0
github.com/OpenSIN-Code/SIN-Code-Bundle/cmd/sin-code/internal/serve_rw_handlers.go:91.48,93.3 1 0
github.com/OpenSIN-Code/SIN-Code-Bundle/cmd/sin-code/internal/serve_rw_handlers.go:94.2,94.12 1 0
github.com/OpenSIN-Code/SIN-Code-Bundle/cmd/sin-code/internal/serve_rw_handlers.go:97.59,98.31 1 0
github.com/OpenSIN-Code/SIN-Code-Bundle/cmd/sin-code/internal/serve_rw_handlers.go:99.15,100.16 1 0
github.com/OpenSIN-Code/SIN-Code-Bundle/cmd/sin-code/internal/serve_rw_handlers.go:101.11,102.11 1 0
github.com/OpenSIN-Code/SIN-Code-Bundle/cmd/sin-code/internal/serve_rw_handlers.go:104.2,104.12 1 0
github.com/OpenSIN-Code/SIN-Code-Bundle/cmd/sin-code/internal/serve_rw_handlers.go:107.52,110.2 2 0
github.com/OpenSIN-Code/SIN-Code-Bundle/cmd/sin-code/internal/write.go:49.54,51.17 2 0
github.com/OpenSIN-Code/SIN-Code-Bundle/cmd/sin-code/internal/write.go:51.17,53.4 1 0
github.com/OpenSIN-Code/SIN-Code-Bundle/cmd/sin-code/internal/write.go:54.3,55.17 2 0
github.com/OpenSIN-Code/SIN-Code-Bundle/cmd/sin-code/internal/write.go:55.17,57.18 2 0
github.com/OpenSIN-Code/SIN-Code-Bundle/cmd/sin-code/internal/write.go:57.18,59.5 1 0
github.com/OpenSIN-Code/SIN-Code-Bundle/cmd/sin-code/internal/write.go:60.4,60.26 1 0
github.com/OpenSIN-Code/SIN-Code-Bundle/cmd/sin-code/internal/write.go:62.3,67.17 2 0
github.com/OpenSIN-Code/SIN-Code-Bundle/cmd/sin-code/internal/write.go:67.17,69.4 1 0
github.com/OpenSIN-Code/SIN-Code-Bundle/cmd/sin-code/internal/write.go:70.3,70.28 1 0
github.com/OpenSIN-Code/SIN-Code-Bundle/cmd/sin-code/internal/write.go:70.28,74.4 3 0
github.com/OpenSIN-Code/SIN-Code-Bundle/cmd/sin-code/internal/write.go:75.3,77.13 2 0
github.com/OpenSIN-Code/SIN-Code-Bundle/cmd/sin-code/internal/write.go:81.13,88.2 6 1
github.com/OpenSIN-Code/SIN-Code-Bundle/cmd/sin-code/internal/write.go:124.58,124.82 1 0
github.com/OpenSIN-Code/SIN-Code-Bundle/cmd/sin-code/internal/write.go:125.37,125.56 1 0
github.com/OpenSIN-Code/SIN-Code-Bundle/cmd/sin-code/internal/write.go:126.37,126.57 1 0
github.com/OpenSIN-Code/SIN-Code-Bundle/cmd/sin-code/internal/write.go:140.82,143.2 2 0
github.com/OpenSIN-Code/SIN-Code-Bundle/cmd/sin-code/internal/write.go:145.109,146.19 1 0
github.com/OpenSIN-Code/SIN-Code-Bundle/cmd/sin-code/internal/write.go:146.19,147.55 1 0
github.com/OpenSIN-Code/SIN-Code-Bundle/cmd/sin-code/internal/write.go:147.55,149.4 1 0
github.com/OpenSIN-Code/SIN-Code-Bundle/cmd/sin-code/internal/write.go:152.2,153.16 2 0
github.com/OpenSIN-Code/SIN-Code-Bundle/cmd/sin-code/internal/write.go:153.16,154.51 1 0
github.com/OpenSIN-Code/SIN-Code-Bundle/cmd/sin-code/internal/write.go:154.51,156.4 1 0
github.com/OpenSIN-Code/SIN-Code-Bundle/cmd/sin-code/internal/write.go:158.2,158.43 1 0
github.com/OpenSIN-Code/SIN-Code-Bundle/cmd/sin-code/internal/write.go:158.43,160.3 1 0
github.com/OpenSIN-Code/SIN-Code-Bundle/cmd/sin-code/internal/write.go:162.2,167.20 5 0
github.com/OpenSIN-Code/SIN-Code-Bundle/cmd/sin-code/internal/write.go:167.20,169.18 2 0
github.com/OpenSIN-Code/SIN-Code-Bundle/cmd/sin-code/internal/write.go:169.18,172.18 3 0
github.com/OpenSIN-Code/SIN-Code-Bundle/cmd/sin-code/internal/write.go:172.18,174.5 1 0
github.com/OpenSIN-Code/SIN-Code-Bundle/cmd/sin-code/internal/write.go:175.4,175.59 1 0
github.com/OpenSIN-Code/SIN-Code-Bundle/cmd/sin-code/internal/write.go:175.59,177.5 1 0
github.com/OpenSIN-Code/SIN-Code-Bundle/cmd/sin-code/internal/write.go:178.4,178.24 1 0
github.com/OpenSIN-Code/SIN-Code-Bundle/cmd/sin-code/internal/write.go:182.2,183.16 2 0
github.com/OpenSIN-Code/SIN-Code-Bundle/cmd/sin-code/internal/write.go:183.16,185.3 1 0
github.com/OpenSIN-Code/SIN-Code-Bundle/cmd/sin-code/internal/write.go:186.2,187.20 2 0
github.com/OpenSIN-Code/SIN-Code-Bundle/cmd/sin-code/internal/write.go:187.20,187.67 2 0
github.com/OpenSIN-Code/SIN-Code-Bundle/cmd/sin-code/internal/write.go:189.2,189.64 1 0
github.com/OpenSIN-Code/SIN-Code-Bundle/cmd/sin-code/internal/write.go:189.64,192.3 2 0
github.com/OpenSIN-Code/SIN-Code-Bundle/cmd/sin-code/internal/write.go:193.2,193.44 1 0
github.com/OpenSIN-Code/SIN-Code-Bundle/cmd/sin-code/internal/write.go:193.44,196.3 2 0
github.com/OpenSIN-Code/SIN-Code-Bundle/cmd/sin-code/internal/write.go:197.2,197.45 1 0
github.com/OpenSIN-Code/SIN-Code-Bundle/cmd/sin-code/internal/write.go:197.45,200.3 2 0
github.com/OpenSIN-Code/SIN-Code-Bundle/cmd/sin-code/internal/write.go:201.2,201.51 1 0
github.com/OpenSIN-Code/SIN-Code-Bundle/cmd/sin-code/internal/write.go:201.51,204.3 2 0
github.com/OpenSIN-Code/SIN-Code-Bundle/cmd/sin-code/internal/write.go:205.2,205.52 1 0
github.com/OpenSIN-Code/SIN-Code-Bundle/cmd/sin-code/internal/write.go:205.52,208.3 2 0
github.com/OpenSIN-Code/SIN-Code-Bundle/cmd/sin-code/internal/write.go:210.2,212.17 3 0
github.com/OpenSIN-Code/SIN-Code-Bundle/cmd/sin-code/internal/write.go:215.49,216.45 1 0
github.com/OpenSIN-Code/SIN-Code-Bundle/cmd/sin-code/internal/write.go:217.13,219.99 2 0
github.com/OpenSIN-Code/SIN-Code-Bundle/cmd/sin-code/internal/write.go:219.99,221.4 1 0
github.com/OpenSIN-Code/SIN-Code-Bundle/cmd/sin-code/internal/write.go:222.3,222.13 1 0
github.com/OpenSIN-Code/SIN-Code-Bundle/cmd/sin-code/internal/write.go:223.15,225.61 2 0
github.com/OpenSIN-Code/SIN-Code-Bundle/cmd/sin-code/internal/write.go:225.61,227.4 1 0
github.com/OpenSIN-Code/SIN-Code-Bundle/cmd/sin-code/internal/write.go:228.3,228.13 1 0
github.com/OpenSIN-Code/SIN-Code-Bundle/cmd/sin-code/internal/write.go:229.33,230.13 1 0
github.com/OpenSIN-Code/SIN-Code-Bundle/cmd/sin-code/internal/write.go:231.10,232.44 1 0
github.com/OpenSIN-Code/SIN-Code-Bundle/cmd/sin-code/internal/write.go:236.54,244.28 7 0
github.com/OpenSIN-Code/SIN-Code-Bundle/cmd/sin-code/internal/write.go:244.28,245.16 1 0
github.com/OpenSIN-Code/SIN-Code-Bundle/cmd/sin-code/internal/write.go:245.16,248.43 3 0
github.com/OpenSIN-Code/SIN-Code-Bundle/cmd/sin-code/internal/write.go:248.43,250.5 1 0
github.com/OpenSIN-Code/SIN-Code-Bundle/cmd/sin-code/internal/write.go:251.4,251.12 1 0
github.com/OpenSIN-Code/SIN-Code-Bundle/cmd/sin-code/internal/write.go:253.3,253.18 1 0
github.com/OpenSIN-Code/SIN-Code-Bundle/cmd/sin-code/internal/write.go:253.18,254.12 1 0
github.com/OpenSIN-Code/SIN-Code-Bundle/cmd/sin-code/internal/write.go:256.3,256.20 1 0
github.com/OpenSIN-Code/SIN-Code-Bundle/cmd/sin-code/internal/write.go:256.20,257.15 1 0
github.com/OpenSIN-Code/SIN-Code-Bundle/cmd/sin-code/internal/write.go:257.15,259.5 1 0
github.com/OpenSIN-Code/SIN-Code-Bundle/cmd/sin-code/internal/write.go:259.10,259.24 1 0
github.com/OpenSIN-Code/SIN-Code-Bundle/cmd/sin-code/internal/write.go:259.24,261.5 1 0
github.com/OpenSIN-Code/SIN-Code-Bundle/cmd/sin-code/internal/write.go:261.10,261.28 1 0
github.com/OpenSIN-Code/SIN-Code-Bundle/cmd/sin-code/internal/write.go:261.28,263.5 1 0
github.com/OpenSIN-Code/SIN-Code-Bundle/cmd/sin-code/internal/write.go:264.4,264.12 1 0
github.com/OpenSIN-Code/SIN-Code-Bundle/cmd/sin-code/internal/write.go:266.3,266.12 1 0
github.com/OpenSIN-Code/SIN-Code-Bundle/cmd/sin-code/internal/write.go:267.23,268.16 1 0
github.com/OpenSIN-Code/SIN-Code-Bundle/cmd/sin-code/internal/write.go:269.12,270.31 1 0
github.com/OpenSIN-Code/SIN-Code-Bundle/cmd/sin-code/internal/write.go:270.31,272.5 1 0
github.com/OpenSIN-Code/SIN-Code-Bundle/cmd/sin-code/internal/write.go:273.22,274.28 1 0
github.com/OpenSIN-Code/SIN-Code-Bundle/cmd/sin-code/internal/write.go:275.22,276.58 1 0
github.com/OpenSIN-Code/SIN-Code-Bundle/cmd/sin-code/internal/write.go:276.58,278.5 1 0
github.com/OpenSIN-Code/SIN-Code-Bundle/cmd/sin-code/internal/write.go:279.4,279.32 1 0
github.com/OpenSIN-Code/SIN-Code-Bundle/cmd/sin-code/internal/write.go:282.2,282.20 1 0
github.com/OpenSIN-Code/SIN-Code-Bundle/cmd/sin-code/internal/write.go:282.20,284.3 1 0
github.com/OpenSIN-Code/SIN-Code-Bundle/cmd/sin-code/internal/write.go:285.2,285.12 1 0
github.com/OpenSIN-Code/SIN-Code-Bundle/cmd/sin-code/internal/write.go:288.42,289.45 1 0
github.com/OpenSIN-Code/SIN-Code-Bundle/cmd/sin-code/internal/write.go:290.75,291.14 1 0
github.com/OpenSIN-Code/SIN-Code-Bundle/cmd/sin-code/internal/write.go:293.2,293.14 1 0
github.com/OpenSIN-Code/SIN-Code-Bundle/cmd/sin-code/internal/llm/nim.go:34.39,35.41 1 0
github.com/OpenSIN-Code/SIN-Code-Bundle/cmd/sin-code/internal/llm/nim.go:35.41,37.3 1 0
github.com/OpenSIN-Code/SIN-Code-Bundle/cmd/sin-code/internal/llm/nim.go:38.2,38.13 1 0
github.com/OpenSIN-Code/SIN-Code-Bundle/cmd/sin-code/internal/llm/provider.go:53.48,59.2 1 0
github.com/OpenSIN-Code/SIN-Code-Bundle/cmd/sin-code/internal/llm/provider.go:61.84,66.21 1 0
github.com/OpenSIN-Code/SIN-Code-Bundle/cmd/sin-code/internal/llm/provider.go:66.21,68.17 2 0
github.com/OpenSIN-Code/SIN-Code-Bundle/cmd/sin-code/internal/llm/provider.go:68.17,70.4 1 0
github.com/OpenSIN-Code/SIN-Code-Bundle/cmd/sin-code/internal/llm/provider.go:71.3,71.23 1 0
github.com/OpenSIN-Code/SIN-Code-Bundle/cmd/sin-code/internal/llm/provider.go:73.2,74.16 2 0
github.com/OpenSIN-Code/SIN-Code-Bundle/cmd/sin-code/internal/llm/provider.go:74.16,76.3 1 0
github.com/OpenSIN-Code/SIN-Code-Bundle/cmd/sin-code/internal/llm/provider.go:77.2,78.16 2 0
github.com/OpenSIN-Code/SIN-Code-Bundle/cmd/sin-code/internal/llm/provider.go:78.16,80.3 1 0
github.com/OpenSIN-Code/SIN-Code-Bundle/cmd/sin-code/internal/llm/provider.go:81.2,82.20 2 0
github.com/OpenSIN-Code/SIN-Code-Bundle/cmd/sin-code/internal/llm/provider.go:82.20,84.3 1 0
github.com/OpenSIN-Code/SIN-Code-Bundle/cmd/sin-code/internal/llm/provider.go:85.2,86.16 2 0
github.com/OpenSIN-Code/SIN-Code-Bundle/cmd/sin-code/internal/llm/provider.go:86.16,88.3 1 0
github.com/OpenSIN-Code/SIN-Code-Bundle/cmd/sin-code/internal/llm/provider.go:89.2,90.38 2 0
github.com/OpenSIN-Code/SIN-Code-Bundle/cmd/sin-code/internal/llm/provider.go:90.38,93.3 2 0
github.com/OpenSIN-Code/SIN-Code-Bundle/cmd/sin-code/internal/llm/provider.go:94.2,95.64 2 0
github.com/OpenSIN-Code/SIN-Code-Bundle/cmd/sin-code/internal/llm/provider.go:95.64,97.3 1 0
github.com/OpenSIN-Code/SIN-Code-Bundle/cmd/sin-code/internal/llm/provider.go:98.2,98.18 1 0
github.com/OpenSIN-Code/SIN-Code-Bundle/cmd/sin-code/internal/llm/provider.go:101.45,102.24 1 0
github.com/OpenSIN-Code/SIN-Code-Bundle/cmd/sin-code/internal/llm/provider.go:102.24,104.3 1 0
github.com/OpenSIN-Code/SIN-Code-Bundle/cmd/sin-code/internal/llm/provider.go:105.2,105.11 1 0
github.com/OpenSIN-Code/SIN-Code-Bundle/cmd/sin-code/internal/llm/provider.go:108.73,109.46 1 0
github.com/OpenSIN-Code/SIN-Code-Bundle/cmd/sin-code/internal/llm/provider.go:109.46,111.3 1 0
github.com/OpenSIN-Code/SIN-Code-Bundle/cmd/sin-code/internal/llm/provider.go:112.2,112.20 1 0
github.com/OpenSIN-Code/SIN-Code-Bundle/cmd/sin-code/internal/llm/provider.go:112.20,114.3 1 0
github.com/OpenSIN-Code/SIN-Code-Bundle/cmd/sin-code/internal/llm/provider.go:115.2,116.16 2 0
github.com/OpenSIN-Code/SIN-Code-Bundle/cmd/sin-code/internal/llm/provider.go:116.16,118.3 1 0
github.com/OpenSIN-Code/SIN-Code-Bundle/cmd/sin-code/internal/llm/provider.go:119.2,121.16 3 0
github.com/OpenSIN-Code/SIN-Code-Bundle/cmd/sin-code/internal/llm/provider.go:121.16,123.3 1 0
github.com/OpenSIN-Code/SIN-Code-Bundle/cmd/sin-code/internal/llm/provider.go:124.2,125.38 2 0
github.com/OpenSIN-Code/SIN-Code-Bundle/cmd/sin-code/internal/llm/provider.go:125.38,128.3 2 0
github.com/OpenSIN-Code/SIN-Code-Bundle/cmd/sin-code/internal/llm/provider.go:129.2,134.68 2 0
github.com/OpenSIN-Code/SIN-Code-Bundle/cmd/sin-code/internal/llm/provider.go:134.68,136.3 1 0
github.com/OpenSIN-Code/SIN-Code-Bundle/cmd/sin-code/internal/llm/provider.go:137.2,137.56 1 0
github.com/OpenSIN-Code/SIN-Code-Bundle/cmd/sin-code/internal/llm/provider.go:137.56,139.3 1 0
github.com/OpenSIN-Code/SIN-Code-Bundle/cmd/sin-code/internal/llm/provider.go:140.2,140.32 1 0
github.com/OpenSIN-Code/SIN-Code-Bundle/cmd/sin-code/internal/llm/providers.go:70.52,71.51 1 0
github.com/OpenSIN-Code/SIN-Code-Bundle/cmd/sin-code/internal/llm/providers.go:71.51,73.3 1 0
github.com/OpenSIN-Code/SIN-Code-Bundle/cmd/sin-code/internal/llm/providers.go:74.2,74.113 1 0
github.com/OpenSIN-Code/SIN-Code-Bundle/cmd/sin-code/internal/llm/providers.go:82.126,84.16 2 0
github.com/OpenSIN-Code/SIN-Code-Bundle/cmd/sin-code/internal/llm/providers.go:84.16,86.3 1 0
github.com/OpenSIN-Code/SIN-Code-Bundle/cmd/sin-code/internal/llm/providers.go:87.2,88.27 2 0
github.com/OpenSIN-Code/SIN-Code-Bundle/cmd/sin-code/internal/llm/providers.go:88.27,90.3 1 0
github.com/OpenSIN-Code/SIN-Code-Bundle/cmd/sin-code/internal/llm/providers.go:91.2,91.19 1 0
github.com/OpenSIN-Code/SIN-Code-Bundle/cmd/sin-code/internal/llm/providers.go:91.19,93.20 2 0
github.com/OpenSIN-Code/SIN-Code-Bundle/cmd/sin-code/internal/llm/providers.go:93.20,95.4 1 0
github.com/OpenSIN-Code/SIN-Code-Bundle/cmd/sin-code/internal/llm/providers.go:97.2,97.19 1 0
github.com/OpenSIN-Code/SIN-Code-Bundle/cmd/sin-code/internal/llm/providers.go:97.19,99.3 1 0
github.com/OpenSIN-Code/SIN-Code-Bundle/cmd/sin-code/internal/llm/providers.go:100.2,101.42 2 0
github.com/OpenSIN-Code/SIN-Code-Bundle/cmd/sin-code/internal/llm/providers.go:101.42,103.3 1 0
github.com/OpenSIN-Code/SIN-Code-Bundle/cmd/sin-code/internal/llm/providers.go:104.2,104.18 1 0
github.com/OpenSIN-Code/SIN-Code-Bundle/cmd/sin-code/internal/llm/providers.go:104.18,106.3 1 0
github.com/OpenSIN-Code/SIN-Code-Bundle/cmd/sin-code/internal/llm/providers.go:107.2,107.38 1 0
github.com/OpenSIN-Code/SIN-Code-Bundle/cmd/sin-code/internal/llm/providers.go:107.38,109.3 1 0
github.com/OpenSIN-Code/SIN-Code-Bundle/cmd/sin-code/internal/llm/providers.go:110.2,110.25 1 0
github.com/OpenSIN-Code/SIN-Code-Bundle/cmd/sin-code/internal/llm/providers.go:110.25,112.3 1 0
github.com/OpenSIN-Code/SIN-Code-Bundle/cmd/sin-code/internal/llm/providers.go:113.2,113.18 1 0
github.com/OpenSIN-Code/SIN-Code-Bundle/cmd/sin-code/internal/llm/providers.go:113.18,115.3 1 0
github.com/OpenSIN-Code/SIN-Code-Bundle/cmd/sin-code/internal/llm/providers.go:116.2,120.8 1 0
github.com/OpenSIN-Code/SIN-Code-Bundle/cmd/sin-code/internal/llm/providers.go:124.35,126.27 2 0
github.com/OpenSIN-Code/SIN-Code-Bundle/cmd/sin-code/internal/llm/providers.go:126.27,128.3 1 0
github.com/OpenSIN-Code/SIN-Code-Bundle/cmd/sin-code/internal/llm/providers.go:129.2,129.12 1 0
github.com/OpenSIN-Code/SIN-Code-Bundle/cmd/sin-code/internal/lsp/client.go:181.81,182.18 1 1
github.com/OpenSIN-Code/SIN-Code-Bundle/cmd/sin-code/internal/lsp/client.go:182.18,184.3 1 0
github.com/OpenSIN-Code/SIN-Code-Bundle/cmd/sin-code/internal/lsp/client.go:185.2,187.16 3 1
github.com/OpenSIN-Code/SIN-Code-Bundle/cmd/sin-code/internal/lsp/client.go:187.16,189.3 1 0
github.com/OpenSIN-Code/SIN-Code-Bundle/cmd/sin-code/internal/lsp/client.go:190.2,191.16 2 1
github.com/OpenSIN-Code/SIN-Code-Bundle/cmd/sin-code/internal/lsp/client.go:191.16,194.3 2 0
github.com/OpenSIN-Code/SIN-Code-Bundle/cmd/sin-code/internal/lsp/client.go:195.2,196.16 2 1
github.com/OpenSIN-Code/SIN-Code-Bundle/cmd/sin-code/internal/lsp/client.go:196.16,200.3 3 0
github.com/OpenSIN-Code/SIN-Code-Bundle/cmd/sin-code/internal/lsp/client.go:201.2,201.36 1 1
github.com/OpenSIN-Code/SIN-Code-Bundle/cmd/sin-code/internal/lsp/client.go:201.36,206.3 4 0
github.com/OpenSIN-Code/SIN-Code-Bundle/cmd/sin-code/internal/lsp/client.go:207.2,215.39 2 1
github.com/OpenSIN-Code/SIN-Code-Bundle/cmd/sin-code/internal/lsp/client.go:215.39,218.3 2 0
github.com/OpenSIN-Code/SIN-Code-Bundle/cmd/sin-code/internal/lsp/client.go:219.2,219.15 1 1
github.com/OpenSIN-Code/SIN-Code-Bundle/cmd/sin-code/internal/lsp/client.go:222.37,230.78 3 1
github.com/OpenSIN-Code/SIN-Code-Bundle/cmd/sin-code/internal/lsp/client.go:230.78,232.3 1 0
github.com/OpenSIN-Code/SIN-Code-Bundle/cmd/sin-code/internal/lsp/client.go:233.2,233.50 1 1
github.com/OpenSIN-Code/SIN-Code-Bundle/cmd/sin-code/internal/lsp/client.go:236.32,236.49 1 0
github.com/OpenSIN-Code/SIN-Code-Bundle/cmd/sin-code/internal/lsp/client.go:237.35,237.55 1 0
github.com/OpenSIN-Code/SIN-Code-Bundle/cmd/sin-code/internal/lsp/client.go:242.89,246.2 3 0
github.com/OpenSIN-Code/SIN-Code-Bundle/cmd/sin-code/internal/lsp/client.go:248.32,249.54 1 1
github.com/OpenSIN-Code/SIN-Code-Bundle/cmd/sin-code/internal/lsp/client.go:249.54,251.3 1 0
github.com/OpenSIN-Code/SIN-Code-Bundle/cmd/sin-code/internal/lsp/client.go:256.2,261.12 5 1
github.com/OpenSIN-Code/SIN-Code-Bundle/cmd/sin-code/internal/lsp/client.go:261.12,261.36 1 1
github.com/OpenSIN-Code/SIN-Code-Bundle/cmd/sin-code/internal/lsp/client.go:262.2,262.9 1 1
github.com/OpenSIN-Code/SIN-Code-Bundle/cmd/sin-code/internal/lsp/client.go:263.21,264.13 1 1
github.com/OpenSIN-Code/SIN-Code-Bundle/cmd/sin-code/internal/lsp/client.go:265.37,267.16 2 0
github.com/OpenSIN-Code/SIN-Code-Bundle/cmd/sin-code/internal/lsp/client.go:271.54,273.2 1 1
github.com/OpenSIN-Code/SIN-Code-Bundle/cmd/sin-code/internal/lsp/client.go:275.101,280.2 1 0
github.com/OpenSIN-Code/SIN-Code-Bundle/cmd/sin-code/internal/lsp/client.go:282.45,286.2 1 0
github.com/OpenSIN-Code/SIN-Code-Bundle/cmd/sin-code/internal/lsp/client.go:288.75,293.39 2 1
github.com/OpenSIN-Code/SIN-Code-Bundle/cmd/sin-code/internal/lsp/client.go:293.39,295.3 1 0
github.com/OpenSIN-Code/SIN-Code-Bundle/cmd/sin-code/internal/lsp/client.go:296.2,297.24 2 1
github.com/OpenSIN-Code/SIN-Code-Bundle/cmd/sin-code/internal/lsp/client.go:297.24,299.62 2 1
github.com/OpenSIN-Code/SIN-Code-Bundle/cmd/sin-code/internal/lsp/client.go:299.62,301.4 1 1
github.com/OpenSIN-Code/SIN-Code-Bundle/cmd/sin-code/internal/lsp/client.go:301.9,303.75 2 0
github.com/OpenSIN-Code/SIN-Code-Bundle/cmd/sin-code/internal/lsp/client.go:303.75,305.5 1 0
github.com/OpenSIN-Code/SIN-Code-Bundle/cmd/sin-code/internal/lsp/client.go:308.2,308.17 1 1
github.com/OpenSIN-Code/SIN-Code-Bundle/cmd/sin-code/internal/lsp/client.go:311.93,323.88 6 1
github.com/OpenSIN-Code/SIN-Code-Bundle/cmd/sin-code/internal/lsp/client.go:323.88,325.3 1 0
github.com/OpenSIN-Code/SIN-Code-Bundle/cmd/sin-code/internal/lsp/client.go:326.2,327.24 2 1
github.com/OpenSIN-Code/SIN-Code-Bundle/cmd/sin-code/internal/lsp/client.go:327.24,329.62 2 1
github.com/OpenSIN-Code/SIN-Code-Bundle/cmd/sin-code/internal/lsp/client.go:329.62,331.4 1 1
github.com/OpenSIN-Code/SIN-Code-Bundle/cmd/sin-code/internal/lsp/client.go:333.2,333.17 1 1
github.com/OpenSIN-Code/SIN-Code-Bundle/cmd/sin-code/internal/lsp/client.go:336.66,341.37 2 1
github.com/OpenSIN-Code/SIN-Code-Bundle/cmd/sin-code/internal/lsp/client.go:341.37,343.3 1 0
github.com/OpenSIN-Code/SIN-Code-Bundle/cmd/sin-code/internal/lsp/client.go:344.2,344.23 1 1
github.com/OpenSIN-Code/SIN-Code-Bundle/cmd/sin-code/internal/lsp/client.go:344.23,346.3 1 0
github.com/OpenSIN-Code/SIN-Code-Bundle/cmd/sin-code/internal/lsp/client.go:347.2,347.16 1 1
github.com/OpenSIN-Code/SIN-Code-Bundle/cmd/sin-code/internal/lsp/client.go:350.64,354.39 2 1
github.com/OpenSIN-Code/SIN-Code-Bundle/cmd/sin-code/internal/lsp/client.go:354.39,356.3 1 0
github.com/OpenSIN-Code/SIN-Code-Bundle/cmd/sin-code/internal/lsp/client.go:357.2,358.24 2 1
github.com/OpenSIN-Code/SIN-Code-Bundle/cmd/sin-code/internal/lsp/client.go:358.24,360.63 2 1
github.com/OpenSIN-Code/SIN-Code-Bundle/cmd/sin-code/internal/lsp/client.go:360.63,362.4 1 1
github.com/OpenSIN-Code/SIN-Code-Bundle/cmd/sin-code/internal/lsp/client.go:364.2,364.17 1 1
github.com/OpenSIN-Code/SIN-Code-Bundle/cmd/sin-code/internal/lsp/client.go:367.74,372.39 2 0
github.com/OpenSIN-Code/SIN-Code-Bundle/cmd/sin-code/internal/lsp/client.go:372.39,374.3 1 0
github.com/OpenSIN-Code/SIN-Code-Bundle/cmd/sin-code/internal/lsp/client.go:375.2,375.25 1 0
github.com/OpenSIN-Code/SIN-Code-Bundle/cmd/sin-code/internal/lsp/client.go:378.91,385.82 3 1
github.com/OpenSIN-Code/SIN-Code-Bundle/cmd/sin-code/internal/lsp/client.go:385.82,387.3 1 0
github.com/OpenSIN-Code/SIN-Code-Bundle/cmd/sin-code/internal/lsp/client.go:388.2,388.16 1 1
github.com/OpenSIN-Code/SIN-Code-Bundle/cmd/sin-code/internal/lsp/client.go:391.57,397.88 3 1
github.com/OpenSIN-Code/SIN-Code-Bundle/cmd/sin-code/internal/lsp/client.go:397.88,399.3 1 0
github.com/OpenSIN-Code/SIN-Code-Bundle/cmd/sin-code/internal/lsp/client.go:400.2,400.17 1 1
github.com/OpenSIN-Code/SIN-Code-Bundle/cmd/sin-code/internal/lsp/client.go:403.91,415.16 7 1
github.com/OpenSIN-Code/SIN-Code-Bundle/cmd/sin-code/internal/lsp/client.go:415.16,417.3 1 0
github.com/OpenSIN-Code/SIN-Code-Bundle/cmd/sin-code/internal/lsp/client.go:418.2,419.71 2 1
github.com/OpenSIN-Code/SIN-Code-Bundle/cmd/sin-code/internal/lsp/client.go:419.71,421.3 1 0
github.com/OpenSIN-Code/SIN-Code-Bundle/cmd/sin-code/internal/lsp/client.go:422.2,424.16 3 1
github.com/OpenSIN-Code/SIN-Code-Bundle/cmd/sin-code/internal/lsp/client.go:424.16,425.20 1 0
github.com/OpenSIN-Code/SIN-Code-Bundle/cmd/sin-code/internal/lsp/client.go:425.20,427.4 1 0
github.com/OpenSIN-Code/SIN-Code-Bundle/cmd/sin-code/internal/lsp/client.go:428.3,428.24 1 0
github.com/OpenSIN-Code/SIN-Code-Bundle/cmd/sin-code/internal/lsp/client.go:428.24,430.4 1 0
github.com/OpenSIN-Code/SIN-Code-Bundle/cmd/sin-code/internal/lsp/client.go:431.3,431.13 1 0
github.com/OpenSIN-Code/SIN-Code-Bundle/cmd/sin-code/internal/lsp/client.go:433.2,433.23 1 1
github.com/OpenSIN-Code/SIN-Code-Bundle/cmd/sin-code/internal/lsp/client.go:433.23,435.3 1 0
github.com/OpenSIN-Code/SIN-Code-Bundle/cmd/sin-code/internal/lsp/client.go:436.2,436.43 1 1
github.com/OpenSIN-Code/SIN-Code-Bundle/cmd/sin-code/internal/lsp/client.go:436.43,438.3 1 1
github.com/OpenSIN-Code/SIN-Code-Bundle/cmd/sin-code/internal/lsp/client.go:439.2,439.12 1 1
github.com/OpenSIN-Code/SIN-Code-Bundle/cmd/sin-code/internal/lsp/client.go:446.70,447.34 1 1
github.com/OpenSIN-Code/SIN-Code-Bundle/cmd/sin-code/internal/lsp/client.go:447.34,452.17 5 1
github.com/OpenSIN-Code/SIN-Code-Bundle/cmd/sin-code/internal/lsp/client.go:452.17,453.21 1 0
github.com/OpenSIN-Code/SIN-Code-Bundle/cmd/sin-code/internal/lsp/client.go:453.21,455.5 1 0
github.com/OpenSIN-Code/SIN-Code-Bundle/cmd/sin-code/internal/lsp/client.go:456.4,456.25 1 0
github.com/OpenSIN-Code/SIN-Code-Bundle/cmd/sin-code/internal/lsp/client.go:456.25,458.5 1 0
github.com/OpenSIN-Code/SIN-Code-Bundle/cmd/sin-code/internal/lsp/client.go:459.4,459.19 1 0
github.com/OpenSIN-Code/SIN-Code-Bundle/cmd/sin-code/internal/lsp/client.go:461.3,462.54 2 1
github.com/OpenSIN-Code/SIN-Code-Bundle/cmd/sin-code/internal/lsp/client.go:462.54,463.12 1 0
github.com/OpenSIN-Code/SIN-Code-Bundle/cmd/sin-code/internal/lsp/client.go:465.3,465.21 1 1
github.com/OpenSIN-Code/SIN-Code-Bundle/cmd/sin-code/internal/lsp/client.go:465.21,466.36 1 0
github.com/OpenSIN-Code/SIN-Code-Bundle/cmd/sin-code/internal/lsp/client.go:466.36,468.5 1 0
github.com/OpenSIN-Code/SIN-Code-Bundle/cmd/sin-code/internal/lsp/client.go:469.4,469.12 1 0
github.com/OpenSIN-Code/SIN-Code-Bundle/cmd/sin-code/internal/lsp/client.go:471.3,471.20 1 1
github.com/OpenSIN-Code/SIN-Code-Bundle/cmd/sin-code/internal/lsp/client.go:473.2,473.39 1 0
github.com/OpenSIN-Code/SIN-Code-Bundle/cmd/sin-code/internal/lsp/client.go:479.80,481.6 2 1
github.com/OpenSIN-Code/SIN-Code-Bundle/cmd/sin-code/internal/lsp/client.go:481.6,482.33 1 1
github.com/OpenSIN-Code/SIN-Code-Bundle/cmd/sin-code/internal/lsp/client.go:482.33,484.4 1 0
github.com/OpenSIN-Code/SIN-Code-Bundle/cmd/sin-code/internal/lsp/client.go:485.3,486.17 2 1
github.com/OpenSIN-Code/SIN-Code-Bundle/cmd/sin-code/internal/lsp/client.go:486.17,488.4 1 0
github.com/OpenSIN-Code/SIN-Code-Bundle/cmd/sin-code/internal/lsp/client.go:489.3,490.17 2 1
github.com/OpenSIN-Code/SIN-Code-Bundle/cmd/sin-code/internal/lsp/client.go:490.17,491.25 1 1
github.com/OpenSIN-Code/SIN-Code-Bundle/cmd/sin-code/internal/lsp/client.go:491.25,492.10 1 1
github.com/OpenSIN-Code/SIN-Code-Bundle/cmd/sin-code/internal/lsp/client.go:494.4,494.12 1 0
github.com/OpenSIN-Code/SIN-Code-Bundle/cmd/sin-code/internal/lsp/client.go:496.3,497.15 2 1
github.com/OpenSIN-Code/SIN-Code-Bundle/cmd/sin-code/internal/lsp/client.go:497.15,498.12 1 0
github.com/OpenSIN-Code/SIN-Code-Bundle/cmd/sin-code/internal/lsp/client.go:500.3,502.30 3 1
github.com/OpenSIN-Code/SIN-Code-Bundle/cmd/sin-code/internal/lsp/client.go:502.30,504.19 2 1
github.com/OpenSIN-Code/SIN-Code-Bundle/cmd/sin-code/internal/lsp/client.go:504.19,506.5 1 0
github.com/OpenSIN-Code/SIN-Code-Bundle/cmd/sin-code/internal/lsp/client.go:507.4,507.21 1 1
github.com/OpenSIN-Code/SIN-Code-Bundle/cmd/sin-code/internal/lsp/client.go:510.2,510.24 1 1
github.com/OpenSIN-Code/SIN-Code-Bundle/cmd/sin-code/internal/lsp/client.go:510.24,512.3 1 0
github.com/OpenSIN-Code/SIN-Code-Bundle/cmd/sin-code/internal/lsp/client.go:513.2,515.20 3 1
github.com/OpenSIN-Code/SIN-Code-Bundle/cmd/sin-code/internal/lsp/client.go:515.20,517.3 1 0
github.com/OpenSIN-Code/SIN-Code-Bundle/cmd/sin-code/internal/lsp/client.go:518.2,518.69 1 1
github.com/OpenSIN-Code/SIN-Code-Bundle/cmd/sin-code/internal/lsp/client.go:518.69,520.3 1 0
github.com/OpenSIN-Code/SIN-Code-Bundle/cmd/sin-code/internal/lsp/client.go:521.2,521.17 1 1
github.com/OpenSIN-Code/SIN-Code-Bundle/cmd/sin-code/internal/lsp/client.go:524.79,526.12 2 1
github.com/OpenSIN-Code/SIN-Code-Bundle/cmd/sin-code/internal/lsp/client.go:526.12,529.3 2 1
github.com/OpenSIN-Code/SIN-Code-Bundle/cmd/sin-code/internal/lsp/client.go:530.2,530.9 1 1
github.com/OpenSIN-Code/SIN-Code-Bundle/cmd/sin-code/internal/lsp/client.go:531.21,532.13 1 1
github.com/OpenSIN-Code/SIN-Code-Bundle/cmd/sin-code/internal/lsp/client.go:533.23,534.20 1 0
github.com/OpenSIN-Code/SIN-Code-Bundle/cmd/sin-code/internal/lsp/client.go:540.35,542.2 1 0
github.com/OpenSIN-Code/SIN-Code-Bundle/cmd/sin-code/internal/lsp/client.go:544.58,551.16 3 1
github.com/OpenSIN-Code/SIN-Code-Bundle/cmd/sin-code/internal/lsp/client.go:551.16,553.3 1 0
github.com/OpenSIN-Code/SIN-Code-Bundle/cmd/sin-code/internal/lsp/client.go:554.2,556.12 3 1
github.com/OpenSIN-Code/SIN-Code-Bundle/cmd/sin-code/internal/lsp/registry.go:31.37,33.38 2 0
github.com/OpenSIN-Code/SIN-Code-Bundle/cmd/sin-code/internal/lsp/registry.go:33.38,34.55 1 0
github.com/OpenSIN-Code/SIN-Code-Bundle/cmd/sin-code/internal/lsp/registry.go:34.55,36.4 1 0
github.com/OpenSIN-Code/SIN-Code-Bundle/cmd/sin-code/internal/lsp/registry.go:38.2,38.12 1 0
github.com/OpenSIN-Code/SIN-Code-Bundle/cmd/sin-code/internal/lsp/registry.go:41.42,43.47 2 1
github.com/OpenSIN-Code/SIN-Code-Bundle/cmd/sin-code/internal/lsp/registry.go:43.47,45.3 1 1
github.com/OpenSIN-Code/SIN-Code-Bundle/cmd/sin-code/internal/lsp/registry.go:46.2,46.38 1 1
github.com/OpenSIN-Code/SIN-Code-Bundle/cmd/sin-code/internal/lsp/registry.go:46.38,47.35 1 1
github.com/OpenSIN-Code/SIN-Code-Bundle/cmd/sin-code/internal/lsp/registry.go:47.35,48.16 1 1
github.com/OpenSIN-Code/SIN-Code-Bundle/cmd/sin-code/internal/lsp/registry.go:48.16,50.5 1 1
github.com/OpenSIN-Code/SIN-Code-Bundle/cmd/sin-code/internal/lsp/registry.go:53.2,53.11 1 1
github.com/OpenSIN-Code/SIN-Code-Bundle/cmd/sin-code/internal/lsp/registry.go:61.28,63.2 1 1
github.com/OpenSIN-Code/SIN-Code-Bundle/cmd/sin-code/internal/lsp/registry.go:65.62,68.32 3 1
github.com/OpenSIN-Code/SIN-Code-Bundle/cmd/sin-code/internal/lsp/registry.go:68.32,70.3 1 0
github.com/OpenSIN-Code/SIN-Code-Bundle/cmd/sin-code/internal/lsp/registry.go:71.2,72.9 2 1
github.com/OpenSIN-Code/SIN-Code-Bundle/cmd/sin-code/internal/lsp/registry.go:72.9,74.3 1 0
github.com/OpenSIN-Code/SIN-Code-Bundle/cmd/sin-code/internal/lsp/registry.go:75.2,75.54 1 1
github.com/OpenSIN-Code/SIN-Code-Bundle/cmd/sin-code/internal/lsp/registry.go:75.54,77.3 1 1
github.com/OpenSIN-Code/SIN-Code-Bundle/cmd/sin-code/internal/lsp/registry.go:78.2,79.16 2 1
github.com/OpenSIN-Code/SIN-Code-Bundle/cmd/sin-code/internal/lsp/registry.go:79.16,81.3 1 0
github.com/OpenSIN-Code/SIN-Code-Bundle/cmd/sin-code/internal/lsp/registry.go:82.2,83.15 2 1
github.com/OpenSIN-Code/SIN-Code-Bundle/cmd/sin-code/internal/lsp/registry.go:86.27,89.28 3 1
github.com/OpenSIN-Code/SIN-Code-Bundle/cmd/sin-code/internal/lsp/registry.go:89.28,91.3 1 1
github.com/OpenSIN-Code/SIN-Code-Bundle/cmd/sin-code/internal/lsp/registry.go:92.2,92.32 1 1
github.com/OpenSIN-Code/SIN-Code-Bundle/cmd/sin-code/internal/lsp/registry.go:95.47,96.38 1 1
github.com/OpenSIN-Code/SIN-Code-Bundle/cmd/sin-code/internal/lsp/registry.go:96.38,97.28 1 1
github.com/OpenSIN-Code/SIN-Code-Bundle/cmd/sin-code/internal/lsp/registry.go:97.28,99.4 1 1
github.com/OpenSIN-Code/SIN-Code-Bundle/cmd/sin-code/internal/lsp/registry.go:100.3,100.34 1 1
github.com/OpenSIN-Code/SIN-Code-Bundle/cmd/sin-code/internal/lsp/registry.go:100.34,101.17 1 1
github.com/OpenSIN-Code/SIN-Code-Bundle/cmd/sin-code/internal/lsp/registry.go:101.17,103.5 1 0
github.com/OpenSIN-Code/SIN-Code-Bundle/cmd/sin-code/internal/lsp/registry.go:106.2,106.28 1 0
github.com/OpenSIN-Code/SIN-Code-Bundle/cmd/sin-code/internal/memory/embed.go:44.33,51.2 1 0
github.com/OpenSIN-Code/SIN-Code-Bundle/cmd/sin-code/internal/memory/embed.go:53.82,55.16 2 0
github.com/OpenSIN-Code/SIN-Code-Bundle/cmd/sin-code/internal/memory/embed.go:55.16,57.3 1 0
github.com/OpenSIN-Code/SIN-Code-Bundle/cmd/sin-code/internal/memory/embed.go:58.2,58.23 1 0
github.com/OpenSIN-Code/SIN-Code-Bundle/cmd/sin-code/internal/memory/embed.go:58.23,60.3 1 0
github.com/OpenSIN-Code/SIN-Code-Bundle/cmd/sin-code/internal/memory/embed.go:61.2,61.24 1 0
github.com/OpenSIN-Code/SIN-Code-Bundle/cmd/sin-code/internal/memory/embed.go:64.84,65.20 1 0
github.com/OpenSIN-Code/SIN-Code-Bundle/cmd/sin-code/internal/memory/embed.go:65.20,67.3 1 0
github.com/OpenSIN-Code/SIN-Code-Bundle/cmd/sin-code/internal/memory/embed.go:68.2,71.16 4 0
github.com/OpenSIN-Code/SIN-Code-Bundle/cmd/sin-code/internal/memory/embed.go:71.16,73.3 1 0
github.com/OpenSIN-Code/SIN-Code-Bundle/cmd/sin-code/internal/memory/embed.go:74.2,77.16 4 0
github.com/OpenSIN-Code/SIN-Code-Bundle/cmd/sin-code/internal/memory/embed.go:77.16,79.3 1 0
github.com/OpenSIN-Code/SIN-Code-Bundle/cmd/sin-code/internal/memory/embed.go:80.2,81.28 2 0
github.com/OpenSIN-Code/SIN-Code-Bundle/cmd/sin-code/internal/memory/embed.go:81.28,84.3 2 0
github.com/OpenSIN-Code/SIN-Code-Bundle/cmd/sin-code/internal/memory/embed.go:85.2,86.64 2 0
github.com/OpenSIN-Code/SIN-Code-Bundle/cmd/sin-code/internal/memory/embed.go:86.64,88.3 1 0
github.com/OpenSIN-Code/SIN-Code-Bundle/cmd/sin-code/internal/memory/embed.go:89.2,89.33 1 0
github.com/OpenSIN-Code/SIN-Code-Bundle/cmd/sin-code/internal/memory/embed.go:89.33,91.3 1 0
github.com/OpenSIN-Code/SIN-Code-Bundle/cmd/sin-code/internal/memory/embed.go:92.2,93.29 2 0
github.com/OpenSIN-Code/SIN-Code-Bundle/cmd/sin-code/internal/memory/embed.go:93.29,94.45 1 0
github.com/OpenSIN-Code/SIN-Code-Bundle/cmd/sin-code/internal/memory/embed.go:94.45,96.4 1 0
github.com/OpenSIN-Code/SIN-Code-Bundle/cmd/sin-code/internal/memory/embed.go:97.3,97.33 1 0
github.com/OpenSIN-Code/SIN-Code-Bundle/cmd/sin-code/internal/memory/embed.go:99.2,99.21 1 0
github.com/OpenSIN-Code/SIN-Code-Bundle/cmd/sin-code/internal/memory/embed.go:102.35,103.32 1 0
github.com/OpenSIN-Code/SIN-Code-Bundle/cmd/sin-code/internal/memory/embed.go:103.32,105.3 1 0
github.com/OpenSIN-Code/SIN-Code-Bundle/cmd/sin-code/internal/memory/embed.go:106.2,106.12 1 0
github.com/OpenSIN-Code/SIN-Code-Bundle/cmd/sin-code/internal/memory/embed.go:110.25,112.20 2 0
github.com/OpenSIN-Code/SIN-Code-Bundle/cmd/sin-code/internal/memory/embed.go:112.20,114.3 1 0
github.com/OpenSIN-Code/SIN-Code-Bundle/cmd/sin-code/internal/memory/embed.go:115.2,115.51 1 0
github.com/OpenSIN-Code/SIN-Code-Bundle/cmd/sin-code/internal/memory/embed.go:115.51,119.3 3 0
github.com/OpenSIN-Code/SIN-Code-Bundle/cmd/sin-code/internal/memory/model.go:46.32,47.35 1 0
github.com/OpenSIN-Code/SIN-Code-Bundle/cmd/sin-code/internal/memory/model.go:47.35,48.13 1 0
github.com/OpenSIN-Code/SIN-Code-Bundle/cmd/sin-code/internal/memory/model.go:48.13,50.4 1 0
github.com/OpenSIN-Code/SIN-Code-Bundle/cmd/sin-code/internal/memory/model.go:52.2,52.14 1 0
github.com/OpenSIN-Code/SIN-Code-Bundle/cmd/sin-code/internal/memory/model.go:55.40,58.2 2 0
github.com/OpenSIN-Code/SIN-Code-Bundle/cmd/sin-code/internal/memory/model.go:60.44,63.25 3 0
github.com/OpenSIN-Code/SIN-Code-Bundle/cmd/sin-code/internal/memory/model.go:63.25,65.25 2 0
github.com/OpenSIN-Code/SIN-Code-Bundle/cmd/sin-code/internal/memory/model.go:65.25,66.12 1 0
github.com/OpenSIN-Code/SIN-Code-Bundle/cmd/sin-code/internal/memory/model.go:68.3,69.23 2 0
github.com/OpenSIN-Code/SIN-Code-Bundle/cmd/sin-code/internal/memory/model.go:71.2,72.12 2 0
github.com/OpenSIN-Code/SIN-Code-Bundle/cmd/sin-code/internal/memory/model.go:78.52,80.2 1 0
github.com/OpenSIN-Code/SIN-Code-Bundle/cmd/sin-code/internal/memory/model.go:89.45,94.2 4 0
github.com/OpenSIN-Code/SIN-Code-Bundle/cmd/sin-code/internal/memory/model.go:96.41,100.2 3 0
github.com/OpenSIN-Code/SIN-Code-Bundle/cmd/sin-code/internal/memory/search.go:20.89,21.16 1 0
github.com/OpenSIN-Code/SIN-Code-Bundle/cmd/sin-code/internal/memory/search.go:21.16,23.3 1 0
github.com/OpenSIN-Code/SIN-Code-Bundle/cmd/sin-code/internal/memory/search.go:24.2,25.16 2 0
github.com/OpenSIN-Code/SIN-Code-Bundle/cmd/sin-code/internal/memory/search.go:25.16,27.3 1 0
github.com/OpenSIN-Code/SIN-Code-Bundle/cmd/sin-code/internal/memory/search.go:29.2,30.38 2 0
github.com/OpenSIN-Code/SIN-Code-Bundle/cmd/sin-code/internal/memory/search.go:30.38,32.3 1 0
github.com/OpenSIN-Code/SIN-Code-Bundle/cmd/sin-code/internal/memory/search.go:34.2,35.24 2 0
github.com/OpenSIN-Code/SIN-Code-Bundle/cmd/sin-code/internal/memory/search.go:35.24,36.28 1 0
github.com/OpenSIN-Code/SIN-Code-Bundle/cmd/sin-code/internal/memory/search.go:36.28,39.4 2 0
github.com/OpenSIN-Code/SIN-Code-Bundle/cmd/sin-code/internal/memory/search.go:40.3,40.28 1 0
github.com/OpenSIN-Code/SIN-Code-Bundle/cmd/sin-code/internal/memory/search.go:40.28,41.12 1 0
github.com/OpenSIN-Code/SIN-Code-Bundle/cmd/sin-code/internal/memory/search.go:43.3,44.63 2 0
github.com/OpenSIN-Code/SIN-Code-Bundle/cmd/sin-code/internal/memory/search.go:46.2,46.41 1 0
github.com/OpenSIN-Code/SIN-Code-Bundle/cmd/sin-code/internal/memory/search.go:46.41,46.85 1 0
github.com/OpenSIN-Code/SIN-Code-Bundle/cmd/sin-code/internal/memory/search.go:47.2,47.25 1 0
github.com/OpenSIN-Code/SIN-Code-Bundle/cmd/sin-code/internal/memory/search.go:47.25,49.3 1 0
github.com/OpenSIN-Code/SIN-Code-Bundle/cmd/sin-code/internal/memory/search.go:50.2,50.20 1 0
github.com/OpenSIN-Code/SIN-Code-Bundle/cmd/sin-code/internal/memory/search.go:53.87,56.24 3 0
github.com/OpenSIN-Code/SIN-Code-Bundle/cmd/sin-code/internal/memory/search.go:56.24,59.38 3 0
github.com/OpenSIN-Code/SIN-Code-Bundle/cmd/sin-code/internal/memory/search.go:59.38,61.4 1 0
github.com/OpenSIN-Code/SIN-Code-Bundle/cmd/sin-code/internal/memory/search.go:62.3,62.28 1 0
github.com/OpenSIN-Code/SIN-Code-Bundle/cmd/sin-code/internal/memory/search.go:62.28,63.52 1 0
github.com/OpenSIN-Code/SIN-Code-Bundle/cmd/sin-code/internal/memory/search.go:63.52,65.5 1 0
github.com/OpenSIN-Code/SIN-Code-Bundle/cmd/sin-code/internal/memory/search.go:67.3,67.16 1 0
github.com/OpenSIN-Code/SIN-Code-Bundle/cmd/sin-code/internal/memory/search.go:67.16,69.4 1 0
github.com/OpenSIN-Code/SIN-Code-Bundle/cmd/sin-code/internal/memory/search.go:71.2,71.38 1 0
github.com/OpenSIN-Code/SIN-Code-Bundle/cmd/sin-code/internal/memory/search.go:71.38,71.76 1 0
github.com/OpenSIN-Code/SIN-Code-Bundle/cmd/sin-code/internal/memory/search.go:72.2,72.22 1 0
github.com/OpenSIN-Code/SIN-Code-Bundle/cmd/sin-code/internal/memory/search.go:72.22,74.3 1 0
github.com/OpenSIN-Code/SIN-Code-Bundle/cmd/sin-code/internal/memory/search.go:75.2,75.12 1 0
github.com/OpenSIN-Code/SIN-Code-Bundle/cmd/sin-code/internal/memory/search.go:78.47,79.37 1 0
github.com/OpenSIN-Code/SIN-Code-Bundle/cmd/sin-code/internal/memory/search.go:79.37,81.3 1 0
github.com/OpenSIN-Code/SIN-Code-Bundle/cmd/sin-code/internal/memory/search.go:82.2,83.19 2 0
github.com/OpenSIN-Code/SIN-Code-Bundle/cmd/sin-code/internal/memory/search.go:83.19,87.3 3 0
github.com/OpenSIN-Code/SIN-Code-Bundle/cmd/sin-code/internal/memory/search.go:88.2,88.24 1 0
github.com/OpenSIN-Code/SIN-Code-Bundle/cmd/sin-code/internal/memory/search.go:88.24,90.3 1 0
github.com/OpenSIN-Code/SIN-Code-Bundle/cmd/sin-code/internal/memory/search.go:91.2,91.46 1 0
github.com/OpenSIN-Code/SIN-Code-Bundle/cmd/sin-code/internal/memory/search.go:96.79,97.19 1 0
github.com/OpenSIN-Code/SIN-Code-Bundle/cmd/sin-code/internal/memory/search.go:97.19,99.3 1 0
github.com/OpenSIN-Code/SIN-Code-Bundle/cmd/sin-code/internal/memory/search.go:100.2,106.21 4 0
github.com/OpenSIN-Code/SIN-Code-Bundle/cmd/sin-code/internal/memory/search.go:106.21,109.27 3 0
github.com/OpenSIN-Code/SIN-Code-Bundle/cmd/sin-code/internal/memory/search.go:109.27,110.12 1 0
github.com/OpenSIN-Code/SIN-Code-Bundle/cmd/sin-code/internal/memory/search.go:112.3,113.17 2 0
github.com/OpenSIN-Code/SIN-Code-Bundle/cmd/sin-code/internal/memory/search.go:113.17,115.4 1 0
github.com/OpenSIN-Code/SIN-Code-Bundle/cmd/sin-code/internal/memory/search.go:116.3,117.27 2 0
github.com/OpenSIN-Code/SIN-Code-Bundle/cmd/sin-code/internal/memory/search.go:117.27,118.22 1 0
github.com/OpenSIN-Code/SIN-Code-Bundle/cmd/sin-code/internal/memory/search.go:118.22,124.5 2 0
github.com/OpenSIN-Code/SIN-Code-Bundle/cmd/sin-code/internal/memory/search.go:127.2,127.17 1 0
github.com/OpenSIN-Code/SIN-Code-Bundle/cmd/sin-code/internal/memory/search.go:132.79,133.15 1 0
github.com/OpenSIN-Code/SIN-Code-Bundle/cmd/sin-code/internal/memory/search.go:133.15,135.3 1 0
github.com/OpenSIN-Code/SIN-Code-Bundle/cmd/sin-code/internal/memory/search.go:136.2,137.16 2 0
github.com/OpenSIN-Code/SIN-Code-Bundle/cmd/sin-code/internal/memory/search.go:137.16,139.3 1 0
github.com/OpenSIN-Code/SIN-Code-Bundle/cmd/sin-code/internal/memory/search.go:140.2,140.23 1 0
github.com/OpenSIN-Code/SIN-Code-Bundle/cmd/sin-code/internal/memory/search.go:140.23,142.3 1 0
github.com/OpenSIN-Code/SIN-Code-Bundle/cmd/sin-code/internal/memory/search.go:143.2,145.28 3 0
github.com/OpenSIN-Code/SIN-Code-Bundle/cmd/sin-code/internal/memory/search.go:145.28,147.22 2 0
github.com/OpenSIN-Code/SIN-Code-Bundle/cmd/sin-code/internal/memory/search.go:147.22,149.4 1 0
github.com/OpenSIN-Code/SIN-Code-Bundle/cmd/sin-code/internal/memory/search.go:150.3,151.22 2 0
github.com/OpenSIN-Code/SIN-Code-Bundle/cmd/sin-code/internal/memory/search.go:151.22,153.4 1 0
github.com/OpenSIN-Code/SIN-Code-Bundle/cmd/sin-code/internal/memory/search.go:154.3,155.8 2 0
github.com/OpenSIN-Code/SIN-Code-Bundle/cmd/sin-code/internal/memory/search.go:157.2,157.24 1 0
github.com/OpenSIN-Code/SIN-Code-Bundle/cmd/sin-code/internal/memory/store.go:46.40,47.16 1 0
github.com/OpenSIN-Code/SIN-Code-Bundle/cmd/sin-code/internal/memory/store.go:47.16,49.17 2 0
github.com/OpenSIN-Code/SIN-Code-Bundle/cmd/sin-code/internal/memory/store.go:49.17,51.4 1 0
github.com/OpenSIN-Code/SIN-Code-Bundle/cmd/sin-code/internal/memory/store.go:52.3,52.41 1 0
github.com/OpenSIN-Code/SIN-Code-Bundle/cmd/sin-code/internal/memory/store.go:54.2,54.63 1 0
github.com/OpenSIN-Code/SIN-Code-Bundle/cmd/sin-code/internal/memory/store.go:54.63,56.3 1 0
github.com/OpenSIN-Code/SIN-Code-Bundle/cmd/sin-code/internal/memory/store.go:57.2,58.16 2 0
github.com/OpenSIN-Code/SIN-Code-Bundle/cmd/sin-code/internal/memory/store.go:58.16,60.3 1 0
github.com/OpenSIN-Code/SIN-Code-Bundle/cmd/sin-code/internal/memory/store.go:61.2,61.46 1 0
github.com/OpenSIN-Code/SIN-Code-Bundle/cmd/sin-code/internal/memory/store.go:61.46,62.98 1 0
github.com/OpenSIN-Code/SIN-Code-Bundle/cmd/sin-code/internal/memory/store.go:62.98,63.67 1 0
github.com/OpenSIN-Code/SIN-Code-Bundle/cmd/sin-code/internal/memory/store.go:63.67,65.5 1 0
github.com/OpenSIN-Code/SIN-Code-Bundle/cmd/sin-code/internal/memory/store.go:67.3,67.13 1 0
github.com/OpenSIN-Code/SIN-Code-Bundle/cmd/sin-code/internal/memory/store.go:68.17,71.3 2 0
github.com/OpenSIN-Code/SIN-Code-Bundle/cmd/sin-code/internal/memory/store.go:72.2,72.40 1 0
github.com/OpenSIN-Code/SIN-Code-Bundle/cmd/sin-code/internal/memory/store.go:75.31,76.29 1 0
github.com/OpenSIN-Code/SIN-Code-Bundle/cmd/sin-code/internal/memory/store.go:76.29,78.3 1 0
github.com/OpenSIN-Code/SIN-Code-Bundle/cmd/sin-code/internal/memory/store.go:79.2,79.21 1 0
github.com/OpenSIN-Code/SIN-Code-Bundle/cmd/sin-code/internal/memory/store.go:82.31,82.48 1 0
github.com/OpenSIN-Code/SIN-Code-Bundle/cmd/sin-code/internal/memory/store.go:84.35,86.16 2 0
github.com/OpenSIN-Code/SIN-Code-Bundle/cmd/sin-code/internal/memory/store.go:86.16,88.3 1 0
github.com/OpenSIN-Code/SIN-Code-Bundle/cmd/sin-code/internal/memory/store.go:89.2,89.44 1 0
github.com/OpenSIN-Code/SIN-Code-Bundle/cmd/sin-code/internal/memory/store.go:92.31,92.52 1 0
github.com/OpenSIN-Code/SIN-Code-Bundle/cmd/sin-code/internal/memory/store.go:94.38,96.2 1 0
github.com/OpenSIN-Code/SIN-Code-Bundle/cmd/sin-code/internal/memory/store.go:98.37,98.64 1 0
github.com/OpenSIN-Code/SIN-Code-Bundle/cmd/sin-code/internal/memory/store.go:100.35,103.2 2 0
github.com/OpenSIN-Code/SIN-Code-Bundle/cmd/sin-code/internal/memory/store.go:105.42,107.22 2 0
github.com/OpenSIN-Code/SIN-Code-Bundle/cmd/sin-code/internal/memory/store.go:107.22,109.3 1 0
github.com/OpenSIN-Code/SIN-Code-Bundle/cmd/sin-code/internal/memory/store.go:110.2,110.12 1 0
github.com/OpenSIN-Code/SIN-Code-Bundle/cmd/sin-code/internal/memory/store.go:113.42,114.34 1 0
github.com/OpenSIN-Code/SIN-Code-Bundle/cmd/sin-code/internal/memory/store.go:114.34,116.3 1 0
github.com/OpenSIN-Code/SIN-Code-Bundle/cmd/sin-code/internal/memory/store.go:117.2,118.19 2 0
github.com/OpenSIN-Code/SIN-Code-Bundle/cmd/sin-code/internal/memory/store.go:118.19,120.3 1 0
github.com/OpenSIN-Code/SIN-Code-Bundle/cmd/sin-code/internal/memory/store.go:121.2,121.10 1 0
github.com/OpenSIN-Code/SIN-Code-Bundle/cmd/sin-code/internal/memory/store.go:124.38,125.14 1 0
github.com/OpenSIN-Code/SIN-Code-Bundle/cmd/sin-code/internal/memory/store.go:125.14,127.3 1 0
github.com/OpenSIN-Code/SIN-Code-Bundle/cmd/sin-code/internal/memory/store.go:128.2,128.40 1 0
github.com/OpenSIN-Code/SIN-Code-Bundle/cmd/sin-code/internal/memory/store.go:128.40,130.3 1 0
github.com/OpenSIN-Code/SIN-Code-Bundle/cmd/sin-code/internal/memory/store.go:131.2,131.16 1 0
github.com/OpenSIN-Code/SIN-Code-Bundle/cmd/sin-code/internal/memory/store.go:131.16,133.3 1 0
github.com/OpenSIN-Code/SIN-Code-Bundle/cmd/sin-code/internal/memory/store.go:134.2,135.24 2 0
github.com/OpenSIN-Code/SIN-Code-Bundle/cmd/sin-code/internal/memory/store.go:135.24,137.3 1 0
github.com/OpenSIN-Code/SIN-Code-Bundle/cmd/sin-code/internal/memory/store.go:138.2,140.27 3 0
github.com/OpenSIN-Code/SIN-Code-Bundle/cmd/sin-code/internal/memory/store.go:140.27,142.17 2 0
github.com/OpenSIN-Code/SIN-Code-Bundle/cmd/sin-code/internal/memory/store.go:142.17,144.4 1 0
github.com/OpenSIN-Code/SIN-Code-Bundle/cmd/sin-code/internal/memory/store.go:146.2,146.45 1 0
github.com/OpenSIN-Code/SIN-Code-Bundle/cmd/sin-code/internal/memory/store.go:146.45,148.17 2 0
github.com/OpenSIN-Code/SIN-Code-Bundle/cmd/sin-code/internal/memory/store.go:148.17,150.4 1 0
github.com/OpenSIN-Code/SIN-Code-Bundle/cmd/sin-code/internal/memory/store.go:151.3,151.78 1 0
github.com/OpenSIN-Code/SIN-Code-Bundle/cmd/sin-code/internal/memory/store.go:151.78,153.4 1 0
github.com/OpenSIN-Code/SIN-Code-Bundle/cmd/sin-code/internal/memory/store.go:154.3,154.27 1 0
github.com/OpenSIN-Code/SIN-Code-Bundle/cmd/sin-code/internal/memory/store.go:154.27,157.85 3 0
github.com/OpenSIN-Code/SIN-Code-Bundle/cmd/sin-code/internal/memory/store.go:157.85,159.5 1 0
github.com/OpenSIN-Code/SIN-Code-Bundle/cmd/sin-code/internal/memory/store.go:161.3,161.58 1 0
github.com/OpenSIN-Code/SIN-Code-Bundle/cmd/sin-code/internal/memory/store.go:165.49,167.43 2 0
github.com/OpenSIN-Code/SIN-Code-Bundle/cmd/sin-code/internal/memory/store.go:167.43,169.17 2 0
github.com/OpenSIN-Code/SIN-Code-Bundle/cmd/sin-code/internal/memory/store.go:169.17,171.4 1 0
github.com/OpenSIN-Code/SIN-Code-Bundle/cmd/sin-code/internal/memory/store.go:172.3,173.49 2 0
github.com/OpenSIN-Code/SIN-Code-Bundle/cmd/sin-code/internal/memory/store.go:173.49,175.4 1 0
github.com/OpenSIN-Code/SIN-Code-Bundle/cmd/sin-code/internal/memory/store.go:176.3,178.13 3 0
github.com/OpenSIN-Code/SIN-Code-Bundle/cmd/sin-code/internal/memory/store.go:180.2,180.15 1 0
github.com/OpenSIN-Code/SIN-Code-Bundle/cmd/sin-code/internal/memory/store.go:183.70,186.16 3 0
github.com/OpenSIN-Code/SIN-Code-Bundle/cmd/sin-code/internal/memory/store.go:186.16,188.3 1 0
github.com/OpenSIN-Code/SIN-Code-Bundle/cmd/sin-code/internal/memory/store.go:189.2,189.29 1 0
github.com/OpenSIN-Code/SIN-Code-Bundle/cmd/sin-code/internal/memory/store.go:192.66,194.47 2 0
github.com/OpenSIN-Code/SIN-Code-Bundle/cmd/sin-code/internal/memory/store.go:194.47,196.3 1 0
github.com/OpenSIN-Code/SIN-Code-Bundle/cmd/sin-code/internal/memory/store.go:197.2,198.15 2 0
github.com/OpenSIN-Code/SIN-Code-Bundle/cmd/sin-code/internal/memory/store.go:198.15,200.3 1 0
github.com/OpenSIN-Code/SIN-Code-Bundle/cmd/sin-code/internal/memory/store.go:201.2,202.16 2 0
github.com/OpenSIN-Code/SIN-Code-Bundle/cmd/sin-code/internal/memory/store.go:202.16,204.3 1 0
github.com/OpenSIN-Code/SIN-Code-Bundle/cmd/sin-code/internal/memory/store.go:205.2,205.16 1 0
github.com/OpenSIN-Code/SIN-Code-Bundle/cmd/sin-code/internal/memory/store.go:205.16,207.3 1 0
github.com/OpenSIN-Code/SIN-Code-Bundle/cmd/sin-code/internal/memory/store.go:208.2,208.15 1 0
github.com/OpenSIN-Code/SIN-Code-Bundle/cmd/sin-code/internal/memory/store.go:221.55,223.43 2 0
github.com/OpenSIN-Code/SIN-Code-Bundle/cmd/sin-code/internal/memory/store.go:223.43,224.72 1 0
github.com/OpenSIN-Code/SIN-Code-Bundle/cmd/sin-code/internal/memory/store.go:224.72,226.48 2 0
github.com/OpenSIN-Code/SIN-Code-Bundle/cmd/sin-code/internal/memory/store.go:226.48,228.5 1 0
github.com/OpenSIN-Code/SIN-Code-Bundle/cmd/sin-code/internal/memory/store.go:229.4,231.14 3 0
github.com/OpenSIN-Code/SIN-Code-Bundle/cmd/sin-code/internal/memory/store.go:234.2,234.16 1 0
github.com/OpenSIN-Code/SIN-Code-Bundle/cmd/sin-code/internal/memory/store.go:234.16,236.3 1 0
github.com/OpenSIN-Code/SIN-Code-Bundle/cmd/sin-code/internal/memory/store.go:237.2,238.24 2 0
github.com/OpenSIN-Code/SIN-Code-Bundle/cmd/sin-code/internal/memory/store.go:238.24,239.48 1 0
github.com/OpenSIN-Code/SIN-Code-Bundle/cmd/sin-code/internal/memory/store.go:239.48,240.12 1 0
github.com/OpenSIN-Code/SIN-Code-Bundle/cmd/sin-code/internal/memory/store.go:242.3,242.18 1 0
github.com/OpenSIN-Code/SIN-Code-Bundle/cmd/sin-code/internal/memory/store.go:242.18,244.29 2 0
github.com/OpenSIN-Code/SIN-Code-Bundle/cmd/sin-code/internal/memory/store.go:244.29,245.19 1 0
github.com/OpenSIN-Code/SIN-Code-Bundle/cmd/sin-code/internal/memory/store.go:245.19,247.11 2 0
github.com/OpenSIN-Code/SIN-Code-Bundle/cmd/sin-code/internal/memory/store.go:250.4,250.14 1 0
github.com/OpenSIN-Code/SIN-Code-Bundle/cmd/sin-code/internal/memory/store.go:250.14,251.13 1 0
github.com/OpenSIN-Code/SIN-Code-Bundle/cmd/sin-code/internal/memory/store.go:254.3,254.25 1 0
github.com/OpenSIN-Code/SIN-Code-Bundle/cmd/sin-code/internal/memory/store.go:254.25,256.29 2 0
github.com/OpenSIN-Code/SIN-Code-Bundle/cmd/sin-code/internal/memory/store.go:256.29,258.5 1 0
github.com/OpenSIN-Code/SIN-Code-Bundle/cmd/sin-code/internal/memory/store.go:259.4,260.32 2 0
github.com/OpenSIN-Code/SIN-Code-Bundle/cmd/sin-code/internal/memory/store.go:260.32,261.17 1 0
github.com/OpenSIN-Code/SIN-Code-Bundle/cmd/sin-code/internal/memory/store.go:261.17,263.11 2 0
github.com/OpenSIN-Code/SIN-Code-Bundle/cmd/sin-code/internal/memory/store.go:266.4,266.11 1 0
github.com/OpenSIN-Code/SIN-Code-Bundle/cmd/sin-code/internal/memory/store.go:266.11,267.13 1 0
github.com/OpenSIN-Code/SIN-Code-Bundle/cmd/sin-code/internal/memory/store.go:270.3,270.25 1 0
github.com/OpenSIN-Code/SIN-Code-Bundle/cmd/sin-code/internal/memory/store.go:270.25,272.32 2 0
github.com/OpenSIN-Code/SIN-Code-Bundle/cmd/sin-code/internal/memory/store.go:272.32,273.31 1 0
github.com/OpenSIN-Code/SIN-Code-Bundle/cmd/sin-code/internal/memory/store.go:273.31,274.17 1 0
github.com/OpenSIN-Code/SIN-Code-Bundle/cmd/sin-code/internal/memory/store.go:274.17,276.12 2 0
github.com/OpenSIN-Code/SIN-Code-Bundle/cmd/sin-code/internal/memory/store.go:279.5,279.17 1 0
github.com/OpenSIN-Code/SIN-Code-Bundle/cmd/sin-code/internal/memory/store.go:279.17,280.11 1 0
github.com/OpenSIN-Code/SIN-Code-Bundle/cmd/sin-code/internal/memory/store.go:283.4,283.17 1 0
github.com/OpenSIN-Code/SIN-Code-Bundle/cmd/sin-code/internal/memory/store.go:283.17,284.13 1 0
github.com/OpenSIN-Code/SIN-Code-Bundle/cmd/sin-code/internal/memory/store.go:287.3,287.42 1 0
github.com/OpenSIN-Code/SIN-Code-Bundle/cmd/sin-code/internal/memory/store.go:287.42,288.12 1 0
github.com/OpenSIN-Code/SIN-Code-Bundle/cmd/sin-code/internal/memory/store.go:290.3,290.21 1 0
github.com/OpenSIN-Code/SIN-Code-Bundle/cmd/sin-code/internal/memory/store.go:290.21,292.61 2 0
github.com/OpenSIN-Code/SIN-Code-Bundle/cmd/sin-code/internal/memory/store.go:292.61,293.13 1 0
github.com/OpenSIN-Code/SIN-Code-Bundle/cmd/sin-code/internal/memory/store.go:296.3,296.23 1 0
github.com/OpenSIN-Code/SIN-Code-Bundle/cmd/sin-code/internal/memory/store.go:298.2,298.38 1 0
github.com/OpenSIN-Code/SIN-Code-Bundle/cmd/sin-code/internal/memory/store.go:298.38,298.85 1 0
github.com/OpenSIN-Code/SIN-Code-Bundle/cmd/sin-code/internal/memory/store.go:299.2,299.39 1 0
github.com/OpenSIN-Code/SIN-Code-Bundle/cmd/sin-code/internal/memory/store.go:299.39,301.3 1 0
github.com/OpenSIN-Code/SIN-Code-Bundle/cmd/sin-code/internal/memory/store.go:302.2,302.17 1 0
github.com/OpenSIN-Code/SIN-Code-Bundle/cmd/sin-code/internal/memory/store.go:305.52,306.45 1 0
github.com/OpenSIN-Code/SIN-Code-Bundle/cmd/sin-code/internal/memory/store.go:306.45,309.17 3 0
github.com/OpenSIN-Code/SIN-Code-Bundle/cmd/sin-code/internal/memory/store.go:309.17,311.4 1 0
github.com/OpenSIN-Code/SIN-Code-Bundle/cmd/sin-code/internal/memory/store.go:312.3,312.12 1 0
github.com/OpenSIN-Code/SIN-Code-Bundle/cmd/sin-code/internal/memory/store.go:312.12,314.50 2 0
github.com/OpenSIN-Code/SIN-Code-Bundle/cmd/sin-code/internal/memory/store.go:314.50,316.5 1 0
github.com/OpenSIN-Code/SIN-Code-Bundle/cmd/sin-code/internal/memory/store.go:317.4,321.57 5 0
github.com/OpenSIN-Code/SIN-Code-Bundle/cmd/sin-code/internal/memory/store.go:323.3,326.36 4 0
github.com/OpenSIN-Code/SIN-Code-Bundle/cmd/sin-code/internal/memory/store.go:326.36,327.47 1 0
github.com/OpenSIN-Code/SIN-Code-Bundle/cmd/sin-code/internal/memory/store.go:327.47,329.5 1 0
github.com/OpenSIN-Code/SIN-Code-Bundle/cmd/sin-code/internal/memory/store.go:330.4,330.19 1 0
github.com/OpenSIN-Code/SIN-Code-Bundle/cmd/sin-code/internal/memory/store.go:332.3,332.13 1 0
github.com/OpenSIN-Code/SIN-Code-Bundle/cmd/sin-code/internal/memory/store.go:336.39,337.32 1 0
github.com/OpenSIN-Code/SIN-Code-Bundle/cmd/sin-code/internal/memory/store.go:337.32,339.3 1 0
github.com/OpenSIN-Code/SIN-Code-Bundle/cmd/sin-code/internal/memory/store.go:340.2,340.20 1 0
github.com/OpenSIN-Code/SIN-Code-Bundle/cmd/sin-code/internal/memory/store.go:340.20,342.3 1 0
github.com/OpenSIN-Code/SIN-Code-Bundle/cmd/sin-code/internal/memory/store.go:343.2,343.30 1 0
github.com/OpenSIN-Code/SIN-Code-Bundle/cmd/sin-code/internal/memory/store.go:343.30,345.3 1 0
github.com/OpenSIN-Code/SIN-Code-Bundle/cmd/sin-code/internal/memory/store.go:346.2,346.24 1 0
github.com/OpenSIN-Code/SIN-Code-Bundle/cmd/sin-code/internal/memory/store.go:346.24,348.3 1 0
github.com/OpenSIN-Code/SIN-Code-Bundle/cmd/sin-code/internal/memory/store.go:349.2,349.45 1 0
github.com/OpenSIN-Code/SIN-Code-Bundle/cmd/sin-code/internal/memory/store.go:349.45,352.3 2 0
github.com/OpenSIN-Code/SIN-Code-Bundle/cmd/sin-code/internal/memory/store.go:355.53,358.43 3 0
github.com/OpenSIN-Code/SIN-Code-Bundle/cmd/sin-code/internal/memory/store.go:358.43,360.52 2 0
github.com/OpenSIN-Code/SIN-Code-Bundle/cmd/sin-code/internal/memory/store.go:360.52,362.23 2 0
github.com/OpenSIN-Code/SIN-Code-Bundle/cmd/sin-code/internal/memory/store.go:362.23,363.13 1 0
github.com/OpenSIN-Code/SIN-Code-Bundle/cmd/sin-code/internal/memory/store.go:365.4,365.40 1 0
github.com/OpenSIN-Code/SIN-Code-Bundle/cmd/sin-code/internal/memory/store.go:365.40,367.17 2 0
github.com/OpenSIN-Code/SIN-Code-Bundle/cmd/sin-code/internal/memory/store.go:367.17,368.14 1 0
github.com/OpenSIN-Code/SIN-Code-Bundle/cmd/sin-code/internal/memory/store.go:370.5,371.74 2 0
github.com/OpenSIN-Code/SIN-Code-Bundle/cmd/sin-code/internal/memory/store.go:374.3,374.13 1 0
github.com/OpenSIN-Code/SIN-Code-Bundle/cmd/sin-code/internal/memory/store.go:376.2,376.17 1 0
github.com/OpenSIN-Code/SIN-Code-Bundle/cmd/sin-code/internal/memory/store.go:379.51,380.45 1 0
github.com/OpenSIN-Code/SIN-Code-Bundle/cmd/sin-code/internal/memory/store.go:380.45,382.3 1 0
github.com/OpenSIN-Code/SIN-Code-Bundle/cmd/sin-code/internal/memory/store.go:385.49,391.43 2 0
github.com/OpenSIN-Code/SIN-Code-Bundle/cmd/sin-code/internal/memory/store.go:391.43,392.69 1 0
github.com/OpenSIN-Code/SIN-Code-Bundle/cmd/sin-code/internal/memory/store.go:392.69,395.4 2 0
github.com/OpenSIN-Code/SIN-Code-Bundle/cmd/sin-code/internal/memory/store.go:396.3,396.70 1 0
github.com/OpenSIN-Code/SIN-Code-Bundle/cmd/sin-code/internal/memory/store.go:396.70,399.4 2 0
github.com/OpenSIN-Code/SIN-Code-Bundle/cmd/sin-code/internal/memory/store.go:400.3,400.75 1 0
github.com/OpenSIN-Code/SIN-Code-Bundle/cmd/sin-code/internal/memory/store.go:400.75,403.4 2 0
github.com/OpenSIN-Code/SIN-Code-Bundle/cmd/sin-code/internal/memory/store.go:404.3,404.13 1 0
github.com/OpenSIN-Code/SIN-Code-Bundle/cmd/sin-code/internal/memory/store.go:406.2,406.17 1 0
github.com/OpenSIN-Code/SIN-Code-Bundle/cmd/sin-code/internal/memory/store.go:409.80,415.16 2 0
github.com/OpenSIN-Code/SIN-Code-Bundle/cmd/sin-code/internal/memory/store.go:415.16,417.3 1 0
github.com/OpenSIN-Code/SIN-Code-Bundle/cmd/sin-code/internal/memory/store.go:418.2,418.14 1 0
github.com/OpenSIN-Code/SIN-Code-Bundle/cmd/sin-code/internal/memory/store.go:418.14,420.3 1 0
github.com/OpenSIN-Code/SIN-Code-Bundle/cmd/sin-code/internal/memory/store.go:421.2,426.24 6 0
github.com/OpenSIN-Code/SIN-Code-Bundle/cmd/sin-code/internal/memory/store.go:429.47,431.15 2 0
github.com/OpenSIN-Code/SIN-Code-Bundle/cmd/sin-code/internal/memory/store.go:431.15,433.3 1 0
github.com/OpenSIN-Code/SIN-Code-Bundle/cmd/sin-code/internal/memory/store.go:434.2,434.18 1 0
github.com/OpenSIN-Code/SIN-Code-Bundle/cmd/sin-code/internal/notifications/cmd.go:40.13,55.2 13 1
github.com/OpenSIN-Code/SIN-Code-Bundle/cmd/sin-code/internal/notifications/cmd.go:57.34,59.2 1 0
github.com/OpenSIN-Code/SIN-Code-Bundle/cmd/sin-code/internal/notifications/cmd.go:61.37,65.2 3 0
github.com/OpenSIN-Code/SIN-Code-Bundle/cmd/sin-code/internal/notifications/cmd.go:67.41,68.18 1 0
github.com/OpenSIN-Code/SIN-Code-Bundle/cmd/sin-code/internal/notifications/cmd.go:68.18,71.3 2 0
github.com/OpenSIN-Code/SIN-Code-Bundle/cmd/sin-code/internal/notifications/cmd.go:72.2,74.23 3 0
github.com/OpenSIN-Code/SIN-Code-Bundle/cmd/sin-code/internal/notifications/cmd.go:74.23,76.13 2 0
github.com/OpenSIN-Code/SIN-Code-Bundle/cmd/sin-code/internal/notifications/cmd.go:76.13,78.4 1 0
github.com/OpenSIN-Code/SIN-Code-Bundle/cmd/sin-code/internal/notifications/cmd.go:79.3,79.73 1 0
github.com/OpenSIN-Code/SIN-Code-Bundle/cmd/sin-code/internal/notifications/cmd.go:86.54,90.17 4 0
github.com/OpenSIN-Code/SIN-Code-Bundle/cmd/sin-code/internal/notifications/cmd.go:90.17,92.4 1 0
github.com/OpenSIN-Code/SIN-Code-Bundle/cmd/sin-code/internal/notifications/cmd.go:93.3,95.17 3 0
github.com/OpenSIN-Code/SIN-Code-Bundle/cmd/sin-code/internal/notifications/cmd.go:95.17,97.4 1 0
github.com/OpenSIN-Code/SIN-Code-Bundle/cmd/sin-code/internal/notifications/cmd.go:98.3,98.28 1 0
github.com/OpenSIN-Code/SIN-Code-Bundle/cmd/sin-code/internal/notifications/cmd.go:98.28,100.4 1 0
github.com/OpenSIN-Code/SIN-Code-Bundle/cmd/sin-code/internal/notifications/cmd.go:101.3,102.13 2 0
github.com/OpenSIN-Code/SIN-Code-Bundle/cmd/sin-code/internal/notifications/cmd.go:106.13,109.2 2 1
github.com/OpenSIN-Code/SIN-Code-Bundle/cmd/sin-code/internal/notifications/cmd.go:115.54,117.17 2 0
github.com/OpenSIN-Code/SIN-Code-Bundle/cmd/sin-code/internal/notifications/cmd.go:117.17,119.4 1 0
github.com/OpenSIN-Code/SIN-Code-Bundle/cmd/sin-code/internal/notifications/cmd.go:120.3,121.49 2 0
github.com/OpenSIN-Code/SIN-Code-Bundle/cmd/sin-code/internal/notifications/cmd.go:121.49,123.4 1 0
github.com/OpenSIN-Code/SIN-Code-Bundle/cmd/sin-code/internal/notifications/cmd.go:124.3,125.13 2 0
github.com/OpenSIN-Code/SIN-Code-Bundle/cmd/sin-code/internal/notifications/cmd.go:133.54,135.17 2 0
github.com/OpenSIN-Code/SIN-Code-Bundle/cmd/sin-code/internal/notifications/cmd.go:135.17,137.4 1 0
github.com/OpenSIN-Code/SIN-Code-Bundle/cmd/sin-code/internal/notifications/cmd.go:138.3,139.51 2 0
github.com/OpenSIN-Code/SIN-Code-Bundle/cmd/sin-code/internal/notifications/cmd.go:139.51,141.4 1 0
github.com/OpenSIN-Code/SIN-Code-Bundle/cmd/sin-code/internal/notifications/cmd.go:142.3,143.13 2 0
github.com/OpenSIN-Code/SIN-Code-Bundle/cmd/sin-code/internal/notifications/cmd.go:151.54,153.17 2 0
github.com/OpenSIN-Code/SIN-Code-Bundle/cmd/sin-code/internal/notifications/cmd.go:153.17,155.4 1 0
github.com/OpenSIN-Code/SIN-Code-Bundle/cmd/sin-code/internal/notifications/cmd.go:156.3,157.48 2 0
github.com/OpenSIN-Code/SIN-Code-Bundle/cmd/sin-code/internal/notifications/cmd.go:157.48,159.4 1 0
github.com/OpenSIN-Code/SIN-Code-Bundle/cmd/sin-code/internal/notifications/cmd.go:160.3,161.13 2 0
github.com/OpenSIN-Code/SIN-Code-Bundle/cmd/sin-code/internal/notifications/cmd.go:168.54,171.21 3 0
github.com/OpenSIN-Code/SIN-Code-Bundle/cmd/sin-code/internal/notifications/cmd.go:171.21,172.40 1 0
github.com/OpenSIN-Code/SIN-Code-Bundle/cmd/sin-code/internal/notifications/cmd.go:172.40,174.5 1 0
github.com/OpenSIN-Code/SIN-Code-Bundle/cmd/sin-code/internal/notifications/cmd.go:176.3,176.13 1 0
github.com/OpenSIN-Code/SIN-Code-Bundle/cmd/sin-code/internal/notifications/cmd.go:183.54,185.17 2 0
github.com/OpenSIN-Code/SIN-Code-Bundle/cmd/sin-code/internal/notifications/cmd.go:185.17,187.4 1 0
github.com/OpenSIN-Code/SIN-Code-Bundle/cmd/sin-code/internal/notifications/cmd.go:188.3,189.39 2 0
github.com/OpenSIN-Code/SIN-Code-Bundle/cmd/sin-code/internal/notifications/cmd.go:189.39,191.4 1 0
github.com/OpenSIN-Code/SIN-Code-Bundle/cmd/sin-code/internal/notifications/cmd.go:192.3,193.13 2 0
github.com/OpenSIN-Code/SIN-Code-Bundle/cmd/sin-code/internal/notifications/cmd.go:200.54,203.17 3 0
github.com/OpenSIN-Code/SIN-Code-Bundle/cmd/sin-code/internal/notifications/cmd.go:203.17,205.4 1 0
github.com/OpenSIN-Code/SIN-Code-Bundle/cmd/sin-code/internal/notifications/cmd.go:206.3,208.17 3 0
github.com/OpenSIN-Code/SIN-Code-Bundle/cmd/sin-code/internal/notifications/cmd.go:208.17,210.4 1 0
github.com/OpenSIN-Code/SIN-Code-Bundle/cmd/sin-code/internal/notifications/cmd.go:211.3,212.13 2 0
github.com/OpenSIN-Code/SIN-Code-Bundle/cmd/sin-code/internal/notifications/cmd.go:216.13,218.2 1 1
github.com/OpenSIN-Code/SIN-Code-Bundle/cmd/sin-code/internal/notifications/cmd.go:223.54,225.17 2 0
github.com/OpenSIN-Code/SIN-Code-Bundle/cmd/sin-code/internal/notifications/cmd.go:225.17,227.4 1 0
github.com/OpenSIN-Code/SIN-Code-Bundle/cmd/sin-code/internal/notifications/cmd.go:228.3,230.17 3 0
github.com/OpenSIN-Code/SIN-Code-Bundle/cmd/sin-code/internal/notifications/cmd.go:230.17,232.4 1 0
github.com/OpenSIN-Code/SIN-Code-Bundle/cmd/sin-code/internal/notifications/cmd.go:233.3,233.28 1 0
github.com/OpenSIN-Code/SIN-Code-Bundle/cmd/sin-code/internal/notifications/cmd.go:233.28,235.4 1 0
github.com/OpenSIN-Code/SIN-Code-Bundle/cmd/sin-code/internal/notifications/cmd.go:236.3,238.25 3 0
github.com/OpenSIN-Code/SIN-Code-Bundle/cmd/sin-code/internal/notifications/cmd.go:238.25,240.32 2 0
github.com/OpenSIN-Code/SIN-Code-Bundle/cmd/sin-code/internal/notifications/cmd.go:240.32,242.5 1 0
github.com/OpenSIN-Code/SIN-Code-Bundle/cmd/sin-code/internal/notifications/cmd.go:244.3,244.13 1 0
github.com/OpenSIN-Code/SIN-Code-Bundle/cmd/sin-code/internal/notifications/cmd.go:249.38,251.16 2 0
github.com/OpenSIN-Code/SIN-Code-Bundle/cmd/sin-code/internal/notifications/cmd.go:251.16,253.3 1 0
github.com/OpenSIN-Code/SIN-Code-Bundle/cmd/sin-code/internal/notifications/cmd.go:254.2,256.24 3 0
github.com/OpenSIN-Code/SIN-Code-Bundle/cmd/sin-code/internal/notifications/cmd.go:256.24,258.3 1 0
github.com/OpenSIN-Code/SIN-Code-Bundle/cmd/sin-code/internal/notifications/cmd.go:259.2,259.16 1 0
github.com/OpenSIN-Code/SIN-Code-Bundle/cmd/sin-code/internal/notifications/cmd.go:259.16,261.3 1 0
github.com/OpenSIN-Code/SIN-Code-Bundle/cmd/sin-code/internal/notifications/cmd.go:262.2,262.19 1 0
github.com/OpenSIN-Code/SIN-Code-Bundle/cmd/sin-code/internal/notifications/cmd.go:262.19,264.3 1 0
github.com/OpenSIN-Code/SIN-Code-Bundle/cmd/sin-code/internal/notifications/cmd.go:265.2,265.18 1 0
github.com/OpenSIN-Code/SIN-Code-Bundle/cmd/sin-code/internal/notifications/dispatch.go:21.44,25.2 3 0
github.com/OpenSIN-Code/SIN-Code-Bundle/cmd/sin-code/internal/notifications/dispatch.go:28.31,32.9 4 0
github.com/OpenSIN-Code/SIN-Code-Bundle/cmd/sin-code/internal/notifications/dispatch.go:33.15,33.15 0 0
github.com/OpenSIN-Code/SIN-Code-Bundle/cmd/sin-code/internal/notifications/dispatch.go:34.10,34.10 0 0
github.com/OpenSIN-Code/SIN-Code-Bundle/cmd/sin-code/internal/notifications/dispatch.go:47.46,54.2 1 0
github.com/OpenSIN-Code/SIN-Code-Bundle/cmd/sin-code/internal/notifications/dispatch.go:56.50,57.26 1 0
github.com/OpenSIN-Code/SIN-Code-Bundle/cmd/sin-code/internal/notifications/dispatch.go:57.26,59.3 1 0
github.com/OpenSIN-Code/SIN-Code-Bundle/cmd/sin-code/internal/notifications/dispatch.go:60.2,60.20 1 0
github.com/OpenSIN-Code/SIN-Code-Bundle/cmd/sin-code/internal/notifications/dispatch.go:60.20,62.3 1 0
github.com/OpenSIN-Code/SIN-Code-Bundle/cmd/sin-code/internal/notifications/dispatch.go:63.2,64.14 2 0
github.com/OpenSIN-Code/SIN-Code-Bundle/cmd/sin-code/internal/notifications/dispatch.go:64.14,66.3 1 0
github.com/OpenSIN-Code/SIN-Code-Bundle/cmd/sin-code/internal/notifications/dispatch.go:67.2,67.13 1 0
github.com/OpenSIN-Code/SIN-Code-Bundle/cmd/sin-code/internal/notifications/dispatch.go:67.13,69.3 1 0
github.com/OpenSIN-Code/SIN-Code-Bundle/cmd/sin-code/internal/notifications/dispatch.go:70.2,70.24 1 0
github.com/OpenSIN-Code/SIN-Code-Bundle/cmd/sin-code/internal/notifications/dispatch.go:70.24,72.3 1 0
github.com/OpenSIN-Code/SIN-Code-Bundle/cmd/sin-code/internal/notifications/dispatch.go:73.2,73.12 1 0
github.com/OpenSIN-Code/SIN-Code-Bundle/cmd/sin-code/internal/notifications/dispatch.go:76.47,78.2 1 0
github.com/OpenSIN-Code/SIN-Code-Bundle/cmd/sin-code/internal/notifications/dispatch.go:80.50,82.2 1 0
github.com/OpenSIN-Code/SIN-Code-Bundle/cmd/sin-code/internal/notifications/dispatch.go:84.49,85.54 1 0
github.com/OpenSIN-Code/SIN-Code-Bundle/cmd/sin-code/internal/notifications/dispatch.go:85.54,87.3 1 0
github.com/OpenSIN-Code/SIN-Code-Bundle/cmd/sin-code/internal/notifications/dispatch.go:88.2,90.15 3 0
github.com/OpenSIN-Code/SIN-Code-Bundle/cmd/sin-code/internal/notifications/dispatch.go:93.51,94.25 1 0
github.com/OpenSIN-Code/SIN-Code-Bundle/cmd/sin-code/internal/notifications/dispatch.go:94.25,96.3 1 0
github.com/OpenSIN-Code/SIN-Code-Bundle/cmd/sin-code/internal/notifications/dispatch.go:97.2,99.16 3 0
github.com/OpenSIN-Code/SIN-Code-Bundle/cmd/sin-code/internal/notifications/dispatch.go:99.16,101.3 1 0
github.com/OpenSIN-Code/SIN-Code-Bundle/cmd/sin-code/internal/notifications/dispatch.go:102.2,105.16 4 0
github.com/OpenSIN-Code/SIN-Code-Bundle/cmd/sin-code/internal/notifications/dispatch.go:105.16,107.3 1 0
github.com/OpenSIN-Code/SIN-Code-Bundle/cmd/sin-code/internal/notifications/dispatch.go:108.2,108.23 1 0
github.com/OpenSIN-Code/SIN-Code-Bundle/cmd/sin-code/internal/notifications/dispatch.go:111.30,113.30 2 0
github.com/OpenSIN-Code/SIN-Code-Bundle/cmd/sin-code/internal/notifications/dispatch.go:113.30,115.28 2 0
github.com/OpenSIN-Code/SIN-Code-Bundle/cmd/sin-code/internal/notifications/dispatch.go:115.28,117.4 1 0
github.com/OpenSIN-Code/SIN-Code-Bundle/cmd/sin-code/internal/notifications/dispatch.go:117.9,117.23 1 0
github.com/OpenSIN-Code/SIN-Code-Bundle/cmd/sin-code/internal/notifications/dispatch.go:117.23,119.4 1 0
github.com/OpenSIN-Code/SIN-Code-Bundle/cmd/sin-code/internal/notifications/dispatch.go:119.9,121.4 1 0
github.com/OpenSIN-Code/SIN-Code-Bundle/cmd/sin-code/internal/notifications/dispatch.go:123.2,123.20 1 0
github.com/OpenSIN-Code/SIN-Code-Bundle/cmd/sin-code/internal/notifications/dispatch.go:127.49,129.2 1 0
github.com/OpenSIN-Code/SIN-Code-Bundle/cmd/sin-code/internal/notifications/helpers.go:10.41,12.16 2 0
github.com/OpenSIN-Code/SIN-Code-Bundle/cmd/sin-code/internal/notifications/helpers.go:12.16,14.3 1 0
github.com/OpenSIN-Code/SIN-Code-Bundle/cmd/sin-code/internal/notifications/helpers.go:15.2,15.44 1 0
github.com/OpenSIN-Code/SIN-Code-Bundle/cmd/sin-code/internal/notifications/helpers.go:18.29,20.2 1 0
github.com/OpenSIN-Code/SIN-Code-Bundle/cmd/sin-code/internal/notifications/helpers.go:22.49,24.2 1 0
github.com/OpenSIN-Code/SIN-Code-Bundle/cmd/sin-code/internal/notifications/json.go:7.48,9.2 1 0
github.com/OpenSIN-Code/SIN-Code-Bundle/cmd/sin-code/internal/notifications/store.go:63.40,64.16 1 0
github.com/OpenSIN-Code/SIN-Code-Bundle/cmd/sin-code/internal/notifications/store.go:64.16,66.17 2 0
github.com/OpenSIN-Code/SIN-Code-Bundle/cmd/sin-code/internal/notifications/store.go:66.17,68.4 1 0
github.com/OpenSIN-Code/SIN-Code-Bundle/cmd/sin-code/internal/notifications/store.go:69.3,69.35 1 0
github.com/OpenSIN-Code/SIN-Code-Bundle/cmd/sin-code/internal/notifications/store.go:71.2,71.53 1 0
github.com/OpenSIN-Code/SIN-Code-Bundle/cmd/sin-code/internal/notifications/store.go:71.53,73.3 1 0
github.com/OpenSIN-Code/SIN-Code-Bundle/cmd/sin-code/internal/notifications/store.go:74.2,75.16 2 0
github.com/OpenSIN-Code/SIN-Code-Bundle/cmd/sin-code/internal/notifications/store.go:75.16,77.3 1 0
github.com/OpenSIN-Code/SIN-Code-Bundle/cmd/sin-code/internal/notifications/store.go:78.2,78.46 1 0
github.com/OpenSIN-Code/SIN-Code-Bundle/cmd/sin-code/internal/notifications/store.go:78.46,79.91 1 0
github.com/OpenSIN-Code/SIN-Code-Bundle/cmd/sin-code/internal/notifications/store.go:79.91,80.67 1 0
github.com/OpenSIN-Code/SIN-Code-Bundle/cmd/sin-code/internal/notifications/store.go:80.67,82.5 1 0
github.com/OpenSIN-Code/SIN-Code-Bundle/cmd/sin-code/internal/notifications/store.go:84.3,84.13 1 0
github.com/OpenSIN-Code/SIN-Code-Bundle/cmd/sin-code/internal/notifications/store.go:85.17,88.3 2 0
github.com/OpenSIN-Code/SIN-Code-Bundle/cmd/sin-code/internal/notifications/store.go:89.2,89.40 1 0
github.com/OpenSIN-Code/SIN-Code-Bundle/cmd/sin-code/internal/notifications/store.go:92.31,93.29 1 0
github.com/OpenSIN-Code/SIN-Code-Bundle/cmd/sin-code/internal/notifications/store.go:93.29,95.3 1 0
github.com/OpenSIN-Code/SIN-Code-Bundle/cmd/sin-code/internal/notifications/store.go:96.2,96.21 1 0
github.com/OpenSIN-Code/SIN-Code-Bundle/cmd/sin-code/internal/notifications/store.go:99.31,99.48 1 0
github.com/OpenSIN-Code/SIN-Code-Bundle/cmd/sin-code/internal/notifications/store.go:101.44,102.14 1 0
github.com/OpenSIN-Code/SIN-Code-Bundle/cmd/sin-code/internal/notifications/store.go:102.14,104.3 1 0
github.com/OpenSIN-Code/SIN-Code-Bundle/cmd/sin-code/internal/notifications/store.go:105.2,105.18 1 0
github.com/OpenSIN-Code/SIN-Code-Bundle/cmd/sin-code/internal/notifications/store.go:105.18,107.3 1 0
github.com/OpenSIN-Code/SIN-Code-Bundle/cmd/sin-code/internal/notifications/store.go:108.2,108.16 1 0
github.com/OpenSIN-Code/SIN-Code-Bundle/cmd/sin-code/internal/notifications/store.go:108.16,110.3 1 0
github.com/OpenSIN-Code/SIN-Code-Bundle/cmd/sin-code/internal/notifications/store.go:111.2,111.24 1 0
github.com/OpenSIN-Code/SIN-Code-Bundle/cmd/sin-code/internal/notifications/store.go:111.24,113.3 1 0
github.com/OpenSIN-Code/SIN-Code-Bundle/cmd/sin-code/internal/notifications/store.go:114.2,114.45 1 0
github.com/OpenSIN-Code/SIN-Code-Bundle/cmd/sin-code/internal/notifications/store.go:114.45,116.17 2 0
github.com/OpenSIN-Code/SIN-Code-Bundle/cmd/sin-code/internal/notifications/store.go:116.17,118.4 1 0
github.com/OpenSIN-Code/SIN-Code-Bundle/cmd/sin-code/internal/notifications/store.go:119.3,120.58 2 0
github.com/OpenSIN-Code/SIN-Code-Bundle/cmd/sin-code/internal/notifications/store.go:120.58,122.4 1 0
github.com/OpenSIN-Code/SIN-Code-Bundle/cmd/sin-code/internal/notifications/store.go:123.3,125.14 3 0
github.com/OpenSIN-Code/SIN-Code-Bundle/cmd/sin-code/internal/notifications/store.go:125.14,127.4 1 0
github.com/OpenSIN-Code/SIN-Code-Bundle/cmd/sin-code/internal/notifications/store.go:128.3,128.13 1 0
github.com/OpenSIN-Code/SIN-Code-Bundle/cmd/sin-code/internal/notifications/store.go:132.55,134.43 2 0
github.com/OpenSIN-Code/SIN-Code-Bundle/cmd/sin-code/internal/notifications/store.go:134.43,136.52 2 0
github.com/OpenSIN-Code/SIN-Code-Bundle/cmd/sin-code/internal/notifications/store.go:136.52,138.48 2 0
github.com/OpenSIN-Code/SIN-Code-Bundle/cmd/sin-code/internal/notifications/store.go:138.48,139.13 1 0
github.com/OpenSIN-Code/SIN-Code-Bundle/cmd/sin-code/internal/notifications/store.go:141.4,141.18 1 0
github.com/OpenSIN-Code/SIN-Code-Bundle/cmd/sin-code/internal/notifications/store.go:141.18,144.5 2 0
github.com/OpenSIN-Code/SIN-Code-Bundle/cmd/sin-code/internal/notifications/store.go:146.3,146.21 1 0
github.com/OpenSIN-Code/SIN-Code-Bundle/cmd/sin-code/internal/notifications/store.go:148.2,148.15 1 0
github.com/OpenSIN-Code/SIN-Code-Bundle/cmd/sin-code/internal/notifications/store.go:158.72,160.43 2 0
github.com/OpenSIN-Code/SIN-Code-Bundle/cmd/sin-code/internal/notifications/store.go:160.43,162.52 2 0
github.com/OpenSIN-Code/SIN-Code-Bundle/cmd/sin-code/internal/notifications/store.go:162.52,164.48 2 0
github.com/OpenSIN-Code/SIN-Code-Bundle/cmd/sin-code/internal/notifications/store.go:164.48,165.13 1 0
github.com/OpenSIN-Code/SIN-Code-Bundle/cmd/sin-code/internal/notifications/store.go:167.4,167.40 1 0
github.com/OpenSIN-Code/SIN-Code-Bundle/cmd/sin-code/internal/notifications/store.go:167.40,168.13 1 0
github.com/OpenSIN-Code/SIN-Code-Bundle/cmd/sin-code/internal/notifications/store.go:170.4,170.46 1 0
github.com/OpenSIN-Code/SIN-Code-Bundle/cmd/sin-code/internal/notifications/store.go:170.46,171.13 1 0
github.com/OpenSIN-Code/SIN-Code-Bundle/cmd/sin-code/internal/notifications/store.go:173.4,173.26 1 0
github.com/OpenSIN-Code/SIN-Code-Bundle/cmd/sin-code/internal/notifications/store.go:173.26,174.13 1 0
github.com/OpenSIN-Code/SIN-Code-Bundle/cmd/sin-code/internal/notifications/store.go:176.4,176.37 1 0
github.com/OpenSIN-Code/SIN-Code-Bundle/cmd/sin-code/internal/notifications/store.go:176.37,177.13 1 0
github.com/OpenSIN-Code/SIN-Code-Bundle/cmd/sin-code/internal/notifications/store.go:179.4,179.25 1 0
github.com/OpenSIN-Code/SIN-Code-Bundle/cmd/sin-code/internal/notifications/store.go:181.3,181.13 1 0
github.com/OpenSIN-Code/SIN-Code-Bundle/cmd/sin-code/internal/notifications/store.go:183.2,183.38 1 0
github.com/OpenSIN-Code/SIN-Code-Bundle/cmd/sin-code/internal/notifications/store.go:183.38,183.85 1 0
github.com/OpenSIN-Code/SIN-Code-Bundle/cmd/sin-code/internal/notifications/store.go:184.2,184.35 1 0
github.com/OpenSIN-Code/SIN-Code-Bundle/cmd/sin-code/internal/notifications/store.go:184.35,186.3 1 0
github.com/OpenSIN-Code/SIN-Code-Bundle/cmd/sin-code/internal/notifications/store.go:187.2,187.17 1 0
github.com/OpenSIN-Code/SIN-Code-Bundle/cmd/sin-code/internal/notifications/store.go:190.43,191.45 1 0
github.com/OpenSIN-Code/SIN-Code-Bundle/cmd/sin-code/internal/notifications/store.go:191.45,192.61 1 0
github.com/OpenSIN-Code/SIN-Code-Bundle/cmd/sin-code/internal/notifications/store.go:192.61,193.14 1 0
github.com/OpenSIN-Code/SIN-Code-Bundle/cmd/sin-code/internal/notifications/store.go:193.14,195.5 1 0
github.com/OpenSIN-Code/SIN-Code-Bundle/cmd/sin-code/internal/notifications/store.go:196.4,197.15 2 0
github.com/OpenSIN-Code/SIN-Code-Bundle/cmd/sin-code/internal/notifications/store.go:202.45,203.45 1 0
github.com/OpenSIN-Code/SIN-Code-Bundle/cmd/sin-code/internal/notifications/store.go:203.45,204.61 1 0
github.com/OpenSIN-Code/SIN-Code-Bundle/cmd/sin-code/internal/notifications/store.go:204.61,205.15 1 0
github.com/OpenSIN-Code/SIN-Code-Bundle/cmd/sin-code/internal/notifications/store.go:205.15,207.5 1 0
github.com/OpenSIN-Code/SIN-Code-Bundle/cmd/sin-code/internal/notifications/store.go:208.4,209.15 2 0
github.com/OpenSIN-Code/SIN-Code-Bundle/cmd/sin-code/internal/notifications/store.go:214.42,215.45 1 0
github.com/OpenSIN-Code/SIN-Code-Bundle/cmd/sin-code/internal/notifications/store.go:215.45,216.61 1 0
github.com/OpenSIN-Code/SIN-Code-Bundle/cmd/sin-code/internal/notifications/store.go:216.61,218.15 2 0
github.com/OpenSIN-Code/SIN-Code-Bundle/cmd/sin-code/internal/notifications/store.go:218.15,221.5 2 0
github.com/OpenSIN-Code/SIN-Code-Bundle/cmd/sin-code/internal/notifications/store.go:222.4,222.16 1 0
github.com/OpenSIN-Code/SIN-Code-Bundle/cmd/sin-code/internal/notifications/store.go:227.100,229.51 2 0
github.com/OpenSIN-Code/SIN-Code-Bundle/cmd/sin-code/internal/notifications/store.go:229.51,231.47 2 0
github.com/OpenSIN-Code/SIN-Code-Bundle/cmd/sin-code/internal/notifications/store.go:231.47,232.12 1 0
github.com/OpenSIN-Code/SIN-Code-Bundle/cmd/sin-code/internal/notifications/store.go:234.3,234.17 1 0
github.com/OpenSIN-Code/SIN-Code-Bundle/cmd/sin-code/internal/notifications/store.go:234.17,235.12 1 0
github.com/OpenSIN-Code/SIN-Code-Bundle/cmd/sin-code/internal/notifications/store.go:237.3,239.17 3 0
github.com/OpenSIN-Code/SIN-Code-Bundle/cmd/sin-code/internal/notifications/store.go:239.17,241.4 1 0
github.com/OpenSIN-Code/SIN-Code-Bundle/cmd/sin-code/internal/notifications/store.go:242.3,242.69 1 0
github.com/OpenSIN-Code/SIN-Code-Bundle/cmd/sin-code/internal/notifications/store.go:242.69,244.4 1 0
github.com/OpenSIN-Code/SIN-Code-Bundle/cmd/sin-code/internal/notifications/store.go:245.3,245.30 1 0
github.com/OpenSIN-Code/SIN-Code-Bundle/cmd/sin-code/internal/notifications/store.go:245.30,246.90 1 0
github.com/OpenSIN-Code/SIN-Code-Bundle/cmd/sin-code/internal/notifications/store.go:246.90,248.5 1 0
github.com/OpenSIN-Code/SIN-Code-Bundle/cmd/sin-code/internal/notifications/store.go:250.3,250.13 1 0
github.com/OpenSIN-Code/SIN-Code-Bundle/cmd/sin-code/internal/notifications/store.go:252.2,252.20 1 0
github.com/OpenSIN-Code/SIN-Code-Bundle/cmd/sin-code/internal/notifications/store.go:255.31,256.45 1 0
github.com/OpenSIN-Code/SIN-Code-Bundle/cmd/sin-code/internal/notifications/store.go:256.45,257.91 1 0
github.com/OpenSIN-Code/SIN-Code-Bundle/cmd/sin-code/internal/notifications/store.go:257.91,258.67 1 0
github.com/OpenSIN-Code/SIN-Code-Bundle/cmd/sin-code/internal/notifications/store.go:258.67,260.5 1 0
github.com/OpenSIN-Code/SIN-Code-Bundle/cmd/sin-code/internal/notifications/store.go:260.19,262.5 1 0
github.com/OpenSIN-Code/SIN-Code-Bundle/cmd/sin-code/internal/notifications/store.go:264.3,264.13 1 0
github.com/OpenSIN-Code/SIN-Code-Bundle/cmd/sin-code/internal/notifications/store.go:268.55,269.14 1 0
github.com/OpenSIN-Code/SIN-Code-Bundle/cmd/sin-code/internal/notifications/store.go:269.14,271.3 1 0
github.com/OpenSIN-Code/SIN-Code-Bundle/cmd/sin-code/internal/notifications/store.go:272.2,274.45 3 0
github.com/OpenSIN-Code/SIN-Code-Bundle/cmd/sin-code/internal/notifications/store.go:274.45,276.52 2 0
github.com/OpenSIN-Code/SIN-Code-Bundle/cmd/sin-code/internal/notifications/store.go:276.52,278.48 2 0
github.com/OpenSIN-Code/SIN-Code-Bundle/cmd/sin-code/internal/notifications/store.go:278.48,279.13 1 0
github.com/OpenSIN-Code/SIN-Code-Bundle/cmd/sin-code/internal/notifications/store.go:281.4,281.47 1 0
github.com/OpenSIN-Code/SIN-Code-Bundle/cmd/sin-code/internal/notifications/store.go:281.47,282.38 1 0
github.com/OpenSIN-Code/SIN-Code-Bundle/cmd/sin-code/internal/notifications/store.go:282.38,284.6 1 0
github.com/OpenSIN-Code/SIN-Code-Bundle/cmd/sin-code/internal/notifications/store.go:285.5,285.13 1 0
github.com/OpenSIN-Code/SIN-Code-Bundle/cmd/sin-code/internal/notifications/store.go:288.3,288.13 1 0
github.com/OpenSIN-Code/SIN-Code-Bundle/cmd/sin-code/internal/notifications/store.go:290.2,290.20 1 0
github.com/OpenSIN-Code/SIN-Code-Bundle/cmd/sin-code/internal/notifications/store.go:293.38,295.43 2 0
github.com/OpenSIN-Code/SIN-Code-Bundle/cmd/sin-code/internal/notifications/store.go:295.43,298.3 2 0
github.com/OpenSIN-Code/SIN-Code-Bundle/cmd/sin-code/internal/notifications/store.go:299.2,299.15 1 0
github.com/OpenSIN-Code/SIN-Code-Bundle/cmd/sin-code/internal/notifications/store.go:302.44,304.43 2 0
github.com/OpenSIN-Code/SIN-Code-Bundle/cmd/sin-code/internal/notifications/store.go:304.43,307.3 2 0
github.com/OpenSIN-Code/SIN-Code-Bundle/cmd/sin-code/internal/notifications/store.go:308.2,308.15 1 0
github.com/OpenSIN-Code/SIN-Code-Bundle/cmd/sin-code/internal/notifications/store.go:317.48,320.16 3 0
github.com/OpenSIN-Code/SIN-Code-Bundle/cmd/sin-code/internal/notifications/store.go:320.16,322.3 1 0
github.com/OpenSIN-Code/SIN-Code-Bundle/cmd/sin-code/internal/notifications/store.go:323.2,324.24 2 0
github.com/OpenSIN-Code/SIN-Code-Bundle/cmd/sin-code/internal/notifications/store.go:324.24,326.14 2 0
github.com/OpenSIN-Code/SIN-Code-Bundle/cmd/sin-code/internal/notifications/store.go:326.14,328.4 1 0
github.com/OpenSIN-Code/SIN-Code-Bundle/cmd/sin-code/internal/notifications/store.go:330.2,330.16 1 0
github.com/OpenSIN-Code/SIN-Code-Bundle/cmd/sin-code/internal/notifications/store.go:333.41,336.2 2 0
github.com/OpenSIN-Code/SIN-Code-Bundle/cmd/sin-code/internal/notifications/store.go:338.42,342.2 3 0
github.com/OpenSIN-Code/SIN-Code-Bundle/cmd/sin-code/internal/notifications/store.go:344.54,345.15 1 0
github.com/OpenSIN-Code/SIN-Code-Bundle/cmd/sin-code/internal/notifications/store.go:345.15,347.3 1 0
github.com/OpenSIN-Code/SIN-Code-Bundle/cmd/sin-code/internal/notifications/store.go:348.2,349.14 2 0
github.com/OpenSIN-Code/SIN-Code-Bundle/cmd/sin-code/internal/notifications/store.go:349.14,351.3 1 0
github.com/OpenSIN-Code/SIN-Code-Bundle/cmd/sin-code/internal/notifications/store.go:352.2,352.44 1 0
github.com/OpenSIN-Code/SIN-Code-Bundle/cmd/sin-code/internal/notifications/store.go:355.31,355.46 1 0
github.com/OpenSIN-Code/SIN-Code-Bundle/cmd/sin-code/internal/notifications/store.go:359.44,359.59 1 0
github.com/OpenSIN-Code/SIN-Code-Bundle/cmd/sin-code/internal/notifications/store.go:360.44,360.62 1 0
github.com/OpenSIN-Code/SIN-Code-Bundle/cmd/sin-code/internal/notifications/store.go:361.44,361.64 1 0
github.com/OpenSIN-Code/SIN-Code-Bundle/cmd/sin-code/internal/notifications/store.go:362.44,362.69 1 0
github.com/OpenSIN-Code/SIN-Code-Bundle/cmd/sin-code/internal/orchestrator/adversary.go:47.56,48.15 1 0
github.com/OpenSIN-Code/SIN-Code-Bundle/cmd/sin-code/internal/orchestrator/adversary.go:48.15,50.3 1 0
github.com/OpenSIN-Code/SIN-Code-Bundle/cmd/sin-code/internal/orchestrator/adversary.go:51.2,54.30 3 0
github.com/OpenSIN-Code/SIN-Code-Bundle/cmd/sin-code/internal/orchestrator/adversary.go:54.30,55.16 1 0
github.com/OpenSIN-Code/SIN-Code-Bundle/cmd/sin-code/internal/orchestrator/adversary.go:55.16,56.12 1 0
github.com/OpenSIN-Code/SIN-Code-Bundle/cmd/sin-code/internal/orchestrator/adversary.go:58.3,59.111 2 0
github.com/OpenSIN-Code/SIN-Code-Bundle/cmd/sin-code/internal/orchestrator/adversary.go:61.2,62.19 2 0
github.com/OpenSIN-Code/SIN-Code-Bundle/cmd/sin-code/internal/orchestrator/adversary.go:72.68,74.2 1 0
github.com/OpenSIN-Code/SIN-Code-Bundle/cmd/sin-code/internal/orchestrator/adversary.go:76.103,78.16 2 0
github.com/OpenSIN-Code/SIN-Code-Bundle/cmd/sin-code/internal/orchestrator/adversary.go:78.16,80.3 1 0
github.com/OpenSIN-Code/SIN-Code-Bundle/cmd/sin-code/internal/orchestrator/adversary.go:82.2,83.25 2 0
github.com/OpenSIN-Code/SIN-Code-Bundle/cmd/sin-code/internal/orchestrator/adversary.go:83.25,86.17 3 0
github.com/OpenSIN-Code/SIN-Code-Bundle/cmd/sin-code/internal/orchestrator/adversary.go:86.17,89.12 3 0
github.com/OpenSIN-Code/SIN-Code-Bundle/cmd/sin-code/internal/orchestrator/adversary.go:91.3,93.13 3 0
github.com/OpenSIN-Code/SIN-Code-Bundle/cmd/sin-code/internal/orchestrator/adversary.go:93.13,95.4 1 0
github.com/OpenSIN-Code/SIN-Code-Bundle/cmd/sin-code/internal/orchestrator/adversary.go:96.3,96.40 1 0
github.com/OpenSIN-Code/SIN-Code-Bundle/cmd/sin-code/internal/orchestrator/adversary.go:98.2,99.17 2 0
github.com/OpenSIN-Code/SIN-Code-Bundle/cmd/sin-code/internal/orchestrator/adversary.go:102.117,103.23 1 0
github.com/OpenSIN-Code/SIN-Code-Bundle/cmd/sin-code/internal/orchestrator/adversary.go:103.23,105.3 1 0
github.com/OpenSIN-Code/SIN-Code-Bundle/cmd/sin-code/internal/orchestrator/adversary.go:106.2,107.16 2 0
github.com/OpenSIN-Code/SIN-Code-Bundle/cmd/sin-code/internal/orchestrator/adversary.go:107.16,109.3 1 0
github.com/OpenSIN-Code/SIN-Code-Bundle/cmd/sin-code/internal/orchestrator/adversary.go:110.2,111.78 2 0
github.com/OpenSIN-Code/SIN-Code-Bundle/cmd/sin-code/internal/orchestrator/adversary.go:111.78,113.3 1 0
github.com/OpenSIN-Code/SIN-Code-Bundle/cmd/sin-code/internal/orchestrator/adversary.go:115.2,123.13 8 0
github.com/OpenSIN-Code/SIN-Code-Bundle/cmd/sin-code/internal/orchestrator/adversary.go:123.13,125.3 1 0
github.com/OpenSIN-Code/SIN-Code-Bundle/cmd/sin-code/internal/orchestrator/adversary.go:126.2,126.33 1 0
github.com/OpenSIN-Code/SIN-Code-Bundle/cmd/sin-code/internal/orchestrator/adversary.go:129.59,130.48 1 0
github.com/OpenSIN-Code/SIN-Code-Bundle/cmd/sin-code/internal/orchestrator/adversary.go:130.48,132.39 2 0
github.com/OpenSIN-Code/SIN-Code-Bundle/cmd/sin-code/internal/orchestrator/adversary.go:132.39,136.84 4 0
github.com/OpenSIN-Code/SIN-Code-Bundle/cmd/sin-code/internal/orchestrator/adversary.go:136.84,137.47 1 0
github.com/OpenSIN-Code/SIN-Code-Bundle/cmd/sin-code/internal/orchestrator/adversary.go:137.47,139.6 1 0
github.com/OpenSIN-Code/SIN-Code-Bundle/cmd/sin-code/internal/orchestrator/adversary.go:140.5,140.79 1 0
github.com/OpenSIN-Code/SIN-Code-Bundle/cmd/sin-code/internal/orchestrator/adversary.go:140.79,142.79 2 0
github.com/OpenSIN-Code/SIN-Code-Bundle/cmd/sin-code/internal/orchestrator/adversary.go:142.79,144.7 1 0
github.com/OpenSIN-Code/SIN-Code-Bundle/cmd/sin-code/internal/orchestrator/adversary.go:146.5,146.15 1 0
github.com/OpenSIN-Code/SIN-Code-Bundle/cmd/sin-code/internal/orchestrator/adversary.go:148.4,148.19 1 0
github.com/OpenSIN-Code/SIN-Code-Bundle/cmd/sin-code/internal/orchestrator/adversary.go:148.19,150.5 1 0
github.com/OpenSIN-Code/SIN-Code-Bundle/cmd/sin-code/internal/orchestrator/adversary.go:151.4,151.77 1 0
github.com/OpenSIN-Code/SIN-Code-Bundle/cmd/sin-code/internal/orchestrator/adversary.go:154.2,154.65 1 0
github.com/OpenSIN-Code/SIN-Code-Bundle/cmd/sin-code/internal/orchestrator/adversary.go:157.43,159.30 2 0
github.com/OpenSIN-Code/SIN-Code-Bundle/cmd/sin-code/internal/orchestrator/adversary.go:159.30,161.3 1 0
github.com/OpenSIN-Code/SIN-Code-Bundle/cmd/sin-code/internal/orchestrator/adversary.go:162.2,162.12 1 0
github.com/OpenSIN-Code/SIN-Code-Bundle/cmd/sin-code/internal/orchestrator/agents.go:25.47,27.2 1 0
github.com/OpenSIN-Code/SIN-Code-Bundle/cmd/sin-code/internal/orchestrator/agents.go:29.39,29.60 1 0
github.com/OpenSIN-Code/SIN-Code-Bundle/cmd/sin-code/internal/orchestrator/agents.go:30.42,30.58 1 0
github.com/OpenSIN-Code/SIN-Code-Bundle/cmd/sin-code/internal/orchestrator/agents.go:32.95,33.9 1 0
github.com/OpenSIN-Code/SIN-Code-Bundle/cmd/sin-code/internal/orchestrator/agents.go:34.20,35.23 1 0
github.com/OpenSIN-Code/SIN-Code-Bundle/cmd/sin-code/internal/orchestrator/agents.go:36.43,36.43 0 0
github.com/OpenSIN-Code/SIN-Code-Bundle/cmd/sin-code/internal/orchestrator/agents.go:39.2,47.20 9 0
github.com/OpenSIN-Code/SIN-Code-Bundle/cmd/sin-code/internal/orchestrator/agents.go:50.36,132.2 1 0
github.com/OpenSIN-Code/SIN-Code-Bundle/cmd/sin-code/internal/orchestrator/aggregator.go:15.53,17.2 1 0
github.com/OpenSIN-Code/SIN-Code-Bundle/cmd/sin-code/internal/orchestrator/aggregator.go:28.52,33.31 2 0
github.com/OpenSIN-Code/SIN-Code-Bundle/cmd/sin-code/internal/orchestrator/aggregator.go:33.31,35.32 2 0
github.com/OpenSIN-Code/SIN-Code-Bundle/cmd/sin-code/internal/orchestrator/aggregator.go:35.32,37.4 1 0
github.com/OpenSIN-Code/SIN-Code-Bundle/cmd/sin-code/internal/orchestrator/aggregator.go:37.9,39.4 1 0
github.com/OpenSIN-Code/SIN-Code-Bundle/cmd/sin-code/internal/orchestrator/aggregator.go:40.3,42.20 3 0
github.com/OpenSIN-Code/SIN-Code-Bundle/cmd/sin-code/internal/orchestrator/aggregator.go:42.20,44.4 1 0
github.com/OpenSIN-Code/SIN-Code-Bundle/cmd/sin-code/internal/orchestrator/aggregator.go:46.2,47.10 2 0
github.com/OpenSIN-Code/SIN-Code-Bundle/cmd/sin-code/internal/orchestrator/aggregator.go:50.51,53.31 3 0
github.com/OpenSIN-Code/SIN-Code-Bundle/cmd/sin-code/internal/orchestrator/aggregator.go:53.31,55.32 2 0
github.com/OpenSIN-Code/SIN-Code-Bundle/cmd/sin-code/internal/orchestrator/aggregator.go:55.32,57.4 1 0
github.com/OpenSIN-Code/SIN-Code-Bundle/cmd/sin-code/internal/orchestrator/aggregator.go:58.3,59.20 2 0
github.com/OpenSIN-Code/SIN-Code-Bundle/cmd/sin-code/internal/orchestrator/aggregator.go:59.20,61.4 1 0
github.com/OpenSIN-Code/SIN-Code-Bundle/cmd/sin-code/internal/orchestrator/aggregator.go:63.2,65.19 2 0
github.com/OpenSIN-Code/SIN-Code-Bundle/cmd/sin-code/internal/orchestrator/blame.go:34.42,35.22 1 0
github.com/OpenSIN-Code/SIN-Code-Bundle/cmd/sin-code/internal/orchestrator/blame.go:35.22,37.3 1 0
github.com/OpenSIN-Code/SIN-Code-Bundle/cmd/sin-code/internal/orchestrator/blame.go:38.2,42.50 1 0
github.com/OpenSIN-Code/SIN-Code-Bundle/cmd/sin-code/internal/orchestrator/blame.go:49.97,50.25 1 0
github.com/OpenSIN-Code/SIN-Code-Bundle/cmd/sin-code/internal/orchestrator/blame.go:50.25,52.3 1 0
github.com/OpenSIN-Code/SIN-Code-Bundle/cmd/sin-code/internal/orchestrator/blame.go:54.2,56.20 2 0
github.com/OpenSIN-Code/SIN-Code-Bundle/cmd/sin-code/internal/orchestrator/blame.go:56.20,58.17 2 0
github.com/OpenSIN-Code/SIN-Code-Bundle/cmd/sin-code/internal/orchestrator/blame.go:58.17,60.4 1 0
github.com/OpenSIN-Code/SIN-Code-Bundle/cmd/sin-code/internal/orchestrator/blame.go:61.3,62.10 2 0
github.com/OpenSIN-Code/SIN-Code-Bundle/cmd/sin-code/internal/orchestrator/blame.go:62.10,64.4 1 0
github.com/OpenSIN-Code/SIN-Code-Bundle/cmd/sin-code/internal/orchestrator/blame.go:67.2,68.14 2 0
github.com/OpenSIN-Code/SIN-Code-Bundle/cmd/sin-code/internal/orchestrator/blame.go:68.14,71.17 3 0
github.com/OpenSIN-Code/SIN-Code-Bundle/cmd/sin-code/internal/orchestrator/blame.go:71.17,73.4 1 0
github.com/OpenSIN-Code/SIN-Code-Bundle/cmd/sin-code/internal/orchestrator/blame.go:74.3,75.9 2 0
github.com/OpenSIN-Code/SIN-Code-Bundle/cmd/sin-code/internal/orchestrator/blame.go:75.9,77.4 1 0
github.com/OpenSIN-Code/SIN-Code-Bundle/cmd/sin-code/internal/orchestrator/blame.go:77.9,79.4 1 0
github.com/OpenSIN-Code/SIN-Code-Bundle/cmd/sin-code/internal/orchestrator/blame.go:82.2,84.17 3 0
github.com/OpenSIN-Code/SIN-Code-Bundle/cmd/sin-code/internal/orchestrator/blame.go:87.97,88.36 1 0
github.com/OpenSIN-Code/SIN-Code-Bundle/cmd/sin-code/internal/orchestrator/blame.go:88.36,90.3 1 0
github.com/OpenSIN-Code/SIN-Code-Bundle/cmd/sin-code/internal/orchestrator/blame.go:91.2,93.77 2 0
github.com/OpenSIN-Code/SIN-Code-Bundle/cmd/sin-code/internal/orchestrator/blame.go:93.77,95.3 1 0
github.com/OpenSIN-Code/SIN-Code-Bundle/cmd/sin-code/internal/orchestrator/blame.go:96.2,96.15 1 0
github.com/OpenSIN-Code/SIN-Code-Bundle/cmd/sin-code/internal/orchestrator/blame.go:96.15,96.75 1 0
github.com/OpenSIN-Code/SIN-Code-Bundle/cmd/sin-code/internal/orchestrator/blame.go:98.2,99.22 2 0
github.com/OpenSIN-Code/SIN-Code-Bundle/cmd/sin-code/internal/orchestrator/blame.go:102.78,105.50 3 0
github.com/OpenSIN-Code/SIN-Code-Bundle/cmd/sin-code/internal/orchestrator/blame.go:105.50,107.3 1 0
github.com/OpenSIN-Code/SIN-Code-Bundle/cmd/sin-code/internal/orchestrator/blame.go:108.2,108.12 1 0
github.com/OpenSIN-Code/SIN-Code-Bundle/cmd/sin-code/internal/orchestrator/blame.go:111.34,112.18 1 0
github.com/OpenSIN-Code/SIN-Code-Bundle/cmd/sin-code/internal/orchestrator/blame.go:112.18,114.3 1 0
github.com/OpenSIN-Code/SIN-Code-Bundle/cmd/sin-code/internal/orchestrator/blame.go:115.2,115.12 1 0
github.com/OpenSIN-Code/SIN-Code-Bundle/cmd/sin-code/internal/orchestrator/cartographer.go:39.53,46.2 1 0
github.com/OpenSIN-Code/SIN-Code-Bundle/cmd/sin-code/internal/orchestrator/cartographer.go:48.60,49.22 1 0
github.com/OpenSIN-Code/SIN-Code-Bundle/cmd/sin-code/internal/orchestrator/cartographer.go:49.22,51.3 1 0
github.com/OpenSIN-Code/SIN-Code-Bundle/cmd/sin-code/internal/orchestrator/cartographer.go:52.2,53.88 2 0
github.com/OpenSIN-Code/SIN-Code-Bundle/cmd/sin-code/internal/orchestrator/cartographer.go:53.88,54.17 1 0
github.com/OpenSIN-Code/SIN-Code-Bundle/cmd/sin-code/internal/orchestrator/cartographer.go:54.17,56.4 1 0
github.com/OpenSIN-Code/SIN-Code-Bundle/cmd/sin-code/internal/orchestrator/cartographer.go:57.3,58.82 2 0
github.com/OpenSIN-Code/SIN-Code-Bundle/cmd/sin-code/internal/orchestrator/cartographer.go:58.82,60.4 1 0
github.com/OpenSIN-Code/SIN-Code-Bundle/cmd/sin-code/internal/orchestrator/cartographer.go:61.3,61.91 1 0
github.com/OpenSIN-Code/SIN-Code-Bundle/cmd/sin-code/internal/orchestrator/cartographer.go:61.91,63.4 1 0
github.com/OpenSIN-Code/SIN-Code-Bundle/cmd/sin-code/internal/orchestrator/cartographer.go:64.3,64.13 1 0
github.com/OpenSIN-Code/SIN-Code-Bundle/cmd/sin-code/internal/orchestrator/cartographer.go:66.2,66.16 1 0
github.com/OpenSIN-Code/SIN-Code-Bundle/cmd/sin-code/internal/orchestrator/cartographer.go:66.16,68.3 1 0
github.com/OpenSIN-Code/SIN-Code-Bundle/cmd/sin-code/internal/orchestrator/cartographer.go:69.2,69.28 1 0
github.com/OpenSIN-Code/SIN-Code-Bundle/cmd/sin-code/internal/orchestrator/cartographer.go:69.28,70.35 1 0
github.com/OpenSIN-Code/SIN-Code-Bundle/cmd/sin-code/internal/orchestrator/cartographer.go:70.35,72.4 1 0
github.com/OpenSIN-Code/SIN-Code-Bundle/cmd/sin-code/internal/orchestrator/cartographer.go:73.3,73.40 1 0
github.com/OpenSIN-Code/SIN-Code-Bundle/cmd/sin-code/internal/orchestrator/cartographer.go:73.40,74.12 1 0
github.com/OpenSIN-Code/SIN-Code-Bundle/cmd/sin-code/internal/orchestrator/cartographer.go:77.2,78.12 2 0
github.com/OpenSIN-Code/SIN-Code-Bundle/cmd/sin-code/internal/orchestrator/cartographer.go:81.51,82.22 1 0
github.com/OpenSIN-Code/SIN-Code-Bundle/cmd/sin-code/internal/orchestrator/cartographer.go:82.22,84.3 1 0
github.com/OpenSIN-Code/SIN-Code-Bundle/cmd/sin-code/internal/orchestrator/cartographer.go:85.2,86.28 2 0
github.com/OpenSIN-Code/SIN-Code-Bundle/cmd/sin-code/internal/orchestrator/cartographer.go:86.28,87.42 1 0
github.com/OpenSIN-Code/SIN-Code-Bundle/cmd/sin-code/internal/orchestrator/cartographer.go:87.42,90.4 2 0
github.com/OpenSIN-Code/SIN-Code-Bundle/cmd/sin-code/internal/orchestrator/cartographer.go:91.3,91.29 1 0
github.com/OpenSIN-Code/SIN-Code-Bundle/cmd/sin-code/internal/orchestrator/cartographer.go:93.2,95.28 2 0
github.com/OpenSIN-Code/SIN-Code-Bundle/cmd/sin-code/internal/orchestrator/cartographer.go:95.28,96.75 1 0
github.com/OpenSIN-Code/SIN-Code-Bundle/cmd/sin-code/internal/orchestrator/cartographer.go:96.75,98.4 1 0
github.com/OpenSIN-Code/SIN-Code-Bundle/cmd/sin-code/internal/orchestrator/cartographer.go:100.2,100.17 1 0
github.com/OpenSIN-Code/SIN-Code-Bundle/cmd/sin-code/internal/orchestrator/cartographer.go:103.67,108.16 4 0
github.com/OpenSIN-Code/SIN-Code-Bundle/cmd/sin-code/internal/orchestrator/cartographer.go:108.16,109.38 1 0
github.com/OpenSIN-Code/SIN-Code-Bundle/cmd/sin-code/internal/orchestrator/cartographer.go:109.38,111.4 1 0
github.com/OpenSIN-Code/SIN-Code-Bundle/cmd/sin-code/internal/orchestrator/cartographer.go:114.2,119.30 3 0
github.com/OpenSIN-Code/SIN-Code-Bundle/cmd/sin-code/internal/orchestrator/cartographer.go:119.30,122.56 3 0
github.com/OpenSIN-Code/SIN-Code-Bundle/cmd/sin-code/internal/orchestrator/cartographer.go:122.56,124.4 1 0
github.com/OpenSIN-Code/SIN-Code-Bundle/cmd/sin-code/internal/orchestrator/cartographer.go:125.3,125.38 1 0
github.com/OpenSIN-Code/SIN-Code-Bundle/cmd/sin-code/internal/orchestrator/cartographer.go:127.2,127.38 1 0
github.com/OpenSIN-Code/SIN-Code-Bundle/cmd/sin-code/internal/orchestrator/cartographer.go:127.38,127.76 1 0
github.com/OpenSIN-Code/SIN-Code-Bundle/cmd/sin-code/internal/orchestrator/cartographer.go:129.2,129.18 1 0
github.com/OpenSIN-Code/SIN-Code-Bundle/cmd/sin-code/internal/orchestrator/cartographer.go:129.18,131.3 1 0
github.com/OpenSIN-Code/SIN-Code-Bundle/cmd/sin-code/internal/orchestrator/cartographer.go:132.2,133.29 2 0
github.com/OpenSIN-Code/SIN-Code-Bundle/cmd/sin-code/internal/orchestrator/cartographer.go:133.29,140.3 1 0
github.com/OpenSIN-Code/SIN-Code-Bundle/cmd/sin-code/internal/orchestrator/cartographer.go:141.2,141.14 1 0
github.com/OpenSIN-Code/SIN-Code-Bundle/cmd/sin-code/internal/orchestrator/cartographer.go:144.42,148.2 3 0
github.com/OpenSIN-Code/SIN-Code-Bundle/cmd/sin-code/internal/orchestrator/cartographer.go:150.56,151.22 1 0
github.com/OpenSIN-Code/SIN-Code-Bundle/cmd/sin-code/internal/orchestrator/cartographer.go:151.22,153.3 1 0
github.com/OpenSIN-Code/SIN-Code-Bundle/cmd/sin-code/internal/orchestrator/cartographer.go:154.2,155.16 2 0
github.com/OpenSIN-Code/SIN-Code-Bundle/cmd/sin-code/internal/orchestrator/cartographer.go:155.16,157.3 1 0
github.com/OpenSIN-Code/SIN-Code-Bundle/cmd/sin-code/internal/orchestrator/cartographer.go:158.2,159.16 2 0
github.com/OpenSIN-Code/SIN-Code-Bundle/cmd/sin-code/internal/orchestrator/cartographer.go:159.16,161.3 1 0
github.com/OpenSIN-Code/SIN-Code-Bundle/cmd/sin-code/internal/orchestrator/cartographer.go:162.2,164.16 3 0
github.com/OpenSIN-Code/SIN-Code-Bundle/cmd/sin-code/internal/orchestrator/cartographer.go:164.16,166.3 1 0
github.com/OpenSIN-Code/SIN-Code-Bundle/cmd/sin-code/internal/orchestrator/cartographer.go:167.2,173.28 5 0
github.com/OpenSIN-Code/SIN-Code-Bundle/cmd/sin-code/internal/orchestrator/cartographer.go:173.28,175.10 2 0
github.com/OpenSIN-Code/SIN-Code-Bundle/cmd/sin-code/internal/orchestrator/cartographer.go:175.10,176.12 1 0
github.com/OpenSIN-Code/SIN-Code-Bundle/cmd/sin-code/internal/orchestrator/cartographer.go:178.3,180.46 3 0
github.com/OpenSIN-Code/SIN-Code-Bundle/cmd/sin-code/internal/orchestrator/cartographer.go:180.46,183.4 2 0
github.com/OpenSIN-Code/SIN-Code-Bundle/cmd/sin-code/internal/orchestrator/cartographer.go:184.3,192.41 5 0
github.com/OpenSIN-Code/SIN-Code-Bundle/cmd/sin-code/internal/orchestrator/cartographer.go:192.41,193.41 1 0
github.com/OpenSIN-Code/SIN-Code-Bundle/cmd/sin-code/internal/orchestrator/cartographer.go:193.41,194.52 1 0
github.com/OpenSIN-Code/SIN-Code-Bundle/cmd/sin-code/internal/orchestrator/cartographer.go:194.52,196.6 1 0
github.com/OpenSIN-Code/SIN-Code-Bundle/cmd/sin-code/internal/orchestrator/cartographer.go:198.4,198.15 1 0
github.com/OpenSIN-Code/SIN-Code-Bundle/cmd/sin-code/internal/orchestrator/cartographer.go:201.2,203.12 3 0
github.com/OpenSIN-Code/SIN-Code-Bundle/cmd/sin-code/internal/orchestrator/cartographer.go:206.38,211.12 4 0
github.com/OpenSIN-Code/SIN-Code-Bundle/cmd/sin-code/internal/orchestrator/cartographer.go:211.12,213.3 1 0
github.com/OpenSIN-Code/SIN-Code-Bundle/cmd/sin-code/internal/orchestrator/cartographer.go:214.2,218.27 4 0
github.com/OpenSIN-Code/SIN-Code-Bundle/cmd/sin-code/internal/orchestrator/cartographer.go:218.27,220.3 1 0
github.com/OpenSIN-Code/SIN-Code-Bundle/cmd/sin-code/internal/orchestrator/cartographer.go:222.2,224.33 3 0
github.com/OpenSIN-Code/SIN-Code-Bundle/cmd/sin-code/internal/orchestrator/cartographer.go:224.33,225.26 1 0
github.com/OpenSIN-Code/SIN-Code-Bundle/cmd/sin-code/internal/orchestrator/cartographer.go:225.26,226.42 1 0
github.com/OpenSIN-Code/SIN-Code-Bundle/cmd/sin-code/internal/orchestrator/cartographer.go:226.42,229.5 2 0
github.com/OpenSIN-Code/SIN-Code-Bundle/cmd/sin-code/internal/orchestrator/cartographer.go:233.2,233.35 1 0
github.com/OpenSIN-Code/SIN-Code-Bundle/cmd/sin-code/internal/orchestrator/cartographer.go:233.35,235.28 2 0
github.com/OpenSIN-Code/SIN-Code-Bundle/cmd/sin-code/internal/orchestrator/cartographer.go:235.28,237.35 2 0
github.com/OpenSIN-Code/SIN-Code-Bundle/cmd/sin-code/internal/orchestrator/cartographer.go:237.35,238.36 1 0
github.com/OpenSIN-Code/SIN-Code-Bundle/cmd/sin-code/internal/orchestrator/cartographer.go:238.36,240.6 1 0
github.com/OpenSIN-Code/SIN-Code-Bundle/cmd/sin-code/internal/orchestrator/cartographer.go:242.4,242.26 1 0
github.com/OpenSIN-Code/SIN-Code-Bundle/cmd/sin-code/internal/orchestrator/cartographer.go:244.3,244.14 1 0
github.com/OpenSIN-Code/SIN-Code-Bundle/cmd/sin-code/internal/orchestrator/cartographer.go:247.2,247.30 1 0
github.com/OpenSIN-Code/SIN-Code-Bundle/cmd/sin-code/internal/orchestrator/cartographer.go:247.30,249.3 1 0
github.com/OpenSIN-Code/SIN-Code-Bundle/cmd/sin-code/internal/orchestrator/cartographer.go:250.2,250.17 1 0
github.com/OpenSIN-Code/SIN-Code-Bundle/cmd/sin-code/internal/orchestrator/cartographer.go:253.54,254.31 1 0
github.com/OpenSIN-Code/SIN-Code-Bundle/cmd/sin-code/internal/orchestrator/cartographer.go:255.18,256.29 1 0
github.com/OpenSIN-Code/SIN-Code-Bundle/cmd/sin-code/internal/orchestrator/cartographer.go:257.25,258.37 1 0
github.com/OpenSIN-Code/SIN-Code-Bundle/cmd/sin-code/internal/orchestrator/cartographer.go:258.37,260.4 1 0
github.com/OpenSIN-Code/SIN-Code-Bundle/cmd/sin-code/internal/orchestrator/cartographer.go:262.2,262.11 1 0
github.com/OpenSIN-Code/SIN-Code-Bundle/cmd/sin-code/internal/orchestrator/cartographer.go:265.49,267.25 2 0
github.com/OpenSIN-Code/SIN-Code-Bundle/cmd/sin-code/internal/orchestrator/cartographer.go:267.25,269.3 1 0
github.com/OpenSIN-Code/SIN-Code-Bundle/cmd/sin-code/internal/orchestrator/cartographer.go:270.2,270.11 1 0
github.com/OpenSIN-Code/SIN-Code-Bundle/cmd/sin-code/internal/orchestrator/cartographer.go:273.65,274.26 1 0
github.com/OpenSIN-Code/SIN-Code-Bundle/cmd/sin-code/internal/orchestrator/cartographer.go:274.26,275.45 1 0
github.com/OpenSIN-Code/SIN-Code-Bundle/cmd/sin-code/internal/orchestrator/cartographer.go:275.45,277.4 1 0
github.com/OpenSIN-Code/SIN-Code-Bundle/cmd/sin-code/internal/orchestrator/cartographer.go:279.2,279.14 1 0
github.com/OpenSIN-Code/SIN-Code-Bundle/cmd/sin-code/internal/orchestrator/cartographer.go:282.35,283.44 1 0
github.com/OpenSIN-Code/SIN-Code-Bundle/cmd/sin-code/internal/orchestrator/cartographer.go:283.44,285.3 1 0
github.com/OpenSIN-Code/SIN-Code-Bundle/cmd/sin-code/internal/orchestrator/cartographer.go:286.2,286.10 1 0
github.com/OpenSIN-Code/SIN-Code-Bundle/cmd/sin-code/internal/orchestrator/cartographer.go:289.35,290.11 1 0
github.com/OpenSIN-Code/SIN-Code-Bundle/cmd/sin-code/internal/orchestrator/cartographer.go:290.11,292.3 1 0
github.com/OpenSIN-Code/SIN-Code-Bundle/cmd/sin-code/internal/orchestrator/cartographer.go:293.2,293.11 1 0
github.com/OpenSIN-Code/SIN-Code-Bundle/cmd/sin-code/internal/orchestrator/cartographer.go:293.11,295.3 1 0
github.com/OpenSIN-Code/SIN-Code-Bundle/cmd/sin-code/internal/orchestrator/cartographer.go:296.2,296.10 1 0
github.com/OpenSIN-Code/SIN-Code-Bundle/cmd/sin-code/internal/orchestrator/confidence.go:26.53,28.15 2 0
github.com/OpenSIN-Code/SIN-Code-Bundle/cmd/sin-code/internal/orchestrator/confidence.go:28.15,30.3 1 0
github.com/OpenSIN-Code/SIN-Code-Bundle/cmd/sin-code/internal/orchestrator/confidence.go:31.2,41.43 2 0
github.com/OpenSIN-Code/SIN-Code-Bundle/cmd/sin-code/internal/orchestrator/confidence.go:41.43,43.3 1 0
github.com/OpenSIN-Code/SIN-Code-Bundle/cmd/sin-code/internal/orchestrator/confidence.go:44.2,44.15 1 0
github.com/OpenSIN-Code/SIN-Code-Bundle/cmd/sin-code/internal/orchestrator/confidence.go:47.79,48.29 1 0
github.com/OpenSIN-Code/SIN-Code-Bundle/cmd/sin-code/internal/orchestrator/confidence.go:48.29,50.3 1 0
github.com/OpenSIN-Code/SIN-Code-Bundle/cmd/sin-code/internal/orchestrator/confidence.go:51.2,54.12 2 0
github.com/OpenSIN-Code/SIN-Code-Bundle/cmd/sin-code/internal/orchestrator/confidence.go:57.102,58.29 1 0
github.com/OpenSIN-Code/SIN-Code-Bundle/cmd/sin-code/internal/orchestrator/confidence.go:58.29,60.3 1 0
github.com/OpenSIN-Code/SIN-Code-Bundle/cmd/sin-code/internal/orchestrator/confidence.go:61.2,63.16 2 0
github.com/OpenSIN-Code/SIN-Code-Bundle/cmd/sin-code/internal/orchestrator/confidence.go:63.16,65.3 1 0
github.com/OpenSIN-Code/SIN-Code-Bundle/cmd/sin-code/internal/orchestrator/confidence.go:66.2,73.18 4 0
github.com/OpenSIN-Code/SIN-Code-Bundle/cmd/sin-code/internal/orchestrator/confidence.go:73.18,76.46 3 0
github.com/OpenSIN-Code/SIN-Code-Bundle/cmd/sin-code/internal/orchestrator/confidence.go:76.46,78.4 1 0
github.com/OpenSIN-Code/SIN-Code-Bundle/cmd/sin-code/internal/orchestrator/confidence.go:79.3,80.23 2 0
github.com/OpenSIN-Code/SIN-Code-Bundle/cmd/sin-code/internal/orchestrator/confidence.go:82.2,82.35 1 0
github.com/OpenSIN-Code/SIN-Code-Bundle/cmd/sin-code/internal/orchestrator/confidence.go:82.35,84.3 1 0
github.com/OpenSIN-Code/SIN-Code-Bundle/cmd/sin-code/internal/orchestrator/confidence.go:86.2,86.19 1 0
github.com/OpenSIN-Code/SIN-Code-Bundle/cmd/sin-code/internal/orchestrator/confidence.go:86.19,88.3 1 0
github.com/OpenSIN-Code/SIN-Code-Bundle/cmd/sin-code/internal/orchestrator/confidence.go:90.2,91.24 2 0
github.com/OpenSIN-Code/SIN-Code-Bundle/cmd/sin-code/internal/orchestrator/confidence.go:91.24,92.10 1 0
github.com/OpenSIN-Code/SIN-Code-Bundle/cmd/sin-code/internal/orchestrator/confidence.go:92.10,94.4 1 0
github.com/OpenSIN-Code/SIN-Code-Bundle/cmd/sin-code/internal/orchestrator/confidence.go:96.2,100.24 4 0
github.com/OpenSIN-Code/SIN-Code-Bundle/cmd/sin-code/internal/orchestrator/confidence.go:100.24,101.53 1 0
github.com/OpenSIN-Code/SIN-Code-Bundle/cmd/sin-code/internal/orchestrator/confidence.go:101.53,103.11 2 0
github.com/OpenSIN-Code/SIN-Code-Bundle/cmd/sin-code/internal/orchestrator/confidence.go:103.11,105.5 1 0
github.com/OpenSIN-Code/SIN-Code-Bundle/cmd/sin-code/internal/orchestrator/confidence.go:108.2,108.17 1 0
github.com/OpenSIN-Code/SIN-Code-Bundle/cmd/sin-code/internal/orchestrator/confidence.go:108.17,110.3 1 0
github.com/OpenSIN-Code/SIN-Code-Bundle/cmd/sin-code/internal/orchestrator/confidence.go:111.2,114.72 3 0
github.com/OpenSIN-Code/SIN-Code-Bundle/cmd/sin-code/internal/orchestrator/confidence.go:117.90,118.29 1 0
github.com/OpenSIN-Code/SIN-Code-Bundle/cmd/sin-code/internal/orchestrator/confidence.go:118.29,120.3 1 0
github.com/OpenSIN-Code/SIN-Code-Bundle/cmd/sin-code/internal/orchestrator/confidence.go:121.2,123.16 2 0
github.com/OpenSIN-Code/SIN-Code-Bundle/cmd/sin-code/internal/orchestrator/confidence.go:123.16,125.3 1 0
github.com/OpenSIN-Code/SIN-Code-Bundle/cmd/sin-code/internal/orchestrator/confidence.go:126.2,130.18 4 0
github.com/OpenSIN-Code/SIN-Code-Bundle/cmd/sin-code/internal/orchestrator/confidence.go:130.18,133.44 3 0
github.com/OpenSIN-Code/SIN-Code-Bundle/cmd/sin-code/internal/orchestrator/confidence.go:133.44,135.4 1 0
github.com/OpenSIN-Code/SIN-Code-Bundle/cmd/sin-code/internal/orchestrator/confidence.go:136.3,138.6 3 0
github.com/OpenSIN-Code/SIN-Code-Bundle/cmd/sin-code/internal/orchestrator/confidence.go:140.2,140.12 1 0
github.com/OpenSIN-Code/SIN-Code-Bundle/cmd/sin-code/internal/orchestrator/confidence.go:140.12,142.3 1 0
github.com/OpenSIN-Code/SIN-Code-Bundle/cmd/sin-code/internal/orchestrator/confidence.go:143.2,143.40 1 0
github.com/OpenSIN-Code/SIN-Code-Bundle/cmd/sin-code/internal/orchestrator/confidence.go:151.39,153.2 1 0
github.com/OpenSIN-Code/SIN-Code-Bundle/cmd/sin-code/internal/orchestrator/confidence.go:163.73,164.9 1 0
github.com/OpenSIN-Code/SIN-Code-Bundle/cmd/sin-code/internal/orchestrator/confidence.go:165.17,166.23 1 0
github.com/OpenSIN-Code/SIN-Code-Bundle/cmd/sin-code/internal/orchestrator/confidence.go:167.42,168.27 1 0
github.com/OpenSIN-Code/SIN-Code-Bundle/cmd/sin-code/internal/orchestrator/confidence.go:169.39,170.29 1 0
github.com/OpenSIN-Code/SIN-Code-Bundle/cmd/sin-code/internal/orchestrator/confidence.go:171.10,172.29 1 0
github.com/OpenSIN-Code/SIN-Code-Bundle/cmd/sin-code/internal/orchestrator/contextc.go:23.36,23.64 1 0
github.com/OpenSIN-Code/SIN-Code-Bundle/cmd/sin-code/internal/orchestrator/contextc.go:38.54,39.17 1 0
github.com/OpenSIN-Code/SIN-Code-Bundle/cmd/sin-code/internal/orchestrator/contextc.go:39.17,41.3 1 0
github.com/OpenSIN-Code/SIN-Code-Bundle/cmd/sin-code/internal/orchestrator/contextc.go:42.2,47.3 1 0
github.com/OpenSIN-Code/SIN-Code-Bundle/cmd/sin-code/internal/orchestrator/contextc.go:50.83,55.27 4 0
github.com/OpenSIN-Code/SIN-Code-Bundle/cmd/sin-code/internal/orchestrator/contextc.go:55.27,56.17 1 0
github.com/OpenSIN-Code/SIN-Code-Bundle/cmd/sin-code/internal/orchestrator/contextc.go:56.17,57.12 1 0
github.com/OpenSIN-Code/SIN-Code-Bundle/cmd/sin-code/internal/orchestrator/contextc.go:59.3,60.32 2 0
github.com/OpenSIN-Code/SIN-Code-Bundle/cmd/sin-code/internal/orchestrator/contextc.go:60.32,63.4 1 0
github.com/OpenSIN-Code/SIN-Code-Bundle/cmd/sin-code/internal/orchestrator/contextc.go:64.3,66.59 3 0
github.com/OpenSIN-Code/SIN-Code-Bundle/cmd/sin-code/internal/orchestrator/contextc.go:69.2,70.27 2 0
github.com/OpenSIN-Code/SIN-Code-Bundle/cmd/sin-code/internal/orchestrator/contextc.go:70.27,71.17 1 0
github.com/OpenSIN-Code/SIN-Code-Bundle/cmd/sin-code/internal/orchestrator/contextc.go:71.17,73.4 1 0
github.com/OpenSIN-Code/SIN-Code-Bundle/cmd/sin-code/internal/orchestrator/contextc.go:75.2,75.45 1 0
github.com/OpenSIN-Code/SIN-Code-Bundle/cmd/sin-code/internal/orchestrator/contextc.go:75.45,79.3 3 0
github.com/OpenSIN-Code/SIN-Code-Bundle/cmd/sin-code/internal/orchestrator/contextc.go:81.2,81.26 1 0
github.com/OpenSIN-Code/SIN-Code-Bundle/cmd/sin-code/internal/orchestrator/contextc.go:81.26,84.10 3 0
github.com/OpenSIN-Code/SIN-Code-Bundle/cmd/sin-code/internal/orchestrator/contextc.go:85.44,86.72 1 0
github.com/OpenSIN-Code/SIN-Code-Bundle/cmd/sin-code/internal/orchestrator/contextc.go:87.34,88.70 1 0
github.com/OpenSIN-Code/SIN-Code-Bundle/cmd/sin-code/internal/orchestrator/contextc.go:89.11,93.60 4 0
github.com/OpenSIN-Code/SIN-Code-Bundle/cmd/sin-code/internal/orchestrator/contextc.go:97.2,98.17 2 0
github.com/OpenSIN-Code/SIN-Code-Bundle/cmd/sin-code/internal/orchestrator/contextc.go:101.52,103.2 1 0
github.com/OpenSIN-Code/SIN-Code-Bundle/cmd/sin-code/internal/orchestrator/contextc.go:113.17,116.21 2 0
github.com/OpenSIN-Code/SIN-Code-Bundle/cmd/sin-code/internal/orchestrator/contextc.go:116.21,121.3 1 0
github.com/OpenSIN-Code/SIN-Code-Bundle/cmd/sin-code/internal/orchestrator/contextc.go:122.2,122.21 1 0
github.com/OpenSIN-Code/SIN-Code-Bundle/cmd/sin-code/internal/orchestrator/contextc.go:122.21,126.3 1 0
github.com/OpenSIN-Code/SIN-Code-Bundle/cmd/sin-code/internal/orchestrator/contextc.go:127.2,127.19 1 0
github.com/OpenSIN-Code/SIN-Code-Bundle/cmd/sin-code/internal/orchestrator/contextc.go:127.19,131.3 1 0
github.com/OpenSIN-Code/SIN-Code-Bundle/cmd/sin-code/internal/orchestrator/contextc.go:132.2,132.23 1 0
github.com/OpenSIN-Code/SIN-Code-Bundle/cmd/sin-code/internal/orchestrator/contextc.go:132.23,136.3 1 0
github.com/OpenSIN-Code/SIN-Code-Bundle/cmd/sin-code/internal/orchestrator/contextc.go:137.2,137.51 1 0
github.com/OpenSIN-Code/SIN-Code-Bundle/cmd/sin-code/internal/orchestrator/contextc.go:137.51,141.3 1 0
github.com/OpenSIN-Code/SIN-Code-Bundle/cmd/sin-code/internal/orchestrator/contextc.go:142.2,142.38 1 0
github.com/OpenSIN-Code/SIN-Code-Bundle/cmd/sin-code/internal/orchestrator/contextc.go:142.38,146.3 1 0
github.com/OpenSIN-Code/SIN-Code-Bundle/cmd/sin-code/internal/orchestrator/contextc.go:147.2,147.14 1 0
github.com/OpenSIN-Code/SIN-Code-Bundle/cmd/sin-code/internal/orchestrator/contextc.go:150.40,153.29 3 0
github.com/OpenSIN-Code/SIN-Code-Bundle/cmd/sin-code/internal/orchestrator/contextc.go:153.29,155.3 1 0
github.com/OpenSIN-Code/SIN-Code-Bundle/cmd/sin-code/internal/orchestrator/contextc.go:156.2,156.28 1 0
github.com/OpenSIN-Code/SIN-Code-Bundle/cmd/sin-code/internal/orchestrator/contextc.go:156.28,158.3 1 0
github.com/OpenSIN-Code/SIN-Code-Bundle/cmd/sin-code/internal/orchestrator/contextc.go:159.2,159.27 1 0
github.com/OpenSIN-Code/SIN-Code-Bundle/cmd/sin-code/internal/orchestrator/contextc.go:159.27,161.3 1 0
github.com/OpenSIN-Code/SIN-Code-Bundle/cmd/sin-code/internal/orchestrator/contextc.go:162.2,163.19 2 0
github.com/OpenSIN-Code/SIN-Code-Bundle/cmd/sin-code/internal/orchestrator/contract.go:30.44,41.2 1 0
github.com/OpenSIN-Code/SIN-Code-Bundle/cmd/sin-code/internal/orchestrator/contract.go:50.36,51.16 1 0
github.com/OpenSIN-Code/SIN-Code-Bundle/cmd/sin-code/internal/orchestrator/contract.go:51.16,53.3 1 0
github.com/OpenSIN-Code/SIN-Code-Bundle/cmd/sin-code/internal/orchestrator/contract.go:54.2,54.64 1 0
github.com/OpenSIN-Code/SIN-Code-Bundle/cmd/sin-code/internal/orchestrator/contract.go:57.76,60.34 2 0
github.com/OpenSIN-Code/SIN-Code-Bundle/cmd/sin-code/internal/orchestrator/contract.go:60.34,61.53 1 0
github.com/OpenSIN-Code/SIN-Code-Bundle/cmd/sin-code/internal/orchestrator/contract.go:61.53,64.12 2 0
github.com/OpenSIN-Code/SIN-Code-Bundle/cmd/sin-code/internal/orchestrator/contract.go:66.3,67.57 2 0
github.com/OpenSIN-Code/SIN-Code-Bundle/cmd/sin-code/internal/orchestrator/contract.go:67.57,70.4 1 0
github.com/OpenSIN-Code/SIN-Code-Bundle/cmd/sin-code/internal/orchestrator/contract.go:73.2,73.53 1 0
github.com/OpenSIN-Code/SIN-Code-Bundle/cmd/sin-code/internal/orchestrator/contract.go:73.53,76.3 1 0
github.com/OpenSIN-Code/SIN-Code-Bundle/cmd/sin-code/internal/orchestrator/contract.go:78.2,78.34 1 0
github.com/OpenSIN-Code/SIN-Code-Bundle/cmd/sin-code/internal/orchestrator/contract.go:78.34,79.42 1 0
github.com/OpenSIN-Code/SIN-Code-Bundle/cmd/sin-code/internal/orchestrator/contract.go:79.42,80.36 1 0
github.com/OpenSIN-Code/SIN-Code-Bundle/cmd/sin-code/internal/orchestrator/contract.go:80.36,83.5 1 0
github.com/OpenSIN-Code/SIN-Code-Bundle/cmd/sin-code/internal/orchestrator/contract.go:86.2,86.12 1 0
github.com/OpenSIN-Code/SIN-Code-Bundle/cmd/sin-code/internal/orchestrator/contract.go:89.79,91.63 2 0
github.com/OpenSIN-Code/SIN-Code-Bundle/cmd/sin-code/internal/orchestrator/contract.go:91.63,94.3 1 0
github.com/OpenSIN-Code/SIN-Code-Bundle/cmd/sin-code/internal/orchestrator/contract.go:95.2,95.63 1 0
github.com/OpenSIN-Code/SIN-Code-Bundle/cmd/sin-code/internal/orchestrator/contract.go:95.63,98.3 1 0
github.com/OpenSIN-Code/SIN-Code-Bundle/cmd/sin-code/internal/orchestrator/contract.go:99.2,99.12 1 0
github.com/OpenSIN-Code/SIN-Code-Bundle/cmd/sin-code/internal/orchestrator/contract.go:102.50,103.35 1 0
github.com/OpenSIN-Code/SIN-Code-Bundle/cmd/sin-code/internal/orchestrator/contract.go:103.35,104.53 1 0
github.com/OpenSIN-Code/SIN-Code-Bundle/cmd/sin-code/internal/orchestrator/contract.go:104.53,106.4 1 0
github.com/OpenSIN-Code/SIN-Code-Bundle/cmd/sin-code/internal/orchestrator/contract.go:107.3,108.57 2 0
github.com/OpenSIN-Code/SIN-Code-Bundle/cmd/sin-code/internal/orchestrator/contract.go:108.57,110.4 1 0
github.com/OpenSIN-Code/SIN-Code-Bundle/cmd/sin-code/internal/orchestrator/contract.go:112.2,112.14 1 0
github.com/OpenSIN-Code/SIN-Code-Bundle/cmd/sin-code/internal/orchestrator/contract.go:115.39,117.29 2 0
github.com/OpenSIN-Code/SIN-Code-Bundle/cmd/sin-code/internal/orchestrator/contract.go:117.29,124.3 1 0
github.com/OpenSIN-Code/SIN-Code-Bundle/cmd/sin-code/internal/orchestrator/contract.go:125.2,126.15 2 0
github.com/OpenSIN-Code/SIN-Code-Bundle/cmd/sin-code/internal/orchestrator/contract.go:129.45,131.26 2 0
github.com/OpenSIN-Code/SIN-Code-Bundle/cmd/sin-code/internal/orchestrator/contract.go:131.26,133.3 1 0
github.com/OpenSIN-Code/SIN-Code-Bundle/cmd/sin-code/internal/orchestrator/contract.go:134.2,137.29 1 0
github.com/OpenSIN-Code/SIN-Code-Bundle/cmd/sin-code/internal/orchestrator/contract.go:140.44,149.44 3 0
github.com/OpenSIN-Code/SIN-Code-Bundle/cmd/sin-code/internal/orchestrator/contract.go:149.44,151.3 1 0
github.com/OpenSIN-Code/SIN-Code-Bundle/cmd/sin-code/internal/orchestrator/contract.go:152.2,153.40 1 0
github.com/OpenSIN-Code/SIN-Code-Bundle/cmd/sin-code/internal/orchestrator/contract.go:153.40,155.3 1 0
github.com/OpenSIN-Code/SIN-Code-Bundle/cmd/sin-code/internal/orchestrator/contract.go:156.2,156.10 1 0
github.com/OpenSIN-Code/SIN-Code-Bundle/cmd/sin-code/internal/orchestrator/critic.go:18.41,20.2 1 0
github.com/OpenSIN-Code/SIN-Code-Bundle/cmd/sin-code/internal/orchestrator/critic.go:41.54,43.2 1 0
github.com/OpenSIN-Code/SIN-Code-Bundle/cmd/sin-code/internal/orchestrator/critic.go:45.111,49.15 4 0
github.com/OpenSIN-Code/SIN-Code-Bundle/cmd/sin-code/internal/orchestrator/critic.go:49.15,52.3 2 0
github.com/OpenSIN-Code/SIN-Code-Bundle/cmd/sin-code/internal/orchestrator/critic.go:54.2,57.21 4 0
github.com/OpenSIN-Code/SIN-Code-Bundle/cmd/sin-code/internal/orchestrator/critic.go:57.21,59.3 1 0
github.com/OpenSIN-Code/SIN-Code-Bundle/cmd/sin-code/internal/orchestrator/critic.go:61.2,61.48 1 0
github.com/OpenSIN-Code/SIN-Code-Bundle/cmd/sin-code/internal/orchestrator/critic.go:61.48,62.22 1 0
github.com/OpenSIN-Code/SIN-Code-Bundle/cmd/sin-code/internal/orchestrator/critic.go:62.22,68.24 2 0
github.com/OpenSIN-Code/SIN-Code-Bundle/cmd/sin-code/internal/orchestrator/critic.go:68.24,70.5 1 0
github.com/OpenSIN-Code/SIN-Code-Bundle/cmd/sin-code/internal/orchestrator/critic.go:73.3,74.17 2 0
github.com/OpenSIN-Code/SIN-Code-Bundle/cmd/sin-code/internal/orchestrator/critic.go:74.17,80.12 3 0
github.com/OpenSIN-Code/SIN-Code-Bundle/cmd/sin-code/internal/orchestrator/critic.go:83.3,88.15 5 0
github.com/OpenSIN-Code/SIN-Code-Bundle/cmd/sin-code/internal/orchestrator/critic.go:88.15,91.4 2 0
github.com/OpenSIN-Code/SIN-Code-Bundle/cmd/sin-code/internal/orchestrator/critic.go:93.3,93.68 1 0
github.com/OpenSIN-Code/SIN-Code-Bundle/cmd/sin-code/internal/orchestrator/critic.go:93.68,94.9 1 0
github.com/OpenSIN-Code/SIN-Code-Bundle/cmd/sin-code/internal/orchestrator/critic.go:96.3,96.26 1 0
github.com/OpenSIN-Code/SIN-Code-Bundle/cmd/sin-code/internal/orchestrator/critic.go:96.26,98.4 1 0
github.com/OpenSIN-Code/SIN-Code-Bundle/cmd/sin-code/internal/orchestrator/critic.go:100.2,100.17 1 0
github.com/OpenSIN-Code/SIN-Code-Bundle/cmd/sin-code/internal/orchestrator/dag.go:45.70,47.2 1 0
github.com/OpenSIN-Code/SIN-Code-Bundle/cmd/sin-code/internal/orchestrator/dag.go:49.107,50.43 1 0
github.com/OpenSIN-Code/SIN-Code-Bundle/cmd/sin-code/internal/orchestrator/dag.go:50.43,52.3 1 0
github.com/OpenSIN-Code/SIN-Code-Bundle/cmd/sin-code/internal/orchestrator/dag.go:54.2,55.26 2 0
github.com/OpenSIN-Code/SIN-Code-Bundle/cmd/sin-code/internal/orchestrator/dag.go:55.26,57.3 1 0
github.com/OpenSIN-Code/SIN-Code-Bundle/cmd/sin-code/internal/orchestrator/dag.go:59.2,65.6 6 0
github.com/OpenSIN-Code/SIN-Code-Bundle/cmd/sin-code/internal/orchestrator/dag.go:65.6,69.27 4 0
github.com/OpenSIN-Code/SIN-Code-Bundle/cmd/sin-code/internal/orchestrator/dag.go:69.27,71.26 2 0
github.com/OpenSIN-Code/SIN-Code-Bundle/cmd/sin-code/internal/orchestrator/dag.go:72.21,73.34 1 0
github.com/OpenSIN-Code/SIN-Code-Bundle/cmd/sin-code/internal/orchestrator/dag.go:73.34,74.35 1 0
github.com/OpenSIN-Code/SIN-Code-Bundle/cmd/sin-code/internal/orchestrator/dag.go:74.35,77.7 2 0
github.com/OpenSIN-Code/SIN-Code-Bundle/cmd/sin-code/internal/orchestrator/dag.go:77.12,82.7 1 0
github.com/OpenSIN-Code/SIN-Code-Bundle/cmd/sin-code/internal/orchestrator/dag.go:83.6,83.14 1 0
github.com/OpenSIN-Code/SIN-Code-Bundle/cmd/sin-code/internal/orchestrator/dag.go:85.5,87.41 2 0
github.com/OpenSIN-Code/SIN-Code-Bundle/cmd/sin-code/internal/orchestrator/dag.go:87.41,89.14 2 0
github.com/OpenSIN-Code/SIN-Code-Bundle/cmd/sin-code/internal/orchestrator/dag.go:91.5,94.41 4 0
github.com/OpenSIN-Code/SIN-Code-Bundle/cmd/sin-code/internal/orchestrator/dag.go:94.41,102.20 7 0
github.com/OpenSIN-Code/SIN-Code-Bundle/cmd/sin-code/internal/orchestrator/dag.go:102.20,104.7 1 0
github.com/OpenSIN-Code/SIN-Code-Bundle/cmd/sin-code/internal/orchestrator/dag.go:104.12,106.7 1 0
github.com/OpenSIN-Code/SIN-Code-Bundle/cmd/sin-code/internal/orchestrator/dag.go:107.6,109.24 3 0
github.com/OpenSIN-Code/SIN-Code-Bundle/cmd/sin-code/internal/orchestrator/dag.go:111.21,112.20 1 0
github.com/OpenSIN-Code/SIN-Code-Bundle/cmd/sin-code/internal/orchestrator/dag.go:115.3,118.11 3 0
github.com/OpenSIN-Code/SIN-Code-Bundle/cmd/sin-code/internal/orchestrator/dag.go:118.11,119.9 1 0
github.com/OpenSIN-Code/SIN-Code-Bundle/cmd/sin-code/internal/orchestrator/dag.go:121.3,121.20 1 0
github.com/OpenSIN-Code/SIN-Code-Bundle/cmd/sin-code/internal/orchestrator/dag.go:121.20,122.11 1 0
github.com/OpenSIN-Code/SIN-Code-Bundle/cmd/sin-code/internal/orchestrator/dag.go:123.16,123.16 0 0
github.com/OpenSIN-Code/SIN-Code-Bundle/cmd/sin-code/internal/orchestrator/dag.go:124.22,126.26 2 0
github.com/OpenSIN-Code/SIN-Code-Bundle/cmd/sin-code/internal/orchestrator/dag.go:130.2,131.17 2 0
github.com/OpenSIN-Code/SIN-Code-Bundle/cmd/sin-code/internal/orchestrator/dag.go:134.36,137.29 3 0
github.com/OpenSIN-Code/SIN-Code-Bundle/cmd/sin-code/internal/orchestrator/dag.go:137.29,139.3 1 0
github.com/OpenSIN-Code/SIN-Code-Bundle/cmd/sin-code/internal/orchestrator/dag.go:140.2,143.19 3 0
github.com/OpenSIN-Code/SIN-Code-Bundle/cmd/sin-code/internal/orchestrator/dag.go:146.64,147.34 1 0
github.com/OpenSIN-Code/SIN-Code-Bundle/cmd/sin-code/internal/orchestrator/dag.go:147.34,148.31 1 0
github.com/OpenSIN-Code/SIN-Code-Bundle/cmd/sin-code/internal/orchestrator/dag.go:148.31,150.4 1 0
github.com/OpenSIN-Code/SIN-Code-Bundle/cmd/sin-code/internal/orchestrator/dag.go:152.2,152.13 1 0
github.com/OpenSIN-Code/SIN-Code-Bundle/cmd/sin-code/internal/orchestrator/dag.go:155.65,156.34 1 0
github.com/OpenSIN-Code/SIN-Code-Bundle/cmd/sin-code/internal/orchestrator/dag.go:156.34,157.57 1 0
github.com/OpenSIN-Code/SIN-Code-Bundle/cmd/sin-code/internal/orchestrator/dag.go:157.57,159.4 1 0
github.com/OpenSIN-Code/SIN-Code-Bundle/cmd/sin-code/internal/orchestrator/dag.go:161.2,161.14 1 0
github.com/OpenSIN-Code/SIN-Code-Bundle/cmd/sin-code/internal/orchestrator/dag.go:164.39,165.26 1 0
github.com/OpenSIN-Code/SIN-Code-Bundle/cmd/sin-code/internal/orchestrator/dag.go:165.26,167.3 1 0
github.com/OpenSIN-Code/SIN-Code-Bundle/cmd/sin-code/internal/orchestrator/dag.go:168.2,168.23 1 0
github.com/OpenSIN-Code/SIN-Code-Bundle/cmd/sin-code/internal/orchestrator/dag.go:171.43,173.26 2 0
github.com/OpenSIN-Code/SIN-Code-Bundle/cmd/sin-code/internal/orchestrator/dag.go:173.26,175.3 1 0
github.com/OpenSIN-Code/SIN-Code-Bundle/cmd/sin-code/internal/orchestrator/dag.go:176.2,183.26 4 0
github.com/OpenSIN-Code/SIN-Code-Bundle/cmd/sin-code/internal/orchestrator/dag.go:183.26,184.35 1 0
github.com/OpenSIN-Code/SIN-Code-Bundle/cmd/sin-code/internal/orchestrator/dag.go:184.35,185.17 1 0
github.com/OpenSIN-Code/SIN-Code-Bundle/cmd/sin-code/internal/orchestrator/dag.go:185.17,187.5 1 0
github.com/OpenSIN-Code/SIN-Code-Bundle/cmd/sin-code/internal/orchestrator/dag.go:188.4,188.48 1 0
github.com/OpenSIN-Code/SIN-Code-Bundle/cmd/sin-code/internal/orchestrator/dag.go:191.2,192.32 2 0
github.com/OpenSIN-Code/SIN-Code-Bundle/cmd/sin-code/internal/orchestrator/dag.go:192.32,193.20 1 0
github.com/OpenSIN-Code/SIN-Code-Bundle/cmd/sin-code/internal/orchestrator/dag.go:194.13,195.50 1 0
github.com/OpenSIN-Code/SIN-Code-Bundle/cmd/sin-code/internal/orchestrator/dag.go:196.14,197.14 1 0
github.com/OpenSIN-Code/SIN-Code-Bundle/cmd/sin-code/internal/orchestrator/dag.go:199.3,200.32 2 0
github.com/OpenSIN-Code/SIN-Code-Bundle/cmd/sin-code/internal/orchestrator/dag.go:200.32,201.38 1 0
github.com/OpenSIN-Code/SIN-Code-Bundle/cmd/sin-code/internal/orchestrator/dag.go:201.38,203.5 1 0
github.com/OpenSIN-Code/SIN-Code-Bundle/cmd/sin-code/internal/orchestrator/dag.go:205.3,206.13 2 0
github.com/OpenSIN-Code/SIN-Code-Bundle/cmd/sin-code/internal/orchestrator/dag.go:208.2,208.22 1 0
github.com/OpenSIN-Code/SIN-Code-Bundle/cmd/sin-code/internal/orchestrator/dag.go:208.22,209.35 1 0
github.com/OpenSIN-Code/SIN-Code-Bundle/cmd/sin-code/internal/orchestrator/dag.go:209.35,211.4 1 0
github.com/OpenSIN-Code/SIN-Code-Bundle/cmd/sin-code/internal/orchestrator/dag.go:213.2,213.12 1 0
github.com/OpenSIN-Code/SIN-Code-Bundle/cmd/sin-code/internal/orchestrator/dispatcher.go:20.90,21.22 1 0
github.com/OpenSIN-Code/SIN-Code-Bundle/cmd/sin-code/internal/orchestrator/dispatcher.go:21.22,23.3 1 0
github.com/OpenSIN-Code/SIN-Code-Bundle/cmd/sin-code/internal/orchestrator/dispatcher.go:24.2,28.3 1 0
github.com/OpenSIN-Code/SIN-Code-Bundle/cmd/sin-code/internal/orchestrator/dispatcher.go:31.70,34.21 3 0
github.com/OpenSIN-Code/SIN-Code-Bundle/cmd/sin-code/internal/orchestrator/dispatcher.go:34.21,37.3 2 0
github.com/OpenSIN-Code/SIN-Code-Bundle/cmd/sin-code/internal/orchestrator/dispatcher.go:39.2,45.6 6 0
github.com/OpenSIN-Code/SIN-Code-Bundle/cmd/sin-code/internal/orchestrator/dispatcher.go:45.6,48.27 3 0
github.com/OpenSIN-Code/SIN-Code-Bundle/cmd/sin-code/internal/orchestrator/dispatcher.go:48.27,49.31 1 0
github.com/OpenSIN-Code/SIN-Code-Bundle/cmd/sin-code/internal/orchestrator/dispatcher.go:49.31,50.13 1 0
github.com/OpenSIN-Code/SIN-Code-Bundle/cmd/sin-code/internal/orchestrator/dispatcher.go:52.4,52.33 1 0
github.com/OpenSIN-Code/SIN-Code-Bundle/cmd/sin-code/internal/orchestrator/dispatcher.go:52.33,54.5 1 0
github.com/OpenSIN-Code/SIN-Code-Bundle/cmd/sin-code/internal/orchestrator/dispatcher.go:56.3,57.22 2 0
github.com/OpenSIN-Code/SIN-Code-Bundle/cmd/sin-code/internal/orchestrator/dispatcher.go:57.22,59.28 2 0
github.com/OpenSIN-Code/SIN-Code-Bundle/cmd/sin-code/internal/orchestrator/dispatcher.go:59.28,60.59 1 0
github.com/OpenSIN-Code/SIN-Code-Bundle/cmd/sin-code/internal/orchestrator/dispatcher.go:60.59,62.11 2 0
github.com/OpenSIN-Code/SIN-Code-Bundle/cmd/sin-code/internal/orchestrator/dispatcher.go:65.4,65.15 1 0
github.com/OpenSIN-Code/SIN-Code-Bundle/cmd/sin-code/internal/orchestrator/dispatcher.go:65.15,66.10 1 0
github.com/OpenSIN-Code/SIN-Code-Bundle/cmd/sin-code/internal/orchestrator/dispatcher.go:68.4,68.11 1 0
github.com/OpenSIN-Code/SIN-Code-Bundle/cmd/sin-code/internal/orchestrator/dispatcher.go:69.22,70.21 1 0
github.com/OpenSIN-Code/SIN-Code-Bundle/cmd/sin-code/internal/orchestrator/dispatcher.go:71.45,71.45 0 0
github.com/OpenSIN-Code/SIN-Code-Bundle/cmd/sin-code/internal/orchestrator/dispatcher.go:73.4,73.12 1 0
github.com/OpenSIN-Code/SIN-Code-Bundle/cmd/sin-code/internal/orchestrator/dispatcher.go:75.3,75.30 1 0
github.com/OpenSIN-Code/SIN-Code-Bundle/cmd/sin-code/internal/orchestrator/dispatcher.go:75.30,81.21 6 0
github.com/OpenSIN-Code/SIN-Code-Bundle/cmd/sin-code/internal/orchestrator/dispatcher.go:81.21,83.18 2 0
github.com/OpenSIN-Code/SIN-Code-Bundle/cmd/sin-code/internal/orchestrator/dispatcher.go:83.18,83.27 1 0
github.com/OpenSIN-Code/SIN-Code-Bundle/cmd/sin-code/internal/orchestrator/dispatcher.go:84.5,84.50 1 0
github.com/OpenSIN-Code/SIN-Code-Bundle/cmd/sin-code/internal/orchestrator/dispatcher.go:89.2,91.25 3 0
github.com/OpenSIN-Code/SIN-Code-Bundle/cmd/sin-code/internal/orchestrator/dispatcher.go:91.25,92.17 1 0
github.com/OpenSIN-Code/SIN-Code-Bundle/cmd/sin-code/internal/orchestrator/dispatcher.go:92.17,96.4 3 0
github.com/OpenSIN-Code/SIN-Code-Bundle/cmd/sin-code/internal/orchestrator/dispatcher.go:98.2,99.26 2 0
github.com/OpenSIN-Code/SIN-Code-Bundle/cmd/sin-code/internal/orchestrator/dispatcher.go:99.26,100.32 1 0
github.com/OpenSIN-Code/SIN-Code-Bundle/cmd/sin-code/internal/orchestrator/dispatcher.go:100.32,102.4 1 0
github.com/OpenSIN-Code/SIN-Code-Bundle/cmd/sin-code/internal/orchestrator/dispatcher.go:103.3,104.34 2 0
github.com/OpenSIN-Code/SIN-Code-Bundle/cmd/sin-code/internal/orchestrator/dispatcher.go:106.2,108.12 3 0
github.com/OpenSIN-Code/SIN-Code-Bundle/cmd/sin-code/internal/orchestrator/dispatcher.go:111.135,113.9 2 0
github.com/OpenSIN-Code/SIN-Code-Bundle/cmd/sin-code/internal/orchestrator/dispatcher.go:113.9,115.3 1 0
github.com/OpenSIN-Code/SIN-Code-Bundle/cmd/sin-code/internal/orchestrator/dispatcher.go:116.2,116.18 1 0
github.com/OpenSIN-Code/SIN-Code-Bundle/cmd/sin-code/internal/orchestrator/dispatcher.go:116.18,126.3 9 0
github.com/OpenSIN-Code/SIN-Code-Bundle/cmd/sin-code/internal/orchestrator/dispatcher.go:127.2,131.16 5 0
github.com/OpenSIN-Code/SIN-Code-Bundle/cmd/sin-code/internal/orchestrator/dispatcher.go:131.16,134.3 2 0
github.com/OpenSIN-Code/SIN-Code-Bundle/cmd/sin-code/internal/orchestrator/dispatcher.go:134.8,139.3 4 0
github.com/OpenSIN-Code/SIN-Code-Bundle/cmd/sin-code/internal/orchestrator/dispatcher.go:140.2,142.13 3 0
github.com/OpenSIN-Code/SIN-Code-Bundle/cmd/sin-code/internal/orchestrator/dispatcher.go:145.59,146.34 1 0
github.com/OpenSIN-Code/SIN-Code-Bundle/cmd/sin-code/internal/orchestrator/dispatcher.go:146.34,147.22 1 0
github.com/OpenSIN-Code/SIN-Code-Bundle/cmd/sin-code/internal/orchestrator/dispatcher.go:147.22,149.4 1 0
github.com/OpenSIN-Code/SIN-Code-Bundle/cmd/sin-code/internal/orchestrator/dispatcher.go:151.2,151.13 1 0
github.com/OpenSIN-Code/SIN-Code-Bundle/cmd/sin-code/internal/orchestrator/dispatcher.go:154.35,156.2 1 0
github.com/OpenSIN-Code/SIN-Code-Bundle/cmd/sin-code/internal/orchestrator/dispatcher.go:158.53,160.9 2 0
github.com/OpenSIN-Code/SIN-Code-Bundle/cmd/sin-code/internal/orchestrator/dispatcher.go:161.34,162.20 1 0
github.com/OpenSIN-Code/SIN-Code-Bundle/cmd/sin-code/internal/orchestrator/dispatcher.go:163.36,164.19 1 0
github.com/OpenSIN-Code/SIN-Code-Bundle/cmd/sin-code/internal/orchestrator/dispatcher.go:165.35,166.20 1 0
github.com/OpenSIN-Code/SIN-Code-Bundle/cmd/sin-code/internal/orchestrator/dispatcher.go:167.10,168.19 1 0
github.com/OpenSIN-Code/SIN-Code-Bundle/cmd/sin-code/internal/orchestrator/dispatcher.go:170.2,170.51 1 0
github.com/OpenSIN-Code/SIN-Code-Bundle/cmd/sin-code/internal/orchestrator/dispatcher.go:173.49,174.27 1 0
github.com/OpenSIN-Code/SIN-Code-Bundle/cmd/sin-code/internal/orchestrator/dispatcher.go:174.27,175.16 1 0
github.com/OpenSIN-Code/SIN-Code-Bundle/cmd/sin-code/internal/orchestrator/dispatcher.go:175.16,176.12 1 0
github.com/OpenSIN-Code/SIN-Code-Bundle/cmd/sin-code/internal/orchestrator/dispatcher.go:178.3,178.25 1 0
github.com/OpenSIN-Code/SIN-Code-Bundle/cmd/sin-code/internal/orchestrator/dispatcher.go:178.25,179.42 1 0
github.com/OpenSIN-Code/SIN-Code-Bundle/cmd/sin-code/internal/orchestrator/dispatcher.go:179.42,180.31 1 0
github.com/OpenSIN-Code/SIN-Code-Bundle/cmd/sin-code/internal/orchestrator/dispatcher.go:180.31,182.6 1 0
github.com/OpenSIN-Code/SIN-Code-Bundle/cmd/sin-code/internal/orchestrator/dispatcher.go:186.2,186.14 1 0
github.com/OpenSIN-Code/SIN-Code-Bundle/cmd/sin-code/internal/orchestrator/episodic.go:34.57,35.15 1 0
github.com/OpenSIN-Code/SIN-Code-Bundle/cmd/sin-code/internal/orchestrator/episodic.go:35.15,37.3 1 0
github.com/OpenSIN-Code/SIN-Code-Bundle/cmd/sin-code/internal/orchestrator/episodic.go:38.2,57.43 2 0
github.com/OpenSIN-Code/SIN-Code-Bundle/cmd/sin-code/internal/orchestrator/episodic.go:57.43,59.3 1 0
github.com/OpenSIN-Code/SIN-Code-Bundle/cmd/sin-code/internal/orchestrator/episodic.go:60.2,60.52 1 0
github.com/OpenSIN-Code/SIN-Code-Bundle/cmd/sin-code/internal/orchestrator/episodic.go:63.71,64.29 1 0
github.com/OpenSIN-Code/SIN-Code-Bundle/cmd/sin-code/internal/orchestrator/episodic.go:64.29,66.3 1 0
github.com/OpenSIN-Code/SIN-Code-Bundle/cmd/sin-code/internal/orchestrator/episodic.go:67.2,74.12 2 0
github.com/OpenSIN-Code/SIN-Code-Bundle/cmd/sin-code/internal/orchestrator/episodic.go:77.98,78.39 1 0
github.com/OpenSIN-Code/SIN-Code-Bundle/cmd/sin-code/internal/orchestrator/episodic.go:78.39,80.3 1 0
github.com/OpenSIN-Code/SIN-Code-Bundle/cmd/sin-code/internal/orchestrator/episodic.go:81.2,82.17 2 0
github.com/OpenSIN-Code/SIN-Code-Bundle/cmd/sin-code/internal/orchestrator/episodic.go:82.17,84.3 1 0
github.com/OpenSIN-Code/SIN-Code-Bundle/cmd/sin-code/internal/orchestrator/episodic.go:85.2,91.16 2 0
github.com/OpenSIN-Code/SIN-Code-Bundle/cmd/sin-code/internal/orchestrator/episodic.go:91.16,93.3 1 0
github.com/OpenSIN-Code/SIN-Code-Bundle/cmd/sin-code/internal/orchestrator/episodic.go:94.2,97.18 3 0
github.com/OpenSIN-Code/SIN-Code-Bundle/cmd/sin-code/internal/orchestrator/episodic.go:97.18,102.64 4 0
github.com/OpenSIN-Code/SIN-Code-Bundle/cmd/sin-code/internal/orchestrator/episodic.go:102.64,104.4 1 0
github.com/OpenSIN-Code/SIN-Code-Bundle/cmd/sin-code/internal/orchestrator/episodic.go:105.3,108.24 4 0
github.com/OpenSIN-Code/SIN-Code-Bundle/cmd/sin-code/internal/orchestrator/episodic.go:110.2,110.24 1 0
github.com/OpenSIN-Code/SIN-Code-Bundle/cmd/sin-code/internal/orchestrator/episodic.go:113.48,114.24 1 0
github.com/OpenSIN-Code/SIN-Code-Bundle/cmd/sin-code/internal/orchestrator/episodic.go:114.24,116.3 1 0
github.com/OpenSIN-Code/SIN-Code-Bundle/cmd/sin-code/internal/orchestrator/episodic.go:117.2,119.30 3 0
github.com/OpenSIN-Code/SIN-Code-Bundle/cmd/sin-code/internal/orchestrator/episodic.go:119.30,121.17 2 0
github.com/OpenSIN-Code/SIN-Code-Bundle/cmd/sin-code/internal/orchestrator/episodic.go:121.17,123.4 1 0
github.com/OpenSIN-Code/SIN-Code-Bundle/cmd/sin-code/internal/orchestrator/episodic.go:124.3,125.57 1 0
github.com/OpenSIN-Code/SIN-Code-Bundle/cmd/sin-code/internal/orchestrator/episodic.go:127.2,128.19 2 0
github.com/OpenSIN-Code/SIN-Code-Bundle/cmd/sin-code/internal/orchestrator/episodic.go:131.32,134.27 3 0
github.com/OpenSIN-Code/SIN-Code-Bundle/cmd/sin-code/internal/orchestrator/episodic.go:134.27,135.37 1 0
github.com/OpenSIN-Code/SIN-Code-Bundle/cmd/sin-code/internal/orchestrator/episodic.go:135.37,136.76 1 0
github.com/OpenSIN-Code/SIN-Code-Bundle/cmd/sin-code/internal/orchestrator/episodic.go:136.76,138.5 1 0
github.com/OpenSIN-Code/SIN-Code-Bundle/cmd/sin-code/internal/orchestrator/episodic.go:139.4,139.13 1 0
github.com/OpenSIN-Code/SIN-Code-Bundle/cmd/sin-code/internal/orchestrator/episodic.go:141.3,141.18 1 0
github.com/OpenSIN-Code/SIN-Code-Bundle/cmd/sin-code/internal/orchestrator/episodic.go:141.18,143.4 1 0
github.com/OpenSIN-Code/SIN-Code-Bundle/cmd/sin-code/internal/orchestrator/episodic.go:145.2,145.36 1 0
github.com/OpenSIN-Code/SIN-Code-Bundle/cmd/sin-code/internal/orchestrator/episodic.go:148.28,149.7 1 0
github.com/OpenSIN-Code/SIN-Code-Bundle/cmd/sin-code/internal/orchestrator/episodic.go:149.7,151.3 1 0
github.com/OpenSIN-Code/SIN-Code-Bundle/cmd/sin-code/internal/orchestrator/episodic.go:152.2,152.10 1 0
github.com/OpenSIN-Code/SIN-Code-Bundle/cmd/sin-code/internal/orchestrator/governor.go:20.29,26.2 1 0
github.com/OpenSIN-Code/SIN-Code-Bundle/cmd/sin-code/internal/orchestrator/governor.go:55.107,59.32 3 0
github.com/OpenSIN-Code/SIN-Code-Bundle/cmd/sin-code/internal/orchestrator/governor.go:59.32,60.12 1 0
github.com/OpenSIN-Code/SIN-Code-Bundle/cmd/sin-code/internal/orchestrator/governor.go:60.12,68.4 1 0
github.com/OpenSIN-Code/SIN-Code-Bundle/cmd/sin-code/internal/orchestrator/governor.go:69.3,74.17 5 0
github.com/OpenSIN-Code/SIN-Code-Bundle/cmd/sin-code/internal/orchestrator/governor.go:74.17,76.4 1 0
github.com/OpenSIN-Code/SIN-Code-Bundle/cmd/sin-code/internal/orchestrator/governor.go:77.3,81.39 4 0
github.com/OpenSIN-Code/SIN-Code-Bundle/cmd/sin-code/internal/orchestrator/governor.go:81.39,84.4 2 0
github.com/OpenSIN-Code/SIN-Code-Bundle/cmd/sin-code/internal/orchestrator/governor.go:86.2,86.17 1 0
github.com/OpenSIN-Code/SIN-Code-Bundle/cmd/sin-code/internal/orchestrator/governor.go:89.116,91.22 2 0
github.com/OpenSIN-Code/SIN-Code-Bundle/cmd/sin-code/internal/orchestrator/governor.go:91.22,93.3 1 0
github.com/OpenSIN-Code/SIN-Code-Bundle/cmd/sin-code/internal/orchestrator/governor.go:95.2,95.22 1 0
github.com/OpenSIN-Code/SIN-Code-Bundle/cmd/sin-code/internal/orchestrator/governor.go:95.22,99.17 4 0
github.com/OpenSIN-Code/SIN-Code-Bundle/cmd/sin-code/internal/orchestrator/governor.go:99.17,101.4 1 0
github.com/OpenSIN-Code/SIN-Code-Bundle/cmd/sin-code/internal/orchestrator/governor.go:102.3,102.45 1 0
github.com/OpenSIN-Code/SIN-Code-Bundle/cmd/sin-code/internal/orchestrator/governor.go:105.2,108.25 4 0
github.com/OpenSIN-Code/SIN-Code-Bundle/cmd/sin-code/internal/orchestrator/governor.go:108.25,110.3 1 0
github.com/OpenSIN-Code/SIN-Code-Bundle/cmd/sin-code/internal/orchestrator/governor.go:111.2,112.16 2 0
github.com/OpenSIN-Code/SIN-Code-Bundle/cmd/sin-code/internal/orchestrator/governor.go:112.16,114.3 1 0
github.com/OpenSIN-Code/SIN-Code-Bundle/cmd/sin-code/internal/orchestrator/governor.go:115.2,117.24 2 0
github.com/OpenSIN-Code/SIN-Code-Bundle/cmd/sin-code/internal/orchestrator/governor.go:117.24,119.3 1 0
github.com/OpenSIN-Code/SIN-Code-Bundle/cmd/sin-code/internal/orchestrator/governor.go:120.2,120.62 1 0
github.com/OpenSIN-Code/SIN-Code-Bundle/cmd/sin-code/internal/orchestrator/governor.go:120.62,121.23 1 0
github.com/OpenSIN-Code/SIN-Code-Bundle/cmd/sin-code/internal/orchestrator/governor.go:121.23,122.64 1 0
github.com/OpenSIN-Code/SIN-Code-Bundle/cmd/sin-code/internal/orchestrator/governor.go:122.64,124.5 1 0
github.com/OpenSIN-Code/SIN-Code-Bundle/cmd/sin-code/internal/orchestrator/governor.go:126.3,126.42 1 0
github.com/OpenSIN-Code/SIN-Code-Bundle/cmd/sin-code/internal/orchestrator/governor.go:129.2,133.16 5 0
github.com/OpenSIN-Code/SIN-Code-Bundle/cmd/sin-code/internal/orchestrator/governor.go:133.16,135.3 1 0
github.com/OpenSIN-Code/SIN-Code-Bundle/cmd/sin-code/internal/orchestrator/governor.go:136.2,137.37 2 0
github.com/OpenSIN-Code/SIN-Code-Bundle/cmd/sin-code/internal/orchestrator/governor.go:137.37,138.63 1 0
github.com/OpenSIN-Code/SIN-Code-Bundle/cmd/sin-code/internal/orchestrator/governor.go:138.63,140.4 1 0
github.com/OpenSIN-Code/SIN-Code-Bundle/cmd/sin-code/internal/orchestrator/governor.go:142.2,142.32 1 0
github.com/OpenSIN-Code/SIN-Code-Bundle/cmd/sin-code/internal/orchestrator/governor.go:145.42,146.14 1 0
github.com/OpenSIN-Code/SIN-Code-Bundle/cmd/sin-code/internal/orchestrator/governor.go:146.14,148.3 1 0
github.com/OpenSIN-Code/SIN-Code-Bundle/cmd/sin-code/internal/orchestrator/governor.go:149.2,150.30 2 0
github.com/OpenSIN-Code/SIN-Code-Bundle/cmd/sin-code/internal/orchestrator/governor.go:150.30,151.16 1 0
github.com/OpenSIN-Code/SIN-Code-Bundle/cmd/sin-code/internal/orchestrator/governor.go:151.16,153.4 1 0
github.com/OpenSIN-Code/SIN-Code-Bundle/cmd/sin-code/internal/orchestrator/governor.go:155.2,155.87 1 0
github.com/OpenSIN-Code/SIN-Code-Bundle/cmd/sin-code/internal/orchestrator/helpers.go:7.26,7.53 1 0
github.com/OpenSIN-Code/SIN-Code-Bundle/cmd/sin-code/internal/orchestrator/impact.go:36.83,45.20 2 0
github.com/OpenSIN-Code/SIN-Code-Bundle/cmd/sin-code/internal/orchestrator/impact.go:45.20,47.3 1 0
github.com/OpenSIN-Code/SIN-Code-Bundle/cmd/sin-code/internal/orchestrator/impact.go:48.2,51.16 4 0
github.com/OpenSIN-Code/SIN-Code-Bundle/cmd/sin-code/internal/orchestrator/impact.go:51.16,53.3 1 0
github.com/OpenSIN-Code/SIN-Code-Bundle/cmd/sin-code/internal/orchestrator/impact.go:55.2,56.17 2 0
github.com/OpenSIN-Code/SIN-Code-Bundle/cmd/sin-code/internal/orchestrator/impact.go:56.17,65.40 2 0
github.com/OpenSIN-Code/SIN-Code-Bundle/cmd/sin-code/internal/orchestrator/impact.go:65.40,67.4 1 0
github.com/OpenSIN-Code/SIN-Code-Bundle/cmd/sin-code/internal/orchestrator/impact.go:68.3,78.20 4 0
github.com/OpenSIN-Code/SIN-Code-Bundle/cmd/sin-code/internal/orchestrator/impact.go:78.20,80.4 1 0
github.com/OpenSIN-Code/SIN-Code-Bundle/cmd/sin-code/internal/orchestrator/impact.go:81.3,81.31 1 0
github.com/OpenSIN-Code/SIN-Code-Bundle/cmd/sin-code/internal/orchestrator/impact.go:81.31,83.4 1 0
github.com/OpenSIN-Code/SIN-Code-Bundle/cmd/sin-code/internal/orchestrator/impact.go:84.3,84.36 1 0
github.com/OpenSIN-Code/SIN-Code-Bundle/cmd/sin-code/internal/orchestrator/impact.go:84.36,86.4 1 0
github.com/OpenSIN-Code/SIN-Code-Bundle/cmd/sin-code/internal/orchestrator/impact.go:89.2,89.32 1 0
github.com/OpenSIN-Code/SIN-Code-Bundle/cmd/sin-code/internal/orchestrator/impact.go:89.32,90.36 1 0
github.com/OpenSIN-Code/SIN-Code-Bundle/cmd/sin-code/internal/orchestrator/impact.go:90.36,91.41 1 0
github.com/OpenSIN-Code/SIN-Code-Bundle/cmd/sin-code/internal/orchestrator/impact.go:91.41,93.5 1 0
github.com/OpenSIN-Code/SIN-Code-Bundle/cmd/sin-code/internal/orchestrator/impact.go:96.2,96.15 1 0
github.com/OpenSIN-Code/SIN-Code-Bundle/cmd/sin-code/internal/orchestrator/impact.go:106.62,111.33 4 0
github.com/OpenSIN-Code/SIN-Code-Bundle/cmd/sin-code/internal/orchestrator/impact.go:111.33,112.54 1 0
github.com/OpenSIN-Code/SIN-Code-Bundle/cmd/sin-code/internal/orchestrator/impact.go:112.54,114.4 1 0
github.com/OpenSIN-Code/SIN-Code-Bundle/cmd/sin-code/internal/orchestrator/impact.go:114.9,114.43 1 0
github.com/OpenSIN-Code/SIN-Code-Bundle/cmd/sin-code/internal/orchestrator/impact.go:114.43,116.4 1 0
github.com/OpenSIN-Code/SIN-Code-Bundle/cmd/sin-code/internal/orchestrator/impact.go:119.2,121.25 3 0
github.com/OpenSIN-Code/SIN-Code-Bundle/cmd/sin-code/internal/orchestrator/impact.go:121.25,124.3 2 0
github.com/OpenSIN-Code/SIN-Code-Bundle/cmd/sin-code/internal/orchestrator/impact.go:125.2,125.21 1 0
github.com/OpenSIN-Code/SIN-Code-Bundle/cmd/sin-code/internal/orchestrator/impact.go:125.21,128.38 3 0
github.com/OpenSIN-Code/SIN-Code-Bundle/cmd/sin-code/internal/orchestrator/impact.go:128.38,129.22 1 0
github.com/OpenSIN-Code/SIN-Code-Bundle/cmd/sin-code/internal/orchestrator/impact.go:129.22,132.5 2 0
github.com/OpenSIN-Code/SIN-Code-Bundle/cmd/sin-code/internal/orchestrator/impact.go:136.2,137.25 2 0
github.com/OpenSIN-Code/SIN-Code-Bundle/cmd/sin-code/internal/orchestrator/impact.go:137.25,139.3 1 0
github.com/OpenSIN-Code/SIN-Code-Bundle/cmd/sin-code/internal/orchestrator/impact.go:140.2,140.26 1 0
github.com/OpenSIN-Code/SIN-Code-Bundle/cmd/sin-code/internal/orchestrator/impact.go:140.26,142.56 2 0
github.com/OpenSIN-Code/SIN-Code-Bundle/cmd/sin-code/internal/orchestrator/impact.go:142.56,144.4 1 0
github.com/OpenSIN-Code/SIN-Code-Bundle/cmd/sin-code/internal/orchestrator/impact.go:146.2,150.22 4 0
github.com/OpenSIN-Code/SIN-Code-Bundle/cmd/sin-code/internal/orchestrator/impact.go:150.22,152.3 1 0
github.com/OpenSIN-Code/SIN-Code-Bundle/cmd/sin-code/internal/orchestrator/impact.go:153.2,153.12 1 0
github.com/OpenSIN-Code/SIN-Code-Bundle/cmd/sin-code/internal/orchestrator/impact.go:156.37,157.14 1 0
github.com/OpenSIN-Code/SIN-Code-Bundle/cmd/sin-code/internal/orchestrator/impact.go:157.14,159.3 1 0
github.com/OpenSIN-Code/SIN-Code-Bundle/cmd/sin-code/internal/orchestrator/impact.go:160.2,166.20 6 0
github.com/OpenSIN-Code/SIN-Code-Bundle/cmd/sin-code/internal/orchestrator/impact.go:166.20,169.3 1 0
github.com/OpenSIN-Code/SIN-Code-Bundle/cmd/sin-code/internal/orchestrator/impact.go:170.2,170.19 1 0
github.com/OpenSIN-Code/SIN-Code-Bundle/cmd/sin-code/internal/orchestrator/kernel.go:42.61,43.15 1 0
github.com/OpenSIN-Code/SIN-Code-Bundle/cmd/sin-code/internal/orchestrator/kernel.go:43.15,45.3 1 0
github.com/OpenSIN-Code/SIN-Code-Bundle/cmd/sin-code/internal/orchestrator/kernel.go:46.2,55.43 2 0
github.com/OpenSIN-Code/SIN-Code-Bundle/cmd/sin-code/internal/orchestrator/kernel.go:55.43,57.3 1 0
github.com/OpenSIN-Code/SIN-Code-Bundle/cmd/sin-code/internal/orchestrator/kernel.go:58.2,58.47 1 0
github.com/OpenSIN-Code/SIN-Code-Bundle/cmd/sin-code/internal/orchestrator/kernel.go:61.112,62.33 1 0
github.com/OpenSIN-Code/SIN-Code-Bundle/cmd/sin-code/internal/orchestrator/kernel.go:62.33,64.3 1 0
github.com/OpenSIN-Code/SIN-Code-Bundle/cmd/sin-code/internal/orchestrator/kernel.go:66.2,67.16 2 0
github.com/OpenSIN-Code/SIN-Code-Bundle/cmd/sin-code/internal/orchestrator/kernel.go:67.16,69.3 1 0
github.com/OpenSIN-Code/SIN-Code-Bundle/cmd/sin-code/internal/orchestrator/kernel.go:71.2,72.16 2 0
github.com/OpenSIN-Code/SIN-Code-Bundle/cmd/sin-code/internal/orchestrator/kernel.go:72.16,74.3 1 0
github.com/OpenSIN-Code/SIN-Code-Bundle/cmd/sin-code/internal/orchestrator/kernel.go:76.2,76.17 1 0
github.com/OpenSIN-Code/SIN-Code-Bundle/cmd/sin-code/internal/orchestrator/kernel.go:76.17,78.3 1 0
github.com/OpenSIN-Code/SIN-Code-Bundle/cmd/sin-code/internal/orchestrator/kernel.go:80.2,84.16 2 0
github.com/OpenSIN-Code/SIN-Code-Bundle/cmd/sin-code/internal/orchestrator/kernel.go:84.16,86.3 1 0
github.com/OpenSIN-Code/SIN-Code-Bundle/cmd/sin-code/internal/orchestrator/kernel.go:87.2,92.8 2 0
github.com/OpenSIN-Code/SIN-Code-Bundle/cmd/sin-code/internal/orchestrator/kernel.go:95.87,96.29 1 0
github.com/OpenSIN-Code/SIN-Code-Bundle/cmd/sin-code/internal/orchestrator/kernel.go:96.29,98.3 1 0
github.com/OpenSIN-Code/SIN-Code-Bundle/cmd/sin-code/internal/orchestrator/kernel.go:99.2,103.16 3 0
github.com/OpenSIN-Code/SIN-Code-Bundle/cmd/sin-code/internal/orchestrator/kernel.go:103.16,105.3 1 0
github.com/OpenSIN-Code/SIN-Code-Bundle/cmd/sin-code/internal/orchestrator/kernel.go:107.2,107.38 1 0
github.com/OpenSIN-Code/SIN-Code-Bundle/cmd/sin-code/internal/orchestrator/kernel.go:107.38,108.58 1 0
github.com/OpenSIN-Code/SIN-Code-Bundle/cmd/sin-code/internal/orchestrator/kernel.go:108.58,110.4 1 0
github.com/OpenSIN-Code/SIN-Code-Bundle/cmd/sin-code/internal/orchestrator/kernel.go:111.3,111.66 1 0
github.com/OpenSIN-Code/SIN-Code-Bundle/cmd/sin-code/internal/orchestrator/kernel.go:111.66,113.4 1 0
github.com/OpenSIN-Code/SIN-Code-Bundle/cmd/sin-code/internal/orchestrator/kernel.go:114.3,114.33 1 0
github.com/OpenSIN-Code/SIN-Code-Bundle/cmd/sin-code/internal/orchestrator/kernel.go:117.2,118.66 2 0
github.com/OpenSIN-Code/SIN-Code-Bundle/cmd/sin-code/internal/orchestrator/kernel.go:118.66,120.3 1 0
github.com/OpenSIN-Code/SIN-Code-Bundle/cmd/sin-code/internal/orchestrator/kernel.go:121.2,121.20 1 0
github.com/OpenSIN-Code/SIN-Code-Bundle/cmd/sin-code/internal/orchestrator/kernel.go:124.72,125.29 1 0
github.com/OpenSIN-Code/SIN-Code-Bundle/cmd/sin-code/internal/orchestrator/kernel.go:125.29,127.3 1 0
github.com/OpenSIN-Code/SIN-Code-Bundle/cmd/sin-code/internal/orchestrator/kernel.go:128.2,133.26 4 0
github.com/OpenSIN-Code/SIN-Code-Bundle/cmd/sin-code/internal/orchestrator/kernel.go:133.26,135.3 1 0
github.com/OpenSIN-Code/SIN-Code-Bundle/cmd/sin-code/internal/orchestrator/kernel.go:136.2,136.23 1 0
github.com/OpenSIN-Code/SIN-Code-Bundle/cmd/sin-code/internal/orchestrator/kernel.go:139.75,140.29 1 0
github.com/OpenSIN-Code/SIN-Code-Bundle/cmd/sin-code/internal/orchestrator/kernel.go:140.29,142.3 1 0
github.com/OpenSIN-Code/SIN-Code-Bundle/cmd/sin-code/internal/orchestrator/kernel.go:143.2,143.16 1 0
github.com/OpenSIN-Code/SIN-Code-Bundle/cmd/sin-code/internal/orchestrator/kernel.go:143.16,145.3 1 0
github.com/OpenSIN-Code/SIN-Code-Bundle/cmd/sin-code/internal/orchestrator/kernel.go:146.2,149.16 2 0
github.com/OpenSIN-Code/SIN-Code-Bundle/cmd/sin-code/internal/orchestrator/kernel.go:149.16,151.3 1 0
github.com/OpenSIN-Code/SIN-Code-Bundle/cmd/sin-code/internal/orchestrator/kernel.go:152.2,156.18 4 0
github.com/OpenSIN-Code/SIN-Code-Bundle/cmd/sin-code/internal/orchestrator/kernel.go:156.18,160.68 4 0
github.com/OpenSIN-Code/SIN-Code-Bundle/cmd/sin-code/internal/orchestrator/kernel.go:160.68,162.4 1 0
github.com/OpenSIN-Code/SIN-Code-Bundle/cmd/sin-code/internal/orchestrator/kernel.go:163.3,164.17 2 0
github.com/OpenSIN-Code/SIN-Code-Bundle/cmd/sin-code/internal/orchestrator/kernel.go:164.17,166.4 1 0
github.com/OpenSIN-Code/SIN-Code-Bundle/cmd/sin-code/internal/orchestrator/kernel.go:167.3,167.70 1 0
github.com/OpenSIN-Code/SIN-Code-Bundle/cmd/sin-code/internal/orchestrator/kernel.go:169.2,169.31 1 0
github.com/OpenSIN-Code/SIN-Code-Bundle/cmd/sin-code/internal/orchestrator/kernel.go:172.65,173.21 1 0
github.com/OpenSIN-Code/SIN-Code-Bundle/cmd/sin-code/internal/orchestrator/kernel.go:173.21,175.3 1 0
github.com/OpenSIN-Code/SIN-Code-Bundle/cmd/sin-code/internal/orchestrator/kernel.go:176.2,177.48 2 0
github.com/OpenSIN-Code/SIN-Code-Bundle/cmd/sin-code/internal/orchestrator/kernel.go:177.48,179.3 1 0
github.com/OpenSIN-Code/SIN-Code-Bundle/cmd/sin-code/internal/orchestrator/kernel.go:180.2,181.16 2 0
github.com/OpenSIN-Code/SIN-Code-Bundle/cmd/sin-code/internal/orchestrator/kernel.go:181.16,183.3 1 0
github.com/OpenSIN-Code/SIN-Code-Bundle/cmd/sin-code/internal/orchestrator/kernel.go:184.2,184.21 1 0
github.com/OpenSIN-Code/SIN-Code-Bundle/cmd/sin-code/internal/orchestrator/kernel.go:184.21,186.3 1 0
github.com/OpenSIN-Code/SIN-Code-Bundle/cmd/sin-code/internal/orchestrator/kernel.go:187.2,187.18 1 0
github.com/OpenSIN-Code/SIN-Code-Bundle/cmd/sin-code/internal/orchestrator/kernel.go:190.65,193.50 3 0
github.com/OpenSIN-Code/SIN-Code-Bundle/cmd/sin-code/internal/orchestrator/kernel.go:193.50,195.3 1 0
github.com/OpenSIN-Code/SIN-Code-Bundle/cmd/sin-code/internal/orchestrator/kernel.go:196.2,196.12 1 0
github.com/OpenSIN-Code/SIN-Code-Bundle/cmd/sin-code/internal/orchestrator/kernel.go:199.78,204.2 4 0
github.com/OpenSIN-Code/SIN-Code-Bundle/cmd/sin-code/internal/orchestrator/kernel.go:206.44,209.2 2 0
github.com/OpenSIN-Code/SIN-Code-Bundle/cmd/sin-code/internal/orchestrator/leases.go:33.34,35.2 1 0
github.com/OpenSIN-Code/SIN-Code-Bundle/cmd/sin-code/internal/orchestrator/leases.go:44.107,45.21 1 0
github.com/OpenSIN-Code/SIN-Code-Bundle/cmd/sin-code/internal/orchestrator/leases.go:45.21,47.3 1 0
github.com/OpenSIN-Code/SIN-Code-Bundle/cmd/sin-code/internal/orchestrator/leases.go:48.2,53.33 5 0
github.com/OpenSIN-Code/SIN-Code-Bundle/cmd/sin-code/internal/orchestrator/leases.go:53.33,54.30 1 0
github.com/OpenSIN-Code/SIN-Code-Bundle/cmd/sin-code/internal/orchestrator/leases.go:54.30,55.12 1 0
github.com/OpenSIN-Code/SIN-Code-Bundle/cmd/sin-code/internal/orchestrator/leases.go:57.3,57.33 1 0
github.com/OpenSIN-Code/SIN-Code-Bundle/cmd/sin-code/internal/orchestrator/leases.go:57.33,58.29 1 0
github.com/OpenSIN-Code/SIN-Code-Bundle/cmd/sin-code/internal/orchestrator/leases.go:58.29,59.29 1 0
github.com/OpenSIN-Code/SIN-Code-Bundle/cmd/sin-code/internal/orchestrator/leases.go:59.29,64.6 1 0
github.com/OpenSIN-Code/SIN-Code-Bundle/cmd/sin-code/internal/orchestrator/leases.go:68.2,68.24 1 0
github.com/OpenSIN-Code/SIN-Code-Bundle/cmd/sin-code/internal/orchestrator/leases.go:68.24,70.3 1 0
github.com/OpenSIN-Code/SIN-Code-Bundle/cmd/sin-code/internal/orchestrator/leases.go:72.2,79.20 4 0
github.com/OpenSIN-Code/SIN-Code-Bundle/cmd/sin-code/internal/orchestrator/leases.go:82.61,86.33 4 0
github.com/OpenSIN-Code/SIN-Code-Bundle/cmd/sin-code/internal/orchestrator/leases.go:86.33,88.3 1 0
github.com/OpenSIN-Code/SIN-Code-Bundle/cmd/sin-code/internal/orchestrator/leases.go:89.2,90.12 2 0
github.com/OpenSIN-Code/SIN-Code-Bundle/cmd/sin-code/internal/orchestrator/leases.go:93.63,97.9 4 0
github.com/OpenSIN-Code/SIN-Code-Bundle/cmd/sin-code/internal/orchestrator/leases.go:97.9,99.3 1 0
github.com/OpenSIN-Code/SIN-Code-Bundle/cmd/sin-code/internal/orchestrator/leases.go:100.2,100.26 1 0
github.com/OpenSIN-Code/SIN-Code-Bundle/cmd/sin-code/internal/orchestrator/leases.go:100.26,102.3 1 0
github.com/OpenSIN-Code/SIN-Code-Bundle/cmd/sin-code/internal/orchestrator/leases.go:103.2,104.12 2 0
github.com/OpenSIN-Code/SIN-Code-Bundle/cmd/sin-code/internal/orchestrator/leases.go:107.38,112.25 4 0
github.com/OpenSIN-Code/SIN-Code-Bundle/cmd/sin-code/internal/orchestrator/leases.go:112.25,114.3 1 0
github.com/OpenSIN-Code/SIN-Code-Bundle/cmd/sin-code/internal/orchestrator/leases.go:115.2,116.28 2 0
github.com/OpenSIN-Code/SIN-Code-Bundle/cmd/sin-code/internal/orchestrator/leases.go:116.28,118.3 1 0
github.com/OpenSIN-Code/SIN-Code-Bundle/cmd/sin-code/internal/orchestrator/leases.go:119.2,119.38 1 0
github.com/OpenSIN-Code/SIN-Code-Bundle/cmd/sin-code/internal/orchestrator/leases.go:119.38,119.64 1 0
github.com/OpenSIN-Code/SIN-Code-Bundle/cmd/sin-code/internal/orchestrator/leases.go:121.2,123.25 3 0
github.com/OpenSIN-Code/SIN-Code-Bundle/cmd/sin-code/internal/orchestrator/leases.go:123.25,126.3 2 0
github.com/OpenSIN-Code/SIN-Code-Bundle/cmd/sin-code/internal/orchestrator/leases.go:127.2,128.19 2 0
github.com/OpenSIN-Code/SIN-Code-Bundle/cmd/sin-code/internal/orchestrator/leases.go:131.35,135.2 3 0
github.com/OpenSIN-Code/SIN-Code-Bundle/cmd/sin-code/internal/orchestrator/leases.go:137.38,139.31 2 0
github.com/OpenSIN-Code/SIN-Code-Bundle/cmd/sin-code/internal/orchestrator/leases.go:139.31,140.29 1 0
github.com/OpenSIN-Code/SIN-Code-Bundle/cmd/sin-code/internal/orchestrator/leases.go:140.29,142.4 1 0
github.com/OpenSIN-Code/SIN-Code-Bundle/cmd/sin-code/internal/orchestrator/leases.go:146.37,147.12 1 0
github.com/OpenSIN-Code/SIN-Code-Bundle/cmd/sin-code/internal/orchestrator/leases.go:147.12,149.3 1 0
github.com/OpenSIN-Code/SIN-Code-Bundle/cmd/sin-code/internal/orchestrator/leases.go:150.2,151.60 2 0
github.com/OpenSIN-Code/SIN-Code-Bundle/cmd/sin-code/internal/orchestrator/leases.go:151.60,153.3 1 0
github.com/OpenSIN-Code/SIN-Code-Bundle/cmd/sin-code/internal/orchestrator/leases.go:154.2,154.60 1 0
github.com/OpenSIN-Code/SIN-Code-Bundle/cmd/sin-code/internal/orchestrator/leases.go:154.60,156.3 1 0
github.com/OpenSIN-Code/SIN-Code-Bundle/cmd/sin-code/internal/orchestrator/leases.go:157.2,157.37 1 0
github.com/OpenSIN-Code/SIN-Code-Bundle/cmd/sin-code/internal/orchestrator/leases.go:157.37,159.3 1 0
github.com/OpenSIN-Code/SIN-Code-Bundle/cmd/sin-code/internal/orchestrator/leases.go:160.2,160.37 1 0
github.com/OpenSIN-Code/SIN-Code-Bundle/cmd/sin-code/internal/orchestrator/leases.go:160.37,162.3 1 0
github.com/OpenSIN-Code/SIN-Code-Bundle/cmd/sin-code/internal/orchestrator/leases.go:163.2,163.14 1 0
github.com/OpenSIN-Code/SIN-Code-Bundle/cmd/sin-code/internal/orchestrator/leases.go:166.43,171.2 4 0
github.com/OpenSIN-Code/SIN-Code-Bundle/cmd/sin-code/internal/orchestrator/macros.go:39.88,42.23 2 0
github.com/OpenSIN-Code/SIN-Code-Bundle/cmd/sin-code/internal/orchestrator/macros.go:42.23,44.40 2 0
github.com/OpenSIN-Code/SIN-Code-Bundle/cmd/sin-code/internal/orchestrator/macros.go:44.40,47.4 2 0
github.com/OpenSIN-Code/SIN-Code-Bundle/cmd/sin-code/internal/orchestrator/macros.go:48.3,48.26 1 0
github.com/OpenSIN-Code/SIN-Code-Bundle/cmd/sin-code/internal/orchestrator/macros.go:48.26,51.33 3 0
github.com/OpenSIN-Code/SIN-Code-Bundle/cmd/sin-code/internal/orchestrator/macros.go:51.33,53.5 1 0
github.com/OpenSIN-Code/SIN-Code-Bundle/cmd/sin-code/internal/orchestrator/macros.go:54.4,56.19 3 0
github.com/OpenSIN-Code/SIN-Code-Bundle/cmd/sin-code/internal/orchestrator/macros.go:60.2,61.15 2 0
github.com/OpenSIN-Code/SIN-Code-Bundle/cmd/sin-code/internal/orchestrator/macros.go:61.15,61.37 1 0
github.com/OpenSIN-Code/SIN-Code-Bundle/cmd/sin-code/internal/orchestrator/macros.go:63.2,63.39 1 0
github.com/OpenSIN-Code/SIN-Code-Bundle/cmd/sin-code/internal/orchestrator/macros.go:63.39,64.54 1 0
github.com/OpenSIN-Code/SIN-Code-Bundle/cmd/sin-code/internal/orchestrator/macros.go:64.54,67.4 2 0
github.com/OpenSIN-Code/SIN-Code-Bundle/cmd/sin-code/internal/orchestrator/macros.go:70.2,70.23 1 0
github.com/OpenSIN-Code/SIN-Code-Bundle/cmd/sin-code/internal/orchestrator/macros.go:70.23,72.3 1 0
github.com/OpenSIN-Code/SIN-Code-Bundle/cmd/sin-code/internal/orchestrator/macros.go:73.2,78.21 4 0
github.com/OpenSIN-Code/SIN-Code-Bundle/cmd/sin-code/internal/orchestrator/macros.go:78.21,84.3 3 0
github.com/OpenSIN-Code/SIN-Code-Bundle/cmd/sin-code/internal/orchestrator/macros.go:86.2,86.37 1 0
github.com/OpenSIN-Code/SIN-Code-Bundle/cmd/sin-code/internal/orchestrator/macros.go:86.37,88.3 1 0
github.com/OpenSIN-Code/SIN-Code-Bundle/cmd/sin-code/internal/orchestrator/macros.go:89.2,92.20 3 0
github.com/OpenSIN-Code/SIN-Code-Bundle/cmd/sin-code/internal/orchestrator/macros.go:92.20,93.84 1 0
github.com/OpenSIN-Code/SIN-Code-Bundle/cmd/sin-code/internal/orchestrator/macros.go:93.84,95.4 1 0
github.com/OpenSIN-Code/SIN-Code-Bundle/cmd/sin-code/internal/orchestrator/macros.go:97.2,98.17 2 0
github.com/OpenSIN-Code/SIN-Code-Bundle/cmd/sin-code/internal/orchestrator/macros.go:101.90,103.27 2 0
github.com/OpenSIN-Code/SIN-Code-Bundle/cmd/sin-code/internal/orchestrator/macros.go:103.27,105.3 1 0
github.com/OpenSIN-Code/SIN-Code-Bundle/cmd/sin-code/internal/orchestrator/macros.go:106.2,107.50 2 0
github.com/OpenSIN-Code/SIN-Code-Bundle/cmd/sin-code/internal/orchestrator/macros.go:107.50,109.61 2 0
github.com/OpenSIN-Code/SIN-Code-Bundle/cmd/sin-code/internal/orchestrator/macros.go:109.61,111.4 1 0
github.com/OpenSIN-Code/SIN-Code-Bundle/cmd/sin-code/internal/orchestrator/macros.go:114.2,115.46 2 0
github.com/OpenSIN-Code/SIN-Code-Bundle/cmd/sin-code/internal/orchestrator/macros.go:115.46,116.17 1 0
github.com/OpenSIN-Code/SIN-Code-Bundle/cmd/sin-code/internal/orchestrator/macros.go:116.17,117.18 1 0
github.com/OpenSIN-Code/SIN-Code-Bundle/cmd/sin-code/internal/orchestrator/macros.go:117.18,119.5 1 0
github.com/OpenSIN-Code/SIN-Code-Bundle/cmd/sin-code/internal/orchestrator/macros.go:121.3,121.18 1 0
github.com/OpenSIN-Code/SIN-Code-Bundle/cmd/sin-code/internal/orchestrator/macros.go:124.2,124.37 1 0
github.com/OpenSIN-Code/SIN-Code-Bundle/cmd/sin-code/internal/orchestrator/macros.go:124.37,126.3 1 0
github.com/OpenSIN-Code/SIN-Code-Bundle/cmd/sin-code/internal/orchestrator/macros.go:128.2,130.25 3 0
github.com/OpenSIN-Code/SIN-Code-Bundle/cmd/sin-code/internal/orchestrator/macros.go:130.25,131.26 1 0
github.com/OpenSIN-Code/SIN-Code-Bundle/cmd/sin-code/internal/orchestrator/macros.go:131.26,133.9 2 0
github.com/OpenSIN-Code/SIN-Code-Bundle/cmd/sin-code/internal/orchestrator/macros.go:136.2,136.40 1 0
github.com/OpenSIN-Code/SIN-Code-Bundle/cmd/sin-code/internal/orchestrator/macros.go:136.40,138.74 2 0
github.com/OpenSIN-Code/SIN-Code-Bundle/cmd/sin-code/internal/orchestrator/macros.go:138.74,141.4 2 0
github.com/OpenSIN-Code/SIN-Code-Bundle/cmd/sin-code/internal/orchestrator/macros.go:143.2,143.17 1 0
github.com/OpenSIN-Code/SIN-Code-Bundle/cmd/sin-code/internal/orchestrator/miner.go:41.38,43.31 2 0
github.com/OpenSIN-Code/SIN-Code-Bundle/cmd/sin-code/internal/orchestrator/miner.go:43.31,45.3 1 0
github.com/OpenSIN-Code/SIN-Code-Bundle/cmd/sin-code/internal/orchestrator/miner.go:46.2,46.34 1 0
github.com/OpenSIN-Code/SIN-Code-Bundle/cmd/sin-code/internal/orchestrator/miner.go:57.43,58.15 1 0
github.com/OpenSIN-Code/SIN-Code-Bundle/cmd/sin-code/internal/orchestrator/miner.go:58.15,60.3 1 0
github.com/OpenSIN-Code/SIN-Code-Bundle/cmd/sin-code/internal/orchestrator/miner.go:61.2,79.43 2 0
github.com/OpenSIN-Code/SIN-Code-Bundle/cmd/sin-code/internal/orchestrator/miner.go:79.43,81.3 1 0
github.com/OpenSIN-Code/SIN-Code-Bundle/cmd/sin-code/internal/orchestrator/miner.go:82.2,82.92 1 0
github.com/OpenSIN-Code/SIN-Code-Bundle/cmd/sin-code/internal/orchestrator/miner.go:85.74,86.29 1 0
github.com/OpenSIN-Code/SIN-Code-Bundle/cmd/sin-code/internal/orchestrator/miner.go:86.29,88.3 1 0
github.com/OpenSIN-Code/SIN-Code-Bundle/cmd/sin-code/internal/orchestrator/miner.go:89.2,90.16 2 0
github.com/OpenSIN-Code/SIN-Code-Bundle/cmd/sin-code/internal/orchestrator/miner.go:90.16,92.3 1 0
github.com/OpenSIN-Code/SIN-Code-Bundle/cmd/sin-code/internal/orchestrator/miner.go:93.2,97.12 2 0
github.com/OpenSIN-Code/SIN-Code-Bundle/cmd/sin-code/internal/orchestrator/miner.go:100.86,101.29 1 0
github.com/OpenSIN-Code/SIN-Code-Bundle/cmd/sin-code/internal/orchestrator/miner.go:101.29,103.3 1 0
github.com/OpenSIN-Code/SIN-Code-Bundle/cmd/sin-code/internal/orchestrator/miner.go:104.2,105.16 2 0
github.com/OpenSIN-Code/SIN-Code-Bundle/cmd/sin-code/internal/orchestrator/miner.go:105.16,107.3 1 0
github.com/OpenSIN-Code/SIN-Code-Bundle/cmd/sin-code/internal/orchestrator/miner.go:108.2,108.34 1 0
github.com/OpenSIN-Code/SIN-Code-Bundle/cmd/sin-code/internal/orchestrator/miner.go:108.34,110.3 1 0
github.com/OpenSIN-Code/SIN-Code-Bundle/cmd/sin-code/internal/orchestrator/miner.go:112.2,116.30 4 0
github.com/OpenSIN-Code/SIN-Code-Bundle/cmd/sin-code/internal/orchestrator/miner.go:116.30,119.77 3 0
github.com/OpenSIN-Code/SIN-Code-Bundle/cmd/sin-code/internal/orchestrator/miner.go:119.77,120.47 1 0
github.com/OpenSIN-Code/SIN-Code-Bundle/cmd/sin-code/internal/orchestrator/miner.go:120.47,123.18 3 0
github.com/OpenSIN-Code/SIN-Code-Bundle/cmd/sin-code/internal/orchestrator/miner.go:123.18,124.14 1 0
github.com/OpenSIN-Code/SIN-Code-Bundle/cmd/sin-code/internal/orchestrator/miner.go:126.5,127.27 2 0
github.com/OpenSIN-Code/SIN-Code-Bundle/cmd/sin-code/internal/orchestrator/miner.go:127.27,130.6 2 0
github.com/OpenSIN-Code/SIN-Code-Bundle/cmd/sin-code/internal/orchestrator/miner.go:131.5,132.18 2 0
github.com/OpenSIN-Code/SIN-Code-Bundle/cmd/sin-code/internal/orchestrator/miner.go:132.18,134.6 1 0
github.com/OpenSIN-Code/SIN-Code-Bundle/cmd/sin-code/internal/orchestrator/miner.go:139.2,140.30 2 0
github.com/OpenSIN-Code/SIN-Code-Bundle/cmd/sin-code/internal/orchestrator/miner.go:140.30,142.61 2 0
github.com/OpenSIN-Code/SIN-Code-Bundle/cmd/sin-code/internal/orchestrator/miner.go:142.61,147.4 1 0
github.com/OpenSIN-Code/SIN-Code-Bundle/cmd/sin-code/internal/orchestrator/miner.go:149.2,149.44 1 0
github.com/OpenSIN-Code/SIN-Code-Bundle/cmd/sin-code/internal/orchestrator/miner.go:149.44,151.3 1 0
github.com/OpenSIN-Code/SIN-Code-Bundle/cmd/sin-code/internal/orchestrator/miner.go:152.2,155.30 3 0
github.com/OpenSIN-Code/SIN-Code-Bundle/cmd/sin-code/internal/orchestrator/miner.go:155.30,162.17 3 0
github.com/OpenSIN-Code/SIN-Code-Bundle/cmd/sin-code/internal/orchestrator/miner.go:162.17,164.4 1 0
github.com/OpenSIN-Code/SIN-Code-Bundle/cmd/sin-code/internal/orchestrator/miner.go:165.3,165.42 1 0
github.com/OpenSIN-Code/SIN-Code-Bundle/cmd/sin-code/internal/orchestrator/miner.go:165.42,168.4 2 0
github.com/OpenSIN-Code/SIN-Code-Bundle/cmd/sin-code/internal/orchestrator/miner.go:170.2,170.19 1 0
github.com/OpenSIN-Code/SIN-Code-Bundle/cmd/sin-code/internal/orchestrator/miner.go:173.87,174.29 1 0
github.com/OpenSIN-Code/SIN-Code-Bundle/cmd/sin-code/internal/orchestrator/miner.go:174.29,176.3 1 0
github.com/OpenSIN-Code/SIN-Code-Bundle/cmd/sin-code/internal/orchestrator/miner.go:177.2,178.13 2 0
github.com/OpenSIN-Code/SIN-Code-Bundle/cmd/sin-code/internal/orchestrator/miner.go:178.13,180.3 1 0
github.com/OpenSIN-Code/SIN-Code-Bundle/cmd/sin-code/internal/orchestrator/miner.go:181.2,191.12 2 0
github.com/OpenSIN-Code/SIN-Code-Bundle/cmd/sin-code/internal/orchestrator/miner.go:194.86,195.29 1 0
github.com/OpenSIN-Code/SIN-Code-Bundle/cmd/sin-code/internal/orchestrator/miner.go:195.29,197.3 1 0
github.com/OpenSIN-Code/SIN-Code-Bundle/cmd/sin-code/internal/orchestrator/miner.go:198.2,202.16 2 0
github.com/OpenSIN-Code/SIN-Code-Bundle/cmd/sin-code/internal/orchestrator/miner.go:202.16,204.3 1 0
github.com/OpenSIN-Code/SIN-Code-Bundle/cmd/sin-code/internal/orchestrator/miner.go:205.2,208.18 3 0
github.com/OpenSIN-Code/SIN-Code-Bundle/cmd/sin-code/internal/orchestrator/miner.go:208.18,212.71 4 0
github.com/OpenSIN-Code/SIN-Code-Bundle/cmd/sin-code/internal/orchestrator/miner.go:212.71,214.4 1 0
github.com/OpenSIN-Code/SIN-Code-Bundle/cmd/sin-code/internal/orchestrator/miner.go:215.3,218.25 4 0
github.com/OpenSIN-Code/SIN-Code-Bundle/cmd/sin-code/internal/orchestrator/miner.go:218.25,220.4 1 0
github.com/OpenSIN-Code/SIN-Code-Bundle/cmd/sin-code/internal/orchestrator/miner.go:221.3,222.59 1 0
github.com/OpenSIN-Code/SIN-Code-Bundle/cmd/sin-code/internal/orchestrator/miner.go:224.2,224.18 1 0
github.com/OpenSIN-Code/SIN-Code-Bundle/cmd/sin-code/internal/orchestrator/miner.go:224.18,226.3 1 0
github.com/OpenSIN-Code/SIN-Code-Bundle/cmd/sin-code/internal/orchestrator/miner.go:227.2,227.82 1 0
github.com/OpenSIN-Code/SIN-Code-Bundle/cmd/sin-code/internal/orchestrator/miner.go:230.91,234.16 2 0
github.com/OpenSIN-Code/SIN-Code-Bundle/cmd/sin-code/internal/orchestrator/miner.go:234.16,236.3 1 0
github.com/OpenSIN-Code/SIN-Code-Bundle/cmd/sin-code/internal/orchestrator/miner.go:237.2,239.18 3 0
github.com/OpenSIN-Code/SIN-Code-Bundle/cmd/sin-code/internal/orchestrator/miner.go:239.18,243.65 4 0
github.com/OpenSIN-Code/SIN-Code-Bundle/cmd/sin-code/internal/orchestrator/miner.go:243.65,245.4 1 0
github.com/OpenSIN-Code/SIN-Code-Bundle/cmd/sin-code/internal/orchestrator/miner.go:246.3,249.24 4 0
github.com/OpenSIN-Code/SIN-Code-Bundle/cmd/sin-code/internal/orchestrator/miner.go:251.2,251.24 1 0
github.com/OpenSIN-Code/SIN-Code-Bundle/cmd/sin-code/internal/orchestrator/miner.go:254.36,256.24 2 0
github.com/OpenSIN-Code/SIN-Code-Bundle/cmd/sin-code/internal/orchestrator/miner.go:256.24,258.3 1 0
github.com/OpenSIN-Code/SIN-Code-Bundle/cmd/sin-code/internal/orchestrator/miner.go:259.2,259.34 1 0
github.com/OpenSIN-Code/SIN-Code-Bundle/cmd/sin-code/internal/orchestrator/miner.go:262.58,264.23 2 0
github.com/OpenSIN-Code/SIN-Code-Bundle/cmd/sin-code/internal/orchestrator/miner.go:264.23,266.26 2 0
github.com/OpenSIN-Code/SIN-Code-Bundle/cmd/sin-code/internal/orchestrator/miner.go:266.26,267.46 1 0
github.com/OpenSIN-Code/SIN-Code-Bundle/cmd/sin-code/internal/orchestrator/miner.go:267.46,269.10 2 0
github.com/OpenSIN-Code/SIN-Code-Bundle/cmd/sin-code/internal/orchestrator/miner.go:272.3,272.17 1 0
github.com/OpenSIN-Code/SIN-Code-Bundle/cmd/sin-code/internal/orchestrator/miner.go:272.17,274.4 1 0
github.com/OpenSIN-Code/SIN-Code-Bundle/cmd/sin-code/internal/orchestrator/miner.go:276.2,276.12 1 0
github.com/OpenSIN-Code/SIN-Code-Bundle/cmd/sin-code/internal/orchestrator/model.go:107.34,109.2 1 0
github.com/OpenSIN-Code/SIN-Code-Bundle/cmd/sin-code/internal/orchestrator/model.go:111.60,117.8 6 0
github.com/OpenSIN-Code/SIN-Code-Bundle/cmd/sin-code/internal/orchestrator/model.go:117.8,119.3 1 0
github.com/OpenSIN-Code/SIN-Code-Bundle/cmd/sin-code/internal/orchestrator/model.go:120.2,126.3 1 0
github.com/OpenSIN-Code/SIN-Code-Bundle/cmd/sin-code/internal/orchestrator/model.go:129.58,133.9 4 0
github.com/OpenSIN-Code/SIN-Code-Bundle/cmd/sin-code/internal/orchestrator/model.go:133.9,135.3 1 0
github.com/OpenSIN-Code/SIN-Code-Bundle/cmd/sin-code/internal/orchestrator/model.go:136.2,136.24 1 0
github.com/OpenSIN-Code/SIN-Code-Bundle/cmd/sin-code/internal/orchestrator/model.go:139.60,143.30 4 0
github.com/OpenSIN-Code/SIN-Code-Bundle/cmd/sin-code/internal/orchestrator/model.go:143.30,145.3 1 0
github.com/OpenSIN-Code/SIN-Code-Bundle/cmd/sin-code/internal/orchestrator/model.go:146.2,146.12 1 0
github.com/OpenSIN-Code/SIN-Code-Bundle/cmd/sin-code/internal/orchestrator/model.go:149.47,150.18 1 0
github.com/OpenSIN-Code/SIN-Code-Bundle/cmd/sin-code/internal/orchestrator/model.go:150.18,152.3 1 0
github.com/OpenSIN-Code/SIN-Code-Bundle/cmd/sin-code/internal/orchestrator/model.go:153.2,155.34 3 0
github.com/OpenSIN-Code/SIN-Code-Bundle/cmd/sin-code/internal/orchestrator/model.go:155.34,157.10 2 0
github.com/OpenSIN-Code/SIN-Code-Bundle/cmd/sin-code/internal/orchestrator/model.go:157.10,159.12 2 0
github.com/OpenSIN-Code/SIN-Code-Bundle/cmd/sin-code/internal/orchestrator/model.go:161.3,161.76 1 0
github.com/OpenSIN-Code/SIN-Code-Bundle/cmd/sin-code/internal/orchestrator/model.go:161.76,163.4 1 0
github.com/OpenSIN-Code/SIN-Code-Bundle/cmd/sin-code/internal/orchestrator/model.go:169.39,173.2 3 0
github.com/OpenSIN-Code/SIN-Code-Bundle/cmd/sin-code/internal/orchestrator/mutation.go:33.42,34.33 1 0
github.com/OpenSIN-Code/SIN-Code-Bundle/cmd/sin-code/internal/orchestrator/mutation.go:34.33,36.3 1 0
github.com/OpenSIN-Code/SIN-Code-Bundle/cmd/sin-code/internal/orchestrator/mutation.go:37.2,39.32 3 0
github.com/OpenSIN-Code/SIN-Code-Bundle/cmd/sin-code/internal/orchestrator/mutation.go:39.32,40.16 1 0
github.com/OpenSIN-Code/SIN-Code-Bundle/cmd/sin-code/internal/orchestrator/mutation.go:40.16,42.4 1 0
github.com/OpenSIN-Code/SIN-Code-Bundle/cmd/sin-code/internal/orchestrator/mutation.go:44.2,45.19 2 0
github.com/OpenSIN-Code/SIN-Code-Bundle/cmd/sin-code/internal/orchestrator/mutation.go:66.72,68.2 1 0
github.com/OpenSIN-Code/SIN-Code-Bundle/cmd/sin-code/internal/orchestrator/mutation.go:76.94,80.27 3 0
github.com/OpenSIN-Code/SIN-Code-Bundle/cmd/sin-code/internal/orchestrator/mutation.go:80.27,81.33 1 0
github.com/OpenSIN-Code/SIN-Code-Bundle/cmd/sin-code/internal/orchestrator/mutation.go:81.33,82.9 1 0
github.com/OpenSIN-Code/SIN-Code-Bundle/cmd/sin-code/internal/orchestrator/mutation.go:84.3,84.30 1 0
github.com/OpenSIN-Code/SIN-Code-Bundle/cmd/sin-code/internal/orchestrator/mutation.go:84.30,85.34 1 0
github.com/OpenSIN-Code/SIN-Code-Bundle/cmd/sin-code/internal/orchestrator/mutation.go:85.34,86.13 1 0
github.com/OpenSIN-Code/SIN-Code-Bundle/cmd/sin-code/internal/orchestrator/mutation.go:88.4,89.26 2 0
github.com/OpenSIN-Code/SIN-Code-Bundle/cmd/sin-code/internal/orchestrator/mutation.go:89.26,90.13 1 0
github.com/OpenSIN-Code/SIN-Code-Bundle/cmd/sin-code/internal/orchestrator/mutation.go:93.4,95.18 3 0
github.com/OpenSIN-Code/SIN-Code-Bundle/cmd/sin-code/internal/orchestrator/mutation.go:95.18,97.5 1 0
github.com/OpenSIN-Code/SIN-Code-Bundle/cmd/sin-code/internal/orchestrator/mutation.go:98.4,101.9 4 0
github.com/OpenSIN-Code/SIN-Code-Bundle/cmd/sin-code/internal/orchestrator/mutation.go:105.2,105.34 1 0
github.com/OpenSIN-Code/SIN-Code-Bundle/cmd/sin-code/internal/orchestrator/mutation.go:105.34,106.15 1 0
github.com/OpenSIN-Code/SIN-Code-Bundle/cmd/sin-code/internal/orchestrator/mutation.go:106.15,108.4 1 0
github.com/OpenSIN-Code/SIN-Code-Bundle/cmd/sin-code/internal/orchestrator/mutation.go:108.9,110.4 1 0
github.com/OpenSIN-Code/SIN-Code-Bundle/cmd/sin-code/internal/orchestrator/mutation.go:112.2,112.28 1 0
github.com/OpenSIN-Code/SIN-Code-Bundle/cmd/sin-code/internal/orchestrator/mutation.go:112.28,114.3 1 0
github.com/OpenSIN-Code/SIN-Code-Bundle/cmd/sin-code/internal/orchestrator/mutation.go:114.8,116.3 1 0
github.com/OpenSIN-Code/SIN-Code-Bundle/cmd/sin-code/internal/orchestrator/mutation.go:117.2,117.17 1 0
github.com/OpenSIN-Code/SIN-Code-Bundle/cmd/sin-code/internal/orchestrator/mutation.go:120.117,121.22 1 0
github.com/OpenSIN-Code/SIN-Code-Bundle/cmd/sin-code/internal/orchestrator/mutation.go:121.22,123.3 1 0
github.com/OpenSIN-Code/SIN-Code-Bundle/cmd/sin-code/internal/orchestrator/mutation.go:124.2,126.16 3 0
github.com/OpenSIN-Code/SIN-Code-Bundle/cmd/sin-code/internal/orchestrator/mutation.go:126.16,128.3 1 0
github.com/OpenSIN-Code/SIN-Code-Bundle/cmd/sin-code/internal/orchestrator/mutation.go:129.2,129.15 1 0
github.com/OpenSIN-Code/SIN-Code-Bundle/cmd/sin-code/internal/orchestrator/mutation.go:129.15,130.77 1 0
github.com/OpenSIN-Code/SIN-Code-Bundle/cmd/sin-code/internal/orchestrator/mutation.go:130.77,132.4 1 0
github.com/OpenSIN-Code/SIN-Code-Bundle/cmd/sin-code/internal/orchestrator/mutation.go:135.2,136.45 2 0
github.com/OpenSIN-Code/SIN-Code-Bundle/cmd/sin-code/internal/orchestrator/mutation.go:136.45,138.3 1 0
github.com/OpenSIN-Code/SIN-Code-Bundle/cmd/sin-code/internal/orchestrator/mutation.go:139.2,139.75 1 0
github.com/OpenSIN-Code/SIN-Code-Bundle/cmd/sin-code/internal/orchestrator/mutation.go:139.75,141.3 1 0
github.com/OpenSIN-Code/SIN-Code-Bundle/cmd/sin-code/internal/orchestrator/mutation.go:142.2,143.89 2 0
github.com/OpenSIN-Code/SIN-Code-Bundle/cmd/sin-code/internal/orchestrator/mutation.go:143.89,145.3 1 0
github.com/OpenSIN-Code/SIN-Code-Bundle/cmd/sin-code/internal/orchestrator/mutation.go:147.2,147.26 1 0
github.com/OpenSIN-Code/SIN-Code-Bundle/cmd/sin-code/internal/orchestrator/mutation.go:147.26,149.3 1 0
github.com/OpenSIN-Code/SIN-Code-Bundle/cmd/sin-code/internal/orchestrator/mutation.go:150.2,153.27 4 0
github.com/OpenSIN-Code/SIN-Code-Bundle/cmd/sin-code/internal/orchestrator/mutation.go:156.49,162.48 5 0
github.com/OpenSIN-Code/SIN-Code-Bundle/cmd/sin-code/internal/orchestrator/mutation.go:162.48,163.10 1 0
github.com/OpenSIN-Code/SIN-Code-Bundle/cmd/sin-code/internal/orchestrator/mutation.go:164.41,165.47 1 0
github.com/OpenSIN-Code/SIN-Code-Bundle/cmd/sin-code/internal/orchestrator/mutation.go:166.37,167.53 1 0
github.com/OpenSIN-Code/SIN-Code-Bundle/cmd/sin-code/internal/orchestrator/mutation.go:167.53,169.5 1 0
github.com/OpenSIN-Code/SIN-Code-Bundle/cmd/sin-code/internal/orchestrator/mutation.go:170.70,175.45 3 0
github.com/OpenSIN-Code/SIN-Code-Bundle/cmd/sin-code/internal/orchestrator/mutation.go:175.45,177.5 1 0
github.com/OpenSIN-Code/SIN-Code-Bundle/cmd/sin-code/internal/orchestrator/mutation.go:178.4,178.13 1 0
github.com/OpenSIN-Code/SIN-Code-Bundle/cmd/sin-code/internal/orchestrator/mutation.go:179.36,179.36 0 0
github.com/OpenSIN-Code/SIN-Code-Bundle/cmd/sin-code/internal/orchestrator/mutation.go:180.11,181.13 1 0
github.com/OpenSIN-Code/SIN-Code-Bundle/cmd/sin-code/internal/orchestrator/mutation.go:184.2,184.12 1 0
github.com/OpenSIN-Code/SIN-Code-Bundle/cmd/sin-code/internal/orchestrator/nim_agent.go:23.45,25.2 1 0
github.com/OpenSIN-Code/SIN-Code-Bundle/cmd/sin-code/internal/orchestrator/nim_agent.go:27.75,28.19 1 0
github.com/OpenSIN-Code/SIN-Code-Bundle/cmd/sin-code/internal/orchestrator/nim_agent.go:28.19,30.3 1 0
github.com/OpenSIN-Code/SIN-Code-Bundle/cmd/sin-code/internal/orchestrator/nim_agent.go:31.2,32.24 2 0
github.com/OpenSIN-Code/SIN-Code-Bundle/cmd/sin-code/internal/orchestrator/nim_agent.go:32.24,34.3 1 0
github.com/OpenSIN-Code/SIN-Code-Bundle/cmd/sin-code/internal/orchestrator/nim_agent.go:35.2,35.24 1 0
github.com/OpenSIN-Code/SIN-Code-Bundle/cmd/sin-code/internal/orchestrator/nim_agent.go:35.24,37.3 1 0
github.com/OpenSIN-Code/SIN-Code-Bundle/cmd/sin-code/internal/orchestrator/nim_agent.go:38.2,39.16 2 0
github.com/OpenSIN-Code/SIN-Code-Bundle/cmd/sin-code/internal/orchestrator/nim_agent.go:39.16,41.3 1 0
github.com/OpenSIN-Code/SIN-Code-Bundle/cmd/sin-code/internal/orchestrator/nim_agent.go:42.2,42.39 1 0
github.com/OpenSIN-Code/SIN-Code-Bundle/cmd/sin-code/internal/orchestrator/nim_agent.go:45.36,46.40 1 0
github.com/OpenSIN-Code/SIN-Code-Bundle/cmd/sin-code/internal/orchestrator/nim_agent.go:46.40,48.3 1 0
github.com/OpenSIN-Code/SIN-Code-Bundle/cmd/sin-code/internal/orchestrator/nim_agent.go:49.2,49.39 1 0
github.com/OpenSIN-Code/SIN-Code-Bundle/cmd/sin-code/internal/orchestrator/nim_agent.go:49.39,51.3 1 0
github.com/OpenSIN-Code/SIN-Code-Bundle/cmd/sin-code/internal/orchestrator/nim_agent.go:52.2,52.42 1 0
github.com/OpenSIN-Code/SIN-Code-Bundle/cmd/sin-code/internal/orchestrator/nim_agent.go:52.42,54.3 1 0
github.com/OpenSIN-Code/SIN-Code-Bundle/cmd/sin-code/internal/orchestrator/nim_agent.go:55.2,55.37 1 0
github.com/OpenSIN-Code/SIN-Code-Bundle/cmd/sin-code/internal/orchestrator/nim_agent.go:55.37,57.3 1 0
github.com/OpenSIN-Code/SIN-Code-Bundle/cmd/sin-code/internal/orchestrator/nim_agent.go:58.2,58.11 1 0
github.com/OpenSIN-Code/SIN-Code-Bundle/cmd/sin-code/internal/orchestrator/nim_agent.go:64.45,64.72 1 0
github.com/OpenSIN-Code/SIN-Code-Bundle/cmd/sin-code/internal/orchestrator/nim_agent.go:65.75,67.2 1 0
github.com/OpenSIN-Code/SIN-Code-Bundle/cmd/sin-code/internal/orchestrator/nim_agent.go:69.41,69.62 1 0
github.com/OpenSIN-Code/SIN-Code-Bundle/cmd/sin-code/internal/orchestrator/nim_agent.go:70.41,70.57 1 0
github.com/OpenSIN-Code/SIN-Code-Bundle/cmd/sin-code/internal/orchestrator/nim_agent.go:72.94,73.21 1 0
github.com/OpenSIN-Code/SIN-Code-Bundle/cmd/sin-code/internal/orchestrator/nim_agent.go:73.21,75.3 1 0
github.com/OpenSIN-Code/SIN-Code-Bundle/cmd/sin-code/internal/orchestrator/nim_agent.go:76.2,77.16 2 0
github.com/OpenSIN-Code/SIN-Code-Bundle/cmd/sin-code/internal/orchestrator/nim_agent.go:77.16,79.3 1 0
github.com/OpenSIN-Code/SIN-Code-Bundle/cmd/sin-code/internal/orchestrator/nim_agent.go:81.2,83.38 3 0
github.com/OpenSIN-Code/SIN-Code-Bundle/cmd/sin-code/internal/orchestrator/nim_agent.go:83.38,84.39 1 0
github.com/OpenSIN-Code/SIN-Code-Bundle/cmd/sin-code/internal/orchestrator/nim_agent.go:84.39,86.4 1 0
github.com/OpenSIN-Code/SIN-Code-Bundle/cmd/sin-code/internal/orchestrator/nim_agent.go:89.2,91.75 2 0
github.com/OpenSIN-Code/SIN-Code-Bundle/cmd/sin-code/internal/orchestrator/nim_agent.go:91.75,93.3 1 0
github.com/OpenSIN-Code/SIN-Code-Bundle/cmd/sin-code/internal/orchestrator/nim_agent.go:95.2,101.17 3 0
github.com/OpenSIN-Code/SIN-Code-Bundle/cmd/sin-code/internal/orchestrator/nim_agent.go:101.17,103.3 1 0
github.com/OpenSIN-Code/SIN-Code-Bundle/cmd/sin-code/internal/orchestrator/nim_agent.go:104.2,104.17 1 0
github.com/OpenSIN-Code/SIN-Code-Bundle/cmd/sin-code/internal/orchestrator/nim_agent.go:104.17,106.25 2 0
github.com/OpenSIN-Code/SIN-Code-Bundle/cmd/sin-code/internal/orchestrator/nim_agent.go:106.25,108.4 1 0
github.com/OpenSIN-Code/SIN-Code-Bundle/cmd/sin-code/internal/orchestrator/nim_agent.go:109.3,109.25 1 0
github.com/OpenSIN-Code/SIN-Code-Bundle/cmd/sin-code/internal/orchestrator/nim_agent.go:109.25,111.4 1 0
github.com/OpenSIN-Code/SIN-Code-Bundle/cmd/sin-code/internal/orchestrator/nim_agent.go:112.3,112.66 1 0
github.com/OpenSIN-Code/SIN-Code-Bundle/cmd/sin-code/internal/orchestrator/nim_agent.go:112.66,114.4 1 0
github.com/OpenSIN-Code/SIN-Code-Bundle/cmd/sin-code/internal/orchestrator/nim_agent.go:116.2,116.17 1 0
github.com/OpenSIN-Code/SIN-Code-Bundle/cmd/sin-code/internal/orchestrator/nim_agent.go:116.17,118.3 1 0
github.com/OpenSIN-Code/SIN-Code-Bundle/cmd/sin-code/internal/orchestrator/nim_agent.go:120.2,129.24 2 0
github.com/OpenSIN-Code/SIN-Code-Bundle/cmd/sin-code/internal/orchestrator/nim_agent.go:129.24,131.3 1 0
github.com/OpenSIN-Code/SIN-Code-Bundle/cmd/sin-code/internal/orchestrator/nim_agent.go:133.2,134.16 2 0
github.com/OpenSIN-Code/SIN-Code-Bundle/cmd/sin-code/internal/orchestrator/nim_agent.go:134.16,136.3 1 0
github.com/OpenSIN-Code/SIN-Code-Bundle/cmd/sin-code/internal/orchestrator/nim_agent.go:138.2,143.17 4 0
github.com/OpenSIN-Code/SIN-Code-Bundle/cmd/sin-code/internal/orchestrator/nim_agent.go:146.55,147.28 1 0
github.com/OpenSIN-Code/SIN-Code-Bundle/cmd/sin-code/internal/orchestrator/nim_agent.go:147.28,149.3 1 0
github.com/OpenSIN-Code/SIN-Code-Bundle/cmd/sin-code/internal/orchestrator/nim_agent.go:150.2,155.51 2 0
github.com/OpenSIN-Code/SIN-Code-Bundle/cmd/sin-code/internal/orchestrator/nim_agent.go:155.51,157.3 1 0
github.com/OpenSIN-Code/SIN-Code-Bundle/cmd/sin-code/internal/orchestrator/nim_agent.go:158.2,158.31 1 0
github.com/OpenSIN-Code/SIN-Code-Bundle/cmd/sin-code/internal/orchestrator/nim_agent.go:158.31,159.14 1 0
github.com/OpenSIN-Code/SIN-Code-Bundle/cmd/sin-code/internal/orchestrator/nim_agent.go:159.14,160.12 1 0
github.com/OpenSIN-Code/SIN-Code-Bundle/cmd/sin-code/internal/orchestrator/nim_agent.go:162.3,162.46 1 0
github.com/OpenSIN-Code/SIN-Code-Bundle/cmd/sin-code/internal/orchestrator/nim_agent.go:162.46,164.4 1 0
github.com/OpenSIN-Code/SIN-Code-Bundle/cmd/sin-code/internal/orchestrator/nim_agent.go:166.2,166.37 1 0
github.com/OpenSIN-Code/SIN-Code-Bundle/cmd/sin-code/internal/orchestrator/nim_agent.go:169.49,172.2 1 0
github.com/OpenSIN-Code/SIN-Code-Bundle/cmd/sin-code/internal/orchestrator/nim_agent.go:174.98,180.26 6 0
github.com/OpenSIN-Code/SIN-Code-Bundle/cmd/sin-code/internal/orchestrator/nim_agent.go:180.26,182.3 1 0
github.com/OpenSIN-Code/SIN-Code-Bundle/cmd/sin-code/internal/orchestrator/nim_agent.go:183.2,183.23 1 0
github.com/OpenSIN-Code/SIN-Code-Bundle/cmd/sin-code/internal/orchestrator/nim_agent.go:183.23,186.3 2 0
github.com/OpenSIN-Code/SIN-Code-Bundle/cmd/sin-code/internal/orchestrator/nim_agent.go:187.2,187.27 1 0
github.com/OpenSIN-Code/SIN-Code-Bundle/cmd/sin-code/internal/orchestrator/nim_agent.go:187.27,190.3 2 0
github.com/OpenSIN-Code/SIN-Code-Bundle/cmd/sin-code/internal/orchestrator/nim_agent.go:191.2,191.19 1 0
github.com/OpenSIN-Code/SIN-Code-Bundle/cmd/sin-code/internal/orchestrator/nim_agent.go:194.61,196.16 2 0
github.com/OpenSIN-Code/SIN-Code-Bundle/cmd/sin-code/internal/orchestrator/nim_agent.go:196.16,198.3 1 0
github.com/OpenSIN-Code/SIN-Code-Bundle/cmd/sin-code/internal/orchestrator/nim_agent.go:199.2,201.16 3 0
github.com/OpenSIN-Code/SIN-Code-Bundle/cmd/sin-code/internal/orchestrator/nim_agent.go:201.16,203.3 1 0
github.com/OpenSIN-Code/SIN-Code-Bundle/cmd/sin-code/internal/orchestrator/nim_agent.go:204.2,204.23 1 0
github.com/OpenSIN-Code/SIN-Code-Bundle/cmd/sin-code/internal/orchestrator/orchestrator.go:21.26,35.2 6 0
github.com/OpenSIN-Code/SIN-Code-Bundle/cmd/sin-code/internal/orchestrator/orchestrator.go:37.62,51.2 6 0
github.com/OpenSIN-Code/SIN-Code-Bundle/cmd/sin-code/internal/orchestrator/orchestrator.go:53.100,55.27 2 0
github.com/OpenSIN-Code/SIN-Code-Bundle/cmd/sin-code/internal/orchestrator/orchestrator.go:55.27,57.3 1 0
github.com/OpenSIN-Code/SIN-Code-Bundle/cmd/sin-code/internal/orchestrator/orchestrator.go:58.2,60.25 3 0
github.com/OpenSIN-Code/SIN-Code-Bundle/cmd/sin-code/internal/orchestrator/orchestrator.go:60.25,62.3 1 0
github.com/OpenSIN-Code/SIN-Code-Bundle/cmd/sin-code/internal/orchestrator/orchestrator.go:63.2,64.17 2 0
github.com/OpenSIN-Code/SIN-Code-Bundle/cmd/sin-code/internal/orchestrator/orchestrator.go:64.17,68.3 3 0
github.com/OpenSIN-Code/SIN-Code-Bundle/cmd/sin-code/internal/orchestrator/orchestrator.go:69.2,69.49 1 0
github.com/OpenSIN-Code/SIN-Code-Bundle/cmd/sin-code/internal/orchestrator/orchestrator.go:69.49,71.3 1 0
github.com/OpenSIN-Code/SIN-Code-Bundle/cmd/sin-code/internal/orchestrator/orchestrator.go:72.2,72.42 1 0
github.com/OpenSIN-Code/SIN-Code-Bundle/cmd/sin-code/internal/orchestrator/orchestrator.go:82.45,83.28 1 0
github.com/OpenSIN-Code/SIN-Code-Bundle/cmd/sin-code/internal/orchestrator/orchestrator.go:83.28,83.45 1 0
github.com/OpenSIN-Code/SIN-Code-Bundle/cmd/sin-code/internal/orchestrator/orchestrator.go:86.39,87.28 1 0
github.com/OpenSIN-Code/SIN-Code-Bundle/cmd/sin-code/internal/orchestrator/orchestrator.go:87.28,87.49 1 0
github.com/OpenSIN-Code/SIN-Code-Bundle/cmd/sin-code/internal/orchestrator/orchestrator.go:90.50,92.2 1 0
github.com/OpenSIN-Code/SIN-Code-Bundle/cmd/sin-code/internal/orchestrator/orchestrator.go:94.40,97.2 1 0
github.com/OpenSIN-Code/SIN-Code-Bundle/cmd/sin-code/internal/orchestrator/pipeline.go:41.36,44.30 3 0
github.com/OpenSIN-Code/SIN-Code-Bundle/cmd/sin-code/internal/orchestrator/pipeline.go:44.30,46.19 2 0
github.com/OpenSIN-Code/SIN-Code-Bundle/cmd/sin-code/internal/orchestrator/pipeline.go:46.19,48.4 1 0
github.com/OpenSIN-Code/SIN-Code-Bundle/cmd/sin-code/internal/orchestrator/pipeline.go:49.3,49.91 1 0
github.com/OpenSIN-Code/SIN-Code-Bundle/cmd/sin-code/internal/orchestrator/pipeline.go:51.2,51.14 1 0
github.com/OpenSIN-Code/SIN-Code-Bundle/cmd/sin-code/internal/orchestrator/pipeline.go:51.14,53.3 1 0
github.com/OpenSIN-Code/SIN-Code-Bundle/cmd/sin-code/internal/orchestrator/pipeline.go:54.2,54.19 1 0
github.com/OpenSIN-Code/SIN-Code-Bundle/cmd/sin-code/internal/orchestrator/pipeline.go:57.33,59.30 2 0
github.com/OpenSIN-Code/SIN-Code-Bundle/cmd/sin-code/internal/orchestrator/pipeline.go:59.30,60.19 1 0
github.com/OpenSIN-Code/SIN-Code-Bundle/cmd/sin-code/internal/orchestrator/pipeline.go:60.19,62.4 1 0
github.com/OpenSIN-Code/SIN-Code-Bundle/cmd/sin-code/internal/orchestrator/pipeline.go:64.2,64.10 1 0
github.com/OpenSIN-Code/SIN-Code-Bundle/cmd/sin-code/internal/orchestrator/pipeline.go:72.61,73.22 1 0
github.com/OpenSIN-Code/SIN-Code-Bundle/cmd/sin-code/internal/orchestrator/pipeline.go:73.22,75.3 1 0
github.com/OpenSIN-Code/SIN-Code-Bundle/cmd/sin-code/internal/orchestrator/pipeline.go:76.2,76.35 1 0
github.com/OpenSIN-Code/SIN-Code-Bundle/cmd/sin-code/internal/orchestrator/pipeline.go:76.35,78.31 2 0
github.com/OpenSIN-Code/SIN-Code-Bundle/cmd/sin-code/internal/orchestrator/pipeline.go:78.31,81.4 1 0
github.com/OpenSIN-Code/SIN-Code-Bundle/cmd/sin-code/internal/orchestrator/pipeline.go:83.2,83.48 1 0
github.com/OpenSIN-Code/SIN-Code-Bundle/cmd/sin-code/internal/orchestrator/pipeline.go:86.74,89.29 3 0
github.com/OpenSIN-Code/SIN-Code-Bundle/cmd/sin-code/internal/orchestrator/pipeline.go:89.29,95.17 4 0
github.com/OpenSIN-Code/SIN-Code-Bundle/cmd/sin-code/internal/orchestrator/pipeline.go:95.17,99.4 3 0
github.com/OpenSIN-Code/SIN-Code-Bundle/cmd/sin-code/internal/orchestrator/pipeline.go:100.3,100.12 1 0
github.com/OpenSIN-Code/SIN-Code-Bundle/cmd/sin-code/internal/orchestrator/pipeline.go:102.2,102.19 1 0
github.com/OpenSIN-Code/SIN-Code-Bundle/cmd/sin-code/internal/orchestrator/pipeline.go:112.42,112.59 1 0
github.com/OpenSIN-Code/SIN-Code-Bundle/cmd/sin-code/internal/orchestrator/pipeline.go:113.42,113.75 1 0
github.com/OpenSIN-Code/SIN-Code-Bundle/cmd/sin-code/internal/orchestrator/pipeline.go:114.42,114.62 1 0
github.com/OpenSIN-Code/SIN-Code-Bundle/cmd/sin-code/internal/orchestrator/pipeline.go:116.81,123.31 3 0
github.com/OpenSIN-Code/SIN-Code-Bundle/cmd/sin-code/internal/orchestrator/pipeline.go:123.31,125.13 2 0
github.com/OpenSIN-Code/SIN-Code-Bundle/cmd/sin-code/internal/orchestrator/pipeline.go:125.13,128.4 2 0
github.com/OpenSIN-Code/SIN-Code-Bundle/cmd/sin-code/internal/orchestrator/pipeline.go:130.2,131.23 2 0
github.com/OpenSIN-Code/SIN-Code-Bundle/cmd/sin-code/internal/orchestrator/pipeline.go:131.23,133.19 2 0
github.com/OpenSIN-Code/SIN-Code-Bundle/cmd/sin-code/internal/orchestrator/pipeline.go:133.19,135.4 1 0
github.com/OpenSIN-Code/SIN-Code-Bundle/cmd/sin-code/internal/orchestrator/pipeline.go:136.3,136.20 1 0
github.com/OpenSIN-Code/SIN-Code-Bundle/cmd/sin-code/internal/orchestrator/pipeline.go:138.2,138.22 1 0
github.com/OpenSIN-Code/SIN-Code-Bundle/cmd/sin-code/internal/orchestrator/pipeline.go:141.104,143.2 1 0
github.com/OpenSIN-Code/SIN-Code-Bundle/cmd/sin-code/internal/orchestrator/pipeline.go:150.39,150.75 1 0
github.com/OpenSIN-Code/SIN-Code-Bundle/cmd/sin-code/internal/orchestrator/pipeline.go:151.39,151.66 1 0
github.com/OpenSIN-Code/SIN-Code-Bundle/cmd/sin-code/internal/orchestrator/pipeline.go:152.39,152.67 1 0
github.com/OpenSIN-Code/SIN-Code-Bundle/cmd/sin-code/internal/orchestrator/pipeline.go:154.78,155.36 1 0
github.com/OpenSIN-Code/SIN-Code-Bundle/cmd/sin-code/internal/orchestrator/pipeline.go:155.36,157.3 1 0
github.com/OpenSIN-Code/SIN-Code-Bundle/cmd/sin-code/internal/orchestrator/pipeline.go:158.2,158.29 1 0
github.com/OpenSIN-Code/SIN-Code-Bundle/cmd/sin-code/internal/orchestrator/pipeline.go:161.59,163.2 1 0
github.com/OpenSIN-Code/SIN-Code-Bundle/cmd/sin-code/internal/orchestrator/pipeline.go:171.38,171.60 1 0
github.com/OpenSIN-Code/SIN-Code-Bundle/cmd/sin-code/internal/orchestrator/pipeline.go:172.38,172.53 1 0
github.com/OpenSIN-Code/SIN-Code-Bundle/cmd/sin-code/internal/orchestrator/pipeline.go:173.38,173.54 1 0
github.com/OpenSIN-Code/SIN-Code-Bundle/cmd/sin-code/internal/orchestrator/pipeline.go:174.77,176.2 1 0
github.com/OpenSIN-Code/SIN-Code-Bundle/cmd/sin-code/internal/orchestrator/planner.go:11.48,16.2 1 0
github.com/OpenSIN-Code/SIN-Code-Bundle/cmd/sin-code/internal/orchestrator/planner.go:18.50,21.26 3 0
github.com/OpenSIN-Code/SIN-Code-Bundle/cmd/sin-code/internal/orchestrator/planner.go:21.26,23.3 1 0
github.com/OpenSIN-Code/SIN-Code-Bundle/cmd/sin-code/internal/orchestrator/planner.go:25.2,28.32 3 0
github.com/OpenSIN-Code/SIN-Code-Bundle/cmd/sin-code/internal/orchestrator/planner.go:28.32,40.3 3 0
github.com/OpenSIN-Code/SIN-Code-Bundle/cmd/sin-code/internal/orchestrator/planner.go:42.2,42.36 1 0
github.com/OpenSIN-Code/SIN-Code-Bundle/cmd/sin-code/internal/orchestrator/planner.go:42.36,55.3 4 0
github.com/OpenSIN-Code/SIN-Code-Bundle/cmd/sin-code/internal/orchestrator/planner.go:57.2,57.29 1 0
github.com/OpenSIN-Code/SIN-Code-Bundle/cmd/sin-code/internal/orchestrator/planner.go:57.29,68.3 2 0
github.com/OpenSIN-Code/SIN-Code-Bundle/cmd/sin-code/internal/orchestrator/planner.go:70.2,76.3 1 0
github.com/OpenSIN-Code/SIN-Code-Bundle/cmd/sin-code/internal/orchestrator/planner.go:79.44,80.22 1 0
github.com/OpenSIN-Code/SIN-Code-Bundle/cmd/sin-code/internal/orchestrator/planner.go:80.22,82.3 1 0
github.com/OpenSIN-Code/SIN-Code-Bundle/cmd/sin-code/internal/orchestrator/planner.go:83.2,83.28 1 0
github.com/OpenSIN-Code/SIN-Code-Bundle/cmd/sin-code/internal/orchestrator/planner.go:83.28,84.30 1 0
github.com/OpenSIN-Code/SIN-Code-Bundle/cmd/sin-code/internal/orchestrator/planner.go:84.30,86.4 1 0
github.com/OpenSIN-Code/SIN-Code-Bundle/cmd/sin-code/internal/orchestrator/planner.go:88.2,88.14 1 0
github.com/OpenSIN-Code/SIN-Code-Bundle/cmd/sin-code/internal/orchestrator/planner.go:91.41,92.28 1 0
github.com/OpenSIN-Code/SIN-Code-Bundle/cmd/sin-code/internal/orchestrator/planner.go:92.28,93.45 1 0
github.com/OpenSIN-Code/SIN-Code-Bundle/cmd/sin-code/internal/orchestrator/planner.go:93.45,95.4 1 0
github.com/OpenSIN-Code/SIN-Code-Bundle/cmd/sin-code/internal/orchestrator/planner.go:97.2,97.14 1 0
github.com/OpenSIN-Code/SIN-Code-Bundle/cmd/sin-code/internal/orchestrator/planner.go:100.43,101.16 1 0
github.com/OpenSIN-Code/SIN-Code-Bundle/cmd/sin-code/internal/orchestrator/planner.go:102.22,103.18 1 0
github.com/OpenSIN-Code/SIN-Code-Bundle/cmd/sin-code/internal/orchestrator/planner.go:104.18,105.18 1 0
github.com/OpenSIN-Code/SIN-Code-Bundle/cmd/sin-code/internal/orchestrator/planner.go:106.20,107.20 1 0
github.com/OpenSIN-Code/SIN-Code-Bundle/cmd/sin-code/internal/orchestrator/planner.go:108.18,109.18 1 0
github.com/OpenSIN-Code/SIN-Code-Bundle/cmd/sin-code/internal/orchestrator/planner.go:110.22,111.22 1 0
github.com/OpenSIN-Code/SIN-Code-Bundle/cmd/sin-code/internal/orchestrator/planner.go:112.26,113.23 1 0
github.com/OpenSIN-Code/SIN-Code-Bundle/cmd/sin-code/internal/orchestrator/planner.go:114.10,115.21 1 0
github.com/OpenSIN-Code/SIN-Code-Bundle/cmd/sin-code/internal/orchestrator/planner.go:119.58,120.27 1 0
github.com/OpenSIN-Code/SIN-Code-Bundle/cmd/sin-code/internal/orchestrator/planner.go:120.27,121.19 1 0
github.com/OpenSIN-Code/SIN-Code-Bundle/cmd/sin-code/internal/orchestrator/planner.go:121.19,123.4 1 0
github.com/OpenSIN-Code/SIN-Code-Bundle/cmd/sin-code/internal/orchestrator/planner.go:125.2,125.18 1 0
github.com/OpenSIN-Code/SIN-Code-Bundle/cmd/sin-code/internal/orchestrator/planner.go:128.34,129.16 1 0
github.com/OpenSIN-Code/SIN-Code-Bundle/cmd/sin-code/internal/orchestrator/planner.go:129.16,131.3 1 0
github.com/OpenSIN-Code/SIN-Code-Bundle/cmd/sin-code/internal/orchestrator/planner.go:132.2,132.23 1 0
github.com/OpenSIN-Code/SIN-Code-Bundle/cmd/sin-code/internal/orchestrator/planner.go:135.65,136.16 1 0
github.com/OpenSIN-Code/SIN-Code-Bundle/cmd/sin-code/internal/orchestrator/planner.go:137.22,138.40 1 0
github.com/OpenSIN-Code/SIN-Code-Bundle/cmd/sin-code/internal/orchestrator/planner.go:139.18,140.46 1 0
github.com/OpenSIN-Code/SIN-Code-Bundle/cmd/sin-code/internal/orchestrator/planner.go:141.20,142.37 1 0
github.com/OpenSIN-Code/SIN-Code-Bundle/cmd/sin-code/internal/orchestrator/planner.go:143.18,144.39 1 0
github.com/OpenSIN-Code/SIN-Code-Bundle/cmd/sin-code/internal/orchestrator/planner.go:145.22,146.46 1 0
github.com/OpenSIN-Code/SIN-Code-Bundle/cmd/sin-code/internal/orchestrator/planner.go:147.26,148.40 1 0
github.com/OpenSIN-Code/SIN-Code-Bundle/cmd/sin-code/internal/orchestrator/planner.go:149.10,150.24 1 0
github.com/OpenSIN-Code/SIN-Code-Bundle/cmd/sin-code/internal/orchestrator/registry.go:22.44,27.27 2 0
github.com/OpenSIN-Code/SIN-Code-Bundle/cmd/sin-code/internal/orchestrator/registry.go:27.27,30.3 2 0
github.com/OpenSIN-Code/SIN-Code-Bundle/cmd/sin-code/internal/orchestrator/registry.go:31.2,31.10 1 0
github.com/OpenSIN-Code/SIN-Code-Bundle/cmd/sin-code/internal/orchestrator/registry.go:34.38,37.2 2 0
github.com/OpenSIN-Code/SIN-Code-Bundle/cmd/sin-code/internal/orchestrator/registry.go:39.51,42.2 2 0
github.com/OpenSIN-Code/SIN-Code-Bundle/cmd/sin-code/internal/orchestrator/registry.go:44.55,45.31 1 0
github.com/OpenSIN-Code/SIN-Code-Bundle/cmd/sin-code/internal/orchestrator/registry.go:45.31,46.21 1 0
github.com/OpenSIN-Code/SIN-Code-Bundle/cmd/sin-code/internal/orchestrator/registry.go:46.21,48.4 1 0
github.com/OpenSIN-Code/SIN-Code-Bundle/cmd/sin-code/internal/orchestrator/registry.go:50.2,50.19 1 0
github.com/OpenSIN-Code/SIN-Code-Bundle/cmd/sin-code/internal/orchestrator/registry.go:53.41,55.29 2 0
github.com/OpenSIN-Code/SIN-Code-Bundle/cmd/sin-code/internal/orchestrator/registry.go:55.29,57.3 1 0
github.com/OpenSIN-Code/SIN-Code-Bundle/cmd/sin-code/internal/orchestrator/registry.go:58.2,58.12 1 0
github.com/OpenSIN-Code/SIN-Code-Bundle/cmd/sin-code/internal/orchestrator/registry.go:61.37,63.16 2 0
github.com/OpenSIN-Code/SIN-Code-Bundle/cmd/sin-code/internal/orchestrator/registry.go:63.16,65.3 1 0
github.com/OpenSIN-Code/SIN-Code-Bundle/cmd/sin-code/internal/orchestrator/registry.go:66.2,66.49 1 0
github.com/OpenSIN-Code/SIN-Code-Bundle/cmd/sin-code/internal/orchestrator/registry.go:69.60,70.19 1 0
github.com/OpenSIN-Code/SIN-Code-Bundle/cmd/sin-code/internal/orchestrator/registry.go:70.19,72.3 1 0
github.com/OpenSIN-Code/SIN-Code-Bundle/cmd/sin-code/internal/orchestrator/registry.go:73.2,73.52 1 0
github.com/OpenSIN-Code/SIN-Code-Bundle/cmd/sin-code/internal/orchestrator/registry.go:73.52,75.3 1 0
github.com/OpenSIN-Code/SIN-Code-Bundle/cmd/sin-code/internal/orchestrator/registry.go:76.2,77.16 2 0
github.com/OpenSIN-Code/SIN-Code-Bundle/cmd/sin-code/internal/orchestrator/registry.go:77.16,79.3 1 0
github.com/OpenSIN-Code/SIN-Code-Bundle/cmd/sin-code/internal/orchestrator/registry.go:80.2,81.28 2 0
github.com/OpenSIN-Code/SIN-Code-Bundle/cmd/sin-code/internal/orchestrator/registry.go:81.28,82.17 1 0
github.com/OpenSIN-Code/SIN-Code-Bundle/cmd/sin-code/internal/orchestrator/registry.go:82.17,83.12 1 0
github.com/OpenSIN-Code/SIN-Code-Bundle/cmd/sin-code/internal/orchestrator/registry.go:85.3,86.53 2 0
github.com/OpenSIN-Code/SIN-Code-Bundle/cmd/sin-code/internal/orchestrator/registry.go:86.53,87.12 1 0
github.com/OpenSIN-Code/SIN-Code-Bundle/cmd/sin-code/internal/orchestrator/registry.go:89.3,90.59 2 0
github.com/OpenSIN-Code/SIN-Code-Bundle/cmd/sin-code/internal/orchestrator/registry.go:90.59,92.4 1 0
github.com/OpenSIN-Code/SIN-Code-Bundle/cmd/sin-code/internal/orchestrator/registry.go:93.3,93.21 1 0
github.com/OpenSIN-Code/SIN-Code-Bundle/cmd/sin-code/internal/orchestrator/registry.go:93.21,95.4 1 0
github.com/OpenSIN-Code/SIN-Code-Bundle/cmd/sin-code/internal/orchestrator/registry.go:96.3,96.25 1 0
github.com/OpenSIN-Code/SIN-Code-Bundle/cmd/sin-code/internal/orchestrator/registry.go:98.2,98.17 1 0
github.com/OpenSIN-Code/SIN-Code-Bundle/cmd/sin-code/internal/orchestrator/registry.go:101.20,103.2 1 0
github.com/OpenSIN-Code/SIN-Code-Bundle/cmd/sin-code/internal/orchestrator/registry.go:105.49,106.14 1 0
github.com/OpenSIN-Code/SIN-Code-Bundle/cmd/sin-code/internal/orchestrator/registry.go:106.14,108.3 1 0
github.com/OpenSIN-Code/SIN-Code-Bundle/cmd/sin-code/internal/orchestrator/registry.go:109.2,109.26 1 0
github.com/OpenSIN-Code/SIN-Code-Bundle/cmd/sin-code/internal/orchestrator/registry.go:113.20,114.34 1 0
github.com/OpenSIN-Code/SIN-Code-Bundle/cmd/sin-code/internal/orchestrator/registry.go:114.34,115.24 1 0
github.com/OpenSIN-Code/SIN-Code-Bundle/cmd/sin-code/internal/orchestrator/registry.go:115.24,116.36 1 0
github.com/OpenSIN-Code/SIN-Code-Bundle/cmd/sin-code/internal/orchestrator/registry.go:116.36,118.5 1 0
github.com/OpenSIN-Code/SIN-Code-Bundle/cmd/sin-code/internal/orchestrator/registry.go:121.2,121.40 1 0
github.com/OpenSIN-Code/SIN-Code-Bundle/cmd/sin-code/internal/orchestrator/registry.go:121.40,123.3 1 0
github.com/OpenSIN-Code/SIN-Code-Bundle/cmd/sin-code/internal/orchestrator/registry.go:124.2,124.14 1 0
github.com/OpenSIN-Code/SIN-Code-Bundle/cmd/sin-code/internal/orchestrator/registry.go:127.68,131.29 4 0
github.com/OpenSIN-Code/SIN-Code-Bundle/cmd/sin-code/internal/orchestrator/registry.go:131.29,133.3 1 0
github.com/OpenSIN-Code/SIN-Code-Bundle/cmd/sin-code/internal/orchestrator/registry.go:134.2,134.33 1 0
github.com/OpenSIN-Code/SIN-Code-Bundle/cmd/sin-code/internal/orchestrator/registry.go:134.33,135.41 1 0
github.com/OpenSIN-Code/SIN-Code-Bundle/cmd/sin-code/internal/orchestrator/registry.go:135.41,138.4 2 0
github.com/OpenSIN-Code/SIN-Code-Bundle/cmd/sin-code/internal/orchestrator/registry.go:138.9,140.4 1 0
github.com/OpenSIN-Code/SIN-Code-Bundle/cmd/sin-code/internal/orchestrator/registry.go:142.2,142.27 1 0
github.com/OpenSIN-Code/SIN-Code-Bundle/cmd/sin-code/internal/orchestrator/registry.go:142.27,144.3 1 0
github.com/OpenSIN-Code/SIN-Code-Bundle/cmd/sin-code/internal/orchestrator/registry.go:145.2,145.28 1 0
github.com/OpenSIN-Code/SIN-Code-Bundle/cmd/sin-code/internal/orchestrator/registry.go:148.58,149.32 1 0
github.com/OpenSIN-Code/SIN-Code-Bundle/cmd/sin-code/internal/orchestrator/registry.go:149.32,151.3 1 0
github.com/OpenSIN-Code/SIN-Code-Bundle/cmd/sin-code/internal/orchestrator/registry.go:152.2,152.26 1 0
github.com/OpenSIN-Code/SIN-Code-Bundle/cmd/sin-code/internal/orchestrator/registry.go:152.26,154.3 1 0
github.com/OpenSIN-Code/SIN-Code-Bundle/cmd/sin-code/internal/orchestrator/registry.go:155.2,155.29 1 0
github.com/OpenSIN-Code/SIN-Code-Bundle/cmd/sin-code/internal/orchestrator/registry.go:155.29,157.3 1 0
github.com/OpenSIN-Code/SIN-Code-Bundle/cmd/sin-code/internal/orchestrator/registry.go:158.2,158.31 1 0
github.com/OpenSIN-Code/SIN-Code-Bundle/cmd/sin-code/internal/orchestrator/registry.go:158.31,160.3 1 0
github.com/OpenSIN-Code/SIN-Code-Bundle/cmd/sin-code/internal/orchestrator/registry.go:161.2,161.31 1 0
github.com/OpenSIN-Code/SIN-Code-Bundle/cmd/sin-code/internal/orchestrator/registry.go:161.31,163.3 1 0
github.com/OpenSIN-Code/SIN-Code-Bundle/cmd/sin-code/internal/orchestrator/registry.go:164.2,164.30 1 0
github.com/OpenSIN-Code/SIN-Code-Bundle/cmd/sin-code/internal/orchestrator/registry.go:164.30,166.3 1 0
github.com/OpenSIN-Code/SIN-Code-Bundle/cmd/sin-code/internal/orchestrator/registry.go:167.2,167.34 1 0
github.com/OpenSIN-Code/SIN-Code-Bundle/cmd/sin-code/internal/orchestrator/registry.go:167.34,169.3 1 0
github.com/OpenSIN-Code/SIN-Code-Bundle/cmd/sin-code/internal/orchestrator/registry.go:170.2,170.33 1 0
github.com/OpenSIN-Code/SIN-Code-Bundle/cmd/sin-code/internal/orchestrator/registry.go:170.33,172.3 1 0
github.com/OpenSIN-Code/SIN-Code-Bundle/cmd/sin-code/internal/orchestrator/registry.go:173.2,173.29 1 0
github.com/OpenSIN-Code/SIN-Code-Bundle/cmd/sin-code/internal/orchestrator/registry.go:173.29,175.3 1 0
github.com/OpenSIN-Code/SIN-Code-Bundle/cmd/sin-code/internal/orchestrator/registry.go:176.2,176.33 1 0
github.com/OpenSIN-Code/SIN-Code-Bundle/cmd/sin-code/internal/orchestrator/registry.go:176.33,178.3 1 0
github.com/OpenSIN-Code/SIN-Code-Bundle/cmd/sin-code/internal/orchestrator/registry.go:179.2,179.13 1 0
github.com/OpenSIN-Code/SIN-Code-Bundle/cmd/sin-code/internal/orchestrator/router.go:15.26,49.2 1 0
github.com/OpenSIN-Code/SIN-Code-Bundle/cmd/sin-code/internal/orchestrator/router.go:51.49,54.40 3 0
github.com/OpenSIN-Code/SIN-Code-Bundle/cmd/sin-code/internal/orchestrator/router.go:54.40,55.27 1 0
github.com/OpenSIN-Code/SIN-Code-Bundle/cmd/sin-code/internal/orchestrator/router.go:55.27,56.30 1 0
github.com/OpenSIN-Code/SIN-Code-Bundle/cmd/sin-code/internal/orchestrator/router.go:56.30,58.5 1 0
github.com/OpenSIN-Code/SIN-Code-Bundle/cmd/sin-code/internal/orchestrator/router.go:61.2,63.36 3 0
github.com/OpenSIN-Code/SIN-Code-Bundle/cmd/sin-code/internal/orchestrator/router.go:63.36,64.18 1 0
github.com/OpenSIN-Code/SIN-Code-Bundle/cmd/sin-code/internal/orchestrator/router.go:64.18,67.4 2 0
github.com/OpenSIN-Code/SIN-Code-Bundle/cmd/sin-code/internal/orchestrator/router.go:68.3,68.43 1 0
github.com/OpenSIN-Code/SIN-Code-Bundle/cmd/sin-code/internal/orchestrator/router.go:68.43,70.4 1 0
github.com/OpenSIN-Code/SIN-Code-Bundle/cmd/sin-code/internal/orchestrator/router.go:72.2,72.13 1 0
github.com/OpenSIN-Code/SIN-Code-Bundle/cmd/sin-code/internal/orchestrator/router.go:75.53,79.40 4 0
github.com/OpenSIN-Code/SIN-Code-Bundle/cmd/sin-code/internal/orchestrator/router.go:79.40,80.27 1 0
github.com/OpenSIN-Code/SIN-Code-Bundle/cmd/sin-code/internal/orchestrator/router.go:80.27,81.30 1 0
github.com/OpenSIN-Code/SIN-Code-Bundle/cmd/sin-code/internal/orchestrator/router.go:81.30,82.22 1 0
github.com/OpenSIN-Code/SIN-Code-Bundle/cmd/sin-code/internal/orchestrator/router.go:82.22,85.6 2 0
github.com/OpenSIN-Code/SIN-Code-Bundle/cmd/sin-code/internal/orchestrator/router.go:86.5,86.10 1 0
github.com/OpenSIN-Code/SIN-Code-Bundle/cmd/sin-code/internal/orchestrator/router.go:90.2,90.12 1 0
github.com/OpenSIN-Code/SIN-Code-Bundle/cmd/sin-code/internal/orchestrator/semmerge.go:36.63,38.16 2 0
github.com/OpenSIN-Code/SIN-Code-Bundle/cmd/sin-code/internal/orchestrator/semmerge.go:38.16,40.3 1 0
github.com/OpenSIN-Code/SIN-Code-Bundle/cmd/sin-code/internal/orchestrator/semmerge.go:41.2,42.16 2 0
github.com/OpenSIN-Code/SIN-Code-Bundle/cmd/sin-code/internal/orchestrator/semmerge.go:42.16,44.3 1 0
github.com/OpenSIN-Code/SIN-Code-Bundle/cmd/sin-code/internal/orchestrator/semmerge.go:45.2,46.16 2 0
github.com/OpenSIN-Code/SIN-Code-Bundle/cmd/sin-code/internal/orchestrator/semmerge.go:46.16,48.3 1 0
github.com/OpenSIN-Code/SIN-Code-Bundle/cmd/sin-code/internal/orchestrator/semmerge.go:50.2,55.27 5 0
github.com/OpenSIN-Code/SIN-Code-Bundle/cmd/sin-code/internal/orchestrator/semmerge.go:55.27,60.10 4 0
github.com/OpenSIN-Code/SIN-Code-Bundle/cmd/sin-code/internal/orchestrator/semmerge.go:61.39,62.24 1 0
github.com/OpenSIN-Code/SIN-Code-Bundle/cmd/sin-code/internal/orchestrator/semmerge.go:63.54,64.41 1 0
github.com/OpenSIN-Code/SIN-Code-Bundle/cmd/sin-code/internal/orchestrator/semmerge.go:64.41,66.5 1 0
github.com/OpenSIN-Code/SIN-Code-Bundle/cmd/sin-code/internal/orchestrator/semmerge.go:67.4,67.24 1 0
github.com/OpenSIN-Code/SIN-Code-Bundle/cmd/sin-code/internal/orchestrator/semmerge.go:68.54,69.41 1 0
github.com/OpenSIN-Code/SIN-Code-Bundle/cmd/sin-code/internal/orchestrator/semmerge.go:69.41,71.5 1 0
github.com/OpenSIN-Code/SIN-Code-Bundle/cmd/sin-code/internal/orchestrator/semmerge.go:72.4,72.24 1 0
github.com/OpenSIN-Code/SIN-Code-Bundle/cmd/sin-code/internal/orchestrator/semmerge.go:73.50,74.12 1 0
github.com/OpenSIN-Code/SIN-Code-Bundle/cmd/sin-code/internal/orchestrator/semmerge.go:75.50,76.12 1 0
github.com/OpenSIN-Code/SIN-Code-Bundle/cmd/sin-code/internal/orchestrator/semmerge.go:77.11,79.14 2 0
github.com/OpenSIN-Code/SIN-Code-Bundle/cmd/sin-code/internal/orchestrator/semmerge.go:79.14,81.5 1 0
github.com/OpenSIN-Code/SIN-Code-Bundle/cmd/sin-code/internal/orchestrator/semmerge.go:82.4,82.11 1 0
github.com/OpenSIN-Code/SIN-Code-Bundle/cmd/sin-code/internal/orchestrator/semmerge.go:82.11,84.5 1 0
github.com/OpenSIN-Code/SIN-Code-Bundle/cmd/sin-code/internal/orchestrator/semmerge.go:85.4,85.11 1 0
github.com/OpenSIN-Code/SIN-Code-Bundle/cmd/sin-code/internal/orchestrator/semmerge.go:85.11,87.5 1 0
github.com/OpenSIN-Code/SIN-Code-Bundle/cmd/sin-code/internal/orchestrator/semmerge.go:88.4,89.12 2 0
github.com/OpenSIN-Code/SIN-Code-Bundle/cmd/sin-code/internal/orchestrator/semmerge.go:92.3,92.10 1 0
github.com/OpenSIN-Code/SIN-Code-Bundle/cmd/sin-code/internal/orchestrator/semmerge.go:93.15,94.23 1 0
github.com/OpenSIN-Code/SIN-Code-Bundle/cmd/sin-code/internal/orchestrator/semmerge.go:95.12,96.31 1 0
github.com/OpenSIN-Code/SIN-Code-Bundle/cmd/sin-code/internal/orchestrator/semmerge.go:97.11,98.31 1 0
github.com/OpenSIN-Code/SIN-Code-Bundle/cmd/sin-code/internal/orchestrator/semmerge.go:102.2,102.28 1 0
github.com/OpenSIN-Code/SIN-Code-Bundle/cmd/sin-code/internal/orchestrator/semmerge.go:102.28,104.3 1 0
github.com/OpenSIN-Code/SIN-Code-Bundle/cmd/sin-code/internal/orchestrator/semmerge.go:106.2,116.24 5 0
github.com/OpenSIN-Code/SIN-Code-Bundle/cmd/sin-code/internal/orchestrator/semmerge.go:116.24,121.3 1 0
github.com/OpenSIN-Code/SIN-Code-Bundle/cmd/sin-code/internal/orchestrator/semmerge.go:122.2,123.28 2 0
github.com/OpenSIN-Code/SIN-Code-Bundle/cmd/sin-code/internal/orchestrator/semmerge.go:123.28,126.3 2 0
github.com/OpenSIN-Code/SIN-Code-Bundle/cmd/sin-code/internal/orchestrator/semmerge.go:128.2,129.16 2 0
github.com/OpenSIN-Code/SIN-Code-Bundle/cmd/sin-code/internal/orchestrator/semmerge.go:129.16,131.3 1 0
github.com/OpenSIN-Code/SIN-Code-Bundle/cmd/sin-code/internal/orchestrator/semmerge.go:132.2,133.17 2 0
github.com/OpenSIN-Code/SIN-Code-Bundle/cmd/sin-code/internal/orchestrator/semmerge.go:136.46,140.32 3 0
github.com/OpenSIN-Code/SIN-Code-Bundle/cmd/sin-code/internal/orchestrator/semmerge.go:140.32,143.3 1 0
github.com/OpenSIN-Code/SIN-Code-Bundle/cmd/sin-code/internal/orchestrator/semmerge.go:144.2,145.19 2 0
github.com/OpenSIN-Code/SIN-Code-Bundle/cmd/sin-code/internal/orchestrator/semmerge.go:148.56,151.16 3 0
github.com/OpenSIN-Code/SIN-Code-Bundle/cmd/sin-code/internal/orchestrator/semmerge.go:151.16,153.3 1 0
github.com/OpenSIN-Code/SIN-Code-Bundle/cmd/sin-code/internal/orchestrator/semmerge.go:154.2,155.28 2 0
github.com/OpenSIN-Code/SIN-Code-Bundle/cmd/sin-code/internal/orchestrator/semmerge.go:155.28,157.10 2 0
github.com/OpenSIN-Code/SIN-Code-Bundle/cmd/sin-code/internal/orchestrator/semmerge.go:157.10,158.12 1 0
github.com/OpenSIN-Code/SIN-Code-Bundle/cmd/sin-code/internal/orchestrator/semmerge.go:160.3,162.59 3 0
github.com/OpenSIN-Code/SIN-Code-Bundle/cmd/sin-code/internal/orchestrator/semmerge.go:162.59,164.4 1 0
github.com/OpenSIN-Code/SIN-Code-Bundle/cmd/sin-code/internal/orchestrator/semmerge.go:164.9,164.67 1 0
github.com/OpenSIN-Code/SIN-Code-Bundle/cmd/sin-code/internal/orchestrator/semmerge.go:164.67,166.4 1 0
github.com/OpenSIN-Code/SIN-Code-Bundle/cmd/sin-code/internal/orchestrator/semmerge.go:167.3,167.65 1 0
github.com/OpenSIN-Code/SIN-Code-Bundle/cmd/sin-code/internal/orchestrator/semmerge.go:169.2,169.17 1 0
github.com/OpenSIN-Code/SIN-Code-Bundle/cmd/sin-code/internal/orchestrator/semmerge.go:172.41,173.23 1 0
github.com/OpenSIN-Code/SIN-Code-Bundle/cmd/sin-code/internal/orchestrator/semmerge.go:174.21,175.44 1 0
github.com/OpenSIN-Code/SIN-Code-Bundle/cmd/sin-code/internal/orchestrator/semmerge.go:175.44,177.4 1 0
github.com/OpenSIN-Code/SIN-Code-Bundle/cmd/sin-code/internal/orchestrator/semmerge.go:178.3,178.37 1 0
github.com/OpenSIN-Code/SIN-Code-Bundle/cmd/sin-code/internal/orchestrator/semmerge.go:179.20,180.24 1 0
github.com/OpenSIN-Code/SIN-Code-Bundle/cmd/sin-code/internal/orchestrator/semmerge.go:180.24,181.34 1 0
github.com/OpenSIN-Code/SIN-Code-Bundle/cmd/sin-code/internal/orchestrator/semmerge.go:182.23,183.39 1 0
github.com/OpenSIN-Code/SIN-Code-Bundle/cmd/sin-code/internal/orchestrator/semmerge.go:184.24,185.25 1 0
github.com/OpenSIN-Code/SIN-Code-Bundle/cmd/sin-code/internal/orchestrator/semmerge.go:185.25,187.6 1 0
github.com/OpenSIN-Code/SIN-Code-Bundle/cmd/sin-code/internal/orchestrator/semmerge.go:188.25,189.42 1 0
github.com/OpenSIN-Code/SIN-Code-Bundle/cmd/sin-code/internal/orchestrator/semmerge.go:192.3,192.63 1 0
github.com/OpenSIN-Code/SIN-Code-Bundle/cmd/sin-code/internal/orchestrator/semmerge.go:194.2,194.18 1 0
github.com/OpenSIN-Code/SIN-Code-Bundle/cmd/sin-code/internal/orchestrator/semmerge.go:197.38,198.23 1 0
github.com/OpenSIN-Code/SIN-Code-Bundle/cmd/sin-code/internal/orchestrator/semmerge.go:199.18,200.16 1 0
github.com/OpenSIN-Code/SIN-Code-Bundle/cmd/sin-code/internal/orchestrator/semmerge.go:201.21,202.27 1 0
github.com/OpenSIN-Code/SIN-Code-Bundle/cmd/sin-code/internal/orchestrator/semmerge.go:203.22,204.27 1 0
github.com/OpenSIN-Code/SIN-Code-Bundle/cmd/sin-code/internal/orchestrator/semmerge.go:206.2,206.12 1 0
github.com/OpenSIN-Code/SIN-Code-Bundle/cmd/sin-code/internal/orchestrator/semmerge.go:209.39,210.56 1 0
github.com/OpenSIN-Code/SIN-Code-Bundle/cmd/sin-code/internal/orchestrator/semmerge.go:210.56,211.61 1 0
github.com/OpenSIN-Code/SIN-Code-Bundle/cmd/sin-code/internal/orchestrator/semmerge.go:211.61,213.4 1 0
github.com/OpenSIN-Code/SIN-Code-Bundle/cmd/sin-code/internal/orchestrator/semmerge.go:215.2,215.27 1 0
github.com/OpenSIN-Code/SIN-Code-Bundle/cmd/sin-code/internal/orchestrator/semmerge.go:218.48,221.23 3 0
github.com/OpenSIN-Code/SIN-Code-Bundle/cmd/sin-code/internal/orchestrator/semmerge.go:221.23,222.20 1 0
github.com/OpenSIN-Code/SIN-Code-Bundle/cmd/sin-code/internal/orchestrator/semmerge.go:222.20,223.16 1 0
github.com/OpenSIN-Code/SIN-Code-Bundle/cmd/sin-code/internal/orchestrator/semmerge.go:223.16,226.5 2 0
github.com/OpenSIN-Code/SIN-Code-Bundle/cmd/sin-code/internal/orchestrator/semmerge.go:229.2,229.12 1 0
github.com/OpenSIN-Code/SIN-Code-Bundle/cmd/sin-code/internal/orchestrator/semmerge.go:235.4,236.32 1 0
github.com/OpenSIN-Code/SIN-Code-Bundle/cmd/sin-code/internal/orchestrator/semmerge.go:236.32,237.55 1 0
github.com/OpenSIN-Code/SIN-Code-Bundle/cmd/sin-code/internal/orchestrator/semmerge.go:237.55,239.4 1 0
github.com/OpenSIN-Code/SIN-Code-Bundle/cmd/sin-code/internal/orchestrator/speculative.go:33.79,39.2 1 0
github.com/OpenSIN-Code/SIN-Code-Bundle/cmd/sin-code/internal/orchestrator/speculative.go:46.124,47.22 1 0
github.com/OpenSIN-Code/SIN-Code-Bundle/cmd/sin-code/internal/orchestrator/speculative.go:47.22,49.3 1 0
github.com/OpenSIN-Code/SIN-Code-Bundle/cmd/sin-code/internal/orchestrator/speculative.go:51.2,55.28 4 0
github.com/OpenSIN-Code/SIN-Code-Bundle/cmd/sin-code/internal/orchestrator/speculative.go:55.28,58.13 3 0
github.com/OpenSIN-Code/SIN-Code-Bundle/cmd/sin-code/internal/orchestrator/speculative.go:58.13,61.17 3 0
github.com/OpenSIN-Code/SIN-Code-Bundle/cmd/sin-code/internal/orchestrator/speculative.go:61.17,61.26 1 0
github.com/OpenSIN-Code/SIN-Code-Bundle/cmd/sin-code/internal/orchestrator/speculative.go:62.4,62.61 1 0
github.com/OpenSIN-Code/SIN-Code-Bundle/cmd/sin-code/internal/orchestrator/speculative.go:65.2,68.31 3 0
github.com/OpenSIN-Code/SIN-Code-Bundle/cmd/sin-code/internal/orchestrator/speculative.go:68.31,69.35 1 0
github.com/OpenSIN-Code/SIN-Code-Bundle/cmd/sin-code/internal/orchestrator/speculative.go:69.35,71.4 1 0
github.com/OpenSIN-Code/SIN-Code-Bundle/cmd/sin-code/internal/orchestrator/speculative.go:73.2,76.31 3 0
github.com/OpenSIN-Code/SIN-Code-Bundle/cmd/sin-code/internal/orchestrator/speculative.go:76.31,77.51 1 0
github.com/OpenSIN-Code/SIN-Code-Bundle/cmd/sin-code/internal/orchestrator/speculative.go:77.51,79.9 2 0
github.com/OpenSIN-Code/SIN-Code-Bundle/cmd/sin-code/internal/orchestrator/speculative.go:83.2,83.19 1 0
github.com/OpenSIN-Code/SIN-Code-Bundle/cmd/sin-code/internal/orchestrator/speculative.go:83.19,84.32 1 0
github.com/OpenSIN-Code/SIN-Code-Bundle/cmd/sin-code/internal/orchestrator/speculative.go:84.32,85.38 1 0
github.com/OpenSIN-Code/SIN-Code-Bundle/cmd/sin-code/internal/orchestrator/speculative.go:85.38,86.13 1 0
github.com/OpenSIN-Code/SIN-Code-Bundle/cmd/sin-code/internal/orchestrator/speculative.go:88.4,88.32 1 0
github.com/OpenSIN-Code/SIN-Code-Bundle/cmd/sin-code/internal/orchestrator/speculative.go:91.2,91.20 1 0
github.com/OpenSIN-Code/SIN-Code-Bundle/cmd/sin-code/internal/orchestrator/speculative.go:94.126,99.16 4 0
github.com/OpenSIN-Code/SIN-Code-Bundle/cmd/sin-code/internal/orchestrator/speculative.go:99.16,103.3 3 0
github.com/OpenSIN-Code/SIN-Code-Bundle/cmd/sin-code/internal/orchestrator/speculative.go:104.2,112.10 7 0
github.com/OpenSIN-Code/SIN-Code-Bundle/cmd/sin-code/internal/orchestrator/speculative.go:115.59,117.16 2 0
github.com/OpenSIN-Code/SIN-Code-Bundle/cmd/sin-code/internal/orchestrator/speculative.go:117.16,119.3 1 0
github.com/OpenSIN-Code/SIN-Code-Bundle/cmd/sin-code/internal/orchestrator/speculative.go:120.2,120.32 1 0
github.com/OpenSIN-Code/SIN-Code-Bundle/cmd/sin-code/internal/orchestrator/speculative.go:123.89,125.62 2 0
github.com/OpenSIN-Code/SIN-Code-Bundle/cmd/sin-code/internal/orchestrator/speculative.go:125.62,127.3 1 0
github.com/OpenSIN-Code/SIN-Code-Bundle/cmd/sin-code/internal/orchestrator/speculative.go:128.2,128.22 1 0
github.com/OpenSIN-Code/SIN-Code-Bundle/cmd/sin-code/internal/orchestrator/speculative.go:128.22,129.49 1 0
github.com/OpenSIN-Code/SIN-Code-Bundle/cmd/sin-code/internal/orchestrator/speculative.go:129.49,131.4 1 0
github.com/OpenSIN-Code/SIN-Code-Bundle/cmd/sin-code/internal/orchestrator/speculative.go:132.3,132.18 1 0
github.com/OpenSIN-Code/SIN-Code-Bundle/cmd/sin-code/internal/orchestrator/speculative.go:134.2,136.50 3 0
github.com/OpenSIN-Code/SIN-Code-Bundle/cmd/sin-code/internal/orchestrator/speculative.go:136.50,138.3 1 0
github.com/OpenSIN-Code/SIN-Code-Bundle/cmd/sin-code/internal/orchestrator/speculative.go:139.2,139.17 1 0
github.com/OpenSIN-Code/SIN-Code-Bundle/cmd/sin-code/internal/orchestrator/speculative.go:142.56,143.15 1 0
github.com/OpenSIN-Code/SIN-Code-Bundle/cmd/sin-code/internal/orchestrator/speculative.go:143.15,145.3 1 0
github.com/OpenSIN-Code/SIN-Code-Bundle/cmd/sin-code/internal/orchestrator/speculative.go:146.2,146.22 1 0
github.com/OpenSIN-Code/SIN-Code-Bundle/cmd/sin-code/internal/orchestrator/speculative.go:146.22,150.3 3 0
github.com/OpenSIN-Code/SIN-Code-Bundle/cmd/sin-code/internal/orchestrator/speculative.go:151.2,151.23 1 0
github.com/OpenSIN-Code/SIN-Code-Bundle/cmd/sin-code/internal/orchestrator/speculative.go:154.97,155.44 1 0
github.com/OpenSIN-Code/SIN-Code-Bundle/cmd/sin-code/internal/orchestrator/speculative.go:155.44,157.3 1 0
github.com/OpenSIN-Code/SIN-Code-Bundle/cmd/sin-code/internal/orchestrator/speculative.go:158.2,158.22 1 0
github.com/OpenSIN-Code/SIN-Code-Bundle/cmd/sin-code/internal/orchestrator/speculative.go:158.22,160.3 1 0
github.com/OpenSIN-Code/SIN-Code-Bundle/cmd/sin-code/internal/orchestrator/speculative.go:161.2,164.16 4 0
github.com/OpenSIN-Code/SIN-Code-Bundle/cmd/sin-code/internal/orchestrator/speculative.go:164.16,166.3 1 0
github.com/OpenSIN-Code/SIN-Code-Bundle/cmd/sin-code/internal/orchestrator/speculative.go:167.2,167.20 1 0
github.com/OpenSIN-Code/SIN-Code-Bundle/cmd/sin-code/internal/orchestrator/speculative.go:167.20,169.3 1 0
github.com/OpenSIN-Code/SIN-Code-Bundle/cmd/sin-code/internal/orchestrator/speculative.go:170.2,173.52 4 0
github.com/OpenSIN-Code/SIN-Code-Bundle/cmd/sin-code/internal/orchestrator/speculative.go:173.52,175.3 1 0
github.com/OpenSIN-Code/SIN-Code-Bundle/cmd/sin-code/internal/orchestrator/speculative.go:176.2,176.19 1 0
github.com/OpenSIN-Code/SIN-Code-Bundle/cmd/sin-code/internal/orchestrator/speculative.go:176.19,178.3 1 0
github.com/OpenSIN-Code/SIN-Code-Bundle/cmd/sin-code/internal/orchestrator/speculative.go:179.2,179.26 1 0
github.com/OpenSIN-Code/SIN-Code-Bundle/cmd/sin-code/internal/orchestrator/speculative.go:182.27,183.11 1 0
github.com/OpenSIN-Code/SIN-Code-Bundle/cmd/sin-code/internal/orchestrator/speculative.go:183.11,185.3 1 0
github.com/OpenSIN-Code/SIN-Code-Bundle/cmd/sin-code/internal/orchestrator/speculative.go:186.2,186.10 1 0
github.com/OpenSIN-Code/SIN-Code-Bundle/cmd/sin-code/internal/orchestrator/strategy_router.go:37.41,39.9 2 0
github.com/OpenSIN-Code/SIN-Code-Bundle/cmd/sin-code/internal/orchestrator/strategy_router.go:40.74,41.21 1 0
github.com/OpenSIN-Code/SIN-Code-Bundle/cmd/sin-code/internal/orchestrator/strategy_router.go:42.77,43.23 1 0
github.com/OpenSIN-Code/SIN-Code-Bundle/cmd/sin-code/internal/orchestrator/strategy_router.go:44.97,45.21 1 0
github.com/OpenSIN-Code/SIN-Code-Bundle/cmd/sin-code/internal/orchestrator/strategy_router.go:46.99,47.25 1 0
github.com/OpenSIN-Code/SIN-Code-Bundle/cmd/sin-code/internal/orchestrator/strategy_router.go:48.99,49.21 1 0
github.com/OpenSIN-Code/SIN-Code-Bundle/cmd/sin-code/internal/orchestrator/strategy_router.go:50.10,51.22 1 0
github.com/OpenSIN-Code/SIN-Code-Bundle/cmd/sin-code/internal/orchestrator/strategy_router.go:67.73,69.15 2 0
github.com/OpenSIN-Code/SIN-Code-Bundle/cmd/sin-code/internal/orchestrator/strategy_router.go:69.15,76.44 2 0
github.com/OpenSIN-Code/SIN-Code-Bundle/cmd/sin-code/internal/orchestrator/strategy_router.go:76.44,78.4 1 0
github.com/OpenSIN-Code/SIN-Code-Bundle/cmd/sin-code/internal/orchestrator/strategy_router.go:79.3,79.34 1 0
github.com/OpenSIN-Code/SIN-Code-Bundle/cmd/sin-code/internal/orchestrator/strategy_router.go:79.34,81.4 1 0
github.com/OpenSIN-Code/SIN-Code-Bundle/cmd/sin-code/internal/orchestrator/strategy_router.go:83.2,83.15 1 0
github.com/OpenSIN-Code/SIN-Code-Bundle/cmd/sin-code/internal/orchestrator/strategy_router.go:86.39,88.16 2 0
github.com/OpenSIN-Code/SIN-Code-Bundle/cmd/sin-code/internal/orchestrator/strategy_router.go:88.16,90.3 1 0
github.com/OpenSIN-Code/SIN-Code-Bundle/cmd/sin-code/internal/orchestrator/strategy_router.go:91.2,92.18 2 0
github.com/OpenSIN-Code/SIN-Code-Bundle/cmd/sin-code/internal/orchestrator/strategy_router.go:92.18,95.70 3 0
github.com/OpenSIN-Code/SIN-Code-Bundle/cmd/sin-code/internal/orchestrator/strategy_router.go:95.70,97.4 1 0
github.com/OpenSIN-Code/SIN-Code-Bundle/cmd/sin-code/internal/orchestrator/strategy_router.go:98.3,98.30 1 0
github.com/OpenSIN-Code/SIN-Code-Bundle/cmd/sin-code/internal/orchestrator/strategy_router.go:100.2,100.19 1 0
github.com/OpenSIN-Code/SIN-Code-Bundle/cmd/sin-code/internal/orchestrator/strategy_router.go:103.80,104.26 1 0
github.com/OpenSIN-Code/SIN-Code-Bundle/cmd/sin-code/internal/orchestrator/strategy_router.go:104.26,106.3 1 0
github.com/OpenSIN-Code/SIN-Code-Bundle/cmd/sin-code/internal/orchestrator/strategy_router.go:107.2,111.31 4 0
github.com/OpenSIN-Code/SIN-Code-Bundle/cmd/sin-code/internal/orchestrator/strategy_router.go:111.31,114.22 3 0
github.com/OpenSIN-Code/SIN-Code-Bundle/cmd/sin-code/internal/orchestrator/strategy_router.go:114.22,116.4 1 0
github.com/OpenSIN-Code/SIN-Code-Bundle/cmd/sin-code/internal/orchestrator/strategy_router.go:118.2,118.13 1 0
github.com/OpenSIN-Code/SIN-Code-Bundle/cmd/sin-code/internal/orchestrator/strategy_router.go:121.103,122.14 1 0
github.com/OpenSIN-Code/SIN-Code-Bundle/cmd/sin-code/internal/orchestrator/strategy_router.go:122.14,124.3 1 0
github.com/OpenSIN-Code/SIN-Code-Bundle/cmd/sin-code/internal/orchestrator/strategy_router.go:125.2,127.13 3 0
github.com/OpenSIN-Code/SIN-Code-Bundle/cmd/sin-code/internal/orchestrator/strategy_router.go:127.13,129.3 1 0
github.com/OpenSIN-Code/SIN-Code-Bundle/cmd/sin-code/internal/orchestrator/strategy_router.go:129.8,131.3 1 0
github.com/OpenSIN-Code/SIN-Code-Bundle/cmd/sin-code/internal/orchestrator/strategy_router.go:132.2,135.17 3 0
github.com/OpenSIN-Code/SIN-Code-Bundle/cmd/sin-code/internal/orchestrator/strategy_router.go:135.17,137.3 1 0
github.com/OpenSIN-Code/SIN-Code-Bundle/cmd/sin-code/internal/orchestrator/strategy_router.go:138.2,142.12 2 0
github.com/OpenSIN-Code/SIN-Code-Bundle/cmd/sin-code/internal/orchestrator/strategy_router.go:145.87,150.2 4 0
github.com/OpenSIN-Code/SIN-Code-Bundle/cmd/sin-code/internal/orchestrator/strategy_router.go:152.64,154.30 2 0
github.com/OpenSIN-Code/SIN-Code-Bundle/cmd/sin-code/internal/orchestrator/strategy_router.go:154.30,156.3 1 0
github.com/OpenSIN-Code/SIN-Code-Bundle/cmd/sin-code/internal/orchestrator/strategy_router.go:157.2,159.10 3 0
github.com/OpenSIN-Code/SIN-Code-Bundle/cmd/sin-code/internal/orchestrator/strategy_router.go:162.55,165.14 3 0
github.com/OpenSIN-Code/SIN-Code-Bundle/cmd/sin-code/internal/orchestrator/strategy_router.go:165.14,167.3 1 0
github.com/OpenSIN-Code/SIN-Code-Bundle/cmd/sin-code/internal/orchestrator/strategy_router.go:168.2,168.20 1 0
github.com/OpenSIN-Code/SIN-Code-Bundle/cmd/sin-code/internal/orchestrator/strategy_router.go:171.57,172.15 1 0
github.com/OpenSIN-Code/SIN-Code-Bundle/cmd/sin-code/internal/orchestrator/strategy_router.go:172.15,174.3 1 0
github.com/OpenSIN-Code/SIN-Code-Bundle/cmd/sin-code/internal/orchestrator/strategy_router.go:175.2,177.6 3 0
github.com/OpenSIN-Code/SIN-Code-Bundle/cmd/sin-code/internal/orchestrator/strategy_router.go:177.6,180.13 3 0
github.com/OpenSIN-Code/SIN-Code-Bundle/cmd/sin-code/internal/orchestrator/strategy_router.go:180.13,181.12 1 0
github.com/OpenSIN-Code/SIN-Code-Bundle/cmd/sin-code/internal/orchestrator/strategy_router.go:183.3,185.72 3 0
github.com/OpenSIN-Code/SIN-Code-Bundle/cmd/sin-code/internal/orchestrator/strategy_router.go:185.72,187.4 1 0
github.com/OpenSIN-Code/SIN-Code-Bundle/cmd/sin-code/internal/orchestrator/targeted.go:18.81,20.2 1 0
github.com/OpenSIN-Code/SIN-Code-Bundle/cmd/sin-code/internal/orchestrator/targeted.go:22.71,26.31 3 0
github.com/OpenSIN-Code/SIN-Code-Bundle/cmd/sin-code/internal/orchestrator/targeted.go:26.31,33.3 1 0
github.com/OpenSIN-Code/SIN-Code-Bundle/cmd/sin-code/internal/orchestrator/targeted.go:33.8,40.3 1 0
github.com/OpenSIN-Code/SIN-Code-Bundle/cmd/sin-code/internal/orchestrator/targeted.go:41.2,41.35 1 0
github.com/OpenSIN-Code/SIN-Code-Bundle/cmd/sin-code/internal/orchestrator/targeted.go:41.35,48.3 1 0
github.com/OpenSIN-Code/SIN-Code-Bundle/cmd/sin-code/internal/orchestrator/targeted.go:49.2,49.15 1 0
github.com/OpenSIN-Code/SIN-Code-Bundle/cmd/sin-code/internal/orchestrator/targeted.go:52.51,54.2 1 0
github.com/OpenSIN-Code/SIN-Code-Bundle/cmd/sin-code/internal/orchestrator/targeted.go:56.121,58.18 2 0
github.com/OpenSIN-Code/SIN-Code-Bundle/cmd/sin-code/internal/orchestrator/targeted.go:58.18,60.3 1 0
github.com/OpenSIN-Code/SIN-Code-Bundle/cmd/sin-code/internal/orchestrator/targeted.go:61.2,61.74 1 0
github.com/OpenSIN-Code/SIN-Code-Bundle/cmd/sin-code/internal/orchestrator/targeted.go:64.67,67.46 3 0
github.com/OpenSIN-Code/SIN-Code-Bundle/cmd/sin-code/internal/orchestrator/targeted.go:67.46,69.3 1 0
github.com/OpenSIN-Code/SIN-Code-Bundle/cmd/sin-code/internal/orchestrator/targeted.go:70.2,72.49 1 0
github.com/OpenSIN-Code/SIN-Code-Bundle/cmd/sin-code/internal/orchestrator/txn.go:22.38,24.2 1 0
github.com/OpenSIN-Code/SIN-Code-Bundle/cmd/sin-code/internal/orchestrator/txn.go:26.65,29.33 3 0
github.com/OpenSIN-Code/SIN-Code-Bundle/cmd/sin-code/internal/orchestrator/txn.go:29.33,31.3 1 0
github.com/OpenSIN-Code/SIN-Code-Bundle/cmd/sin-code/internal/orchestrator/txn.go:33.2,34.44 2 0
github.com/OpenSIN-Code/SIN-Code-Bundle/cmd/sin-code/internal/orchestrator/txn.go:34.44,36.10 2 0
github.com/OpenSIN-Code/SIN-Code-Bundle/cmd/sin-code/internal/orchestrator/txn.go:37.19,38.31 1 0
github.com/OpenSIN-Code/SIN-Code-Bundle/cmd/sin-code/internal/orchestrator/txn.go:39.27,40.30 1 0
github.com/OpenSIN-Code/SIN-Code-Bundle/cmd/sin-code/internal/orchestrator/txn.go:41.11,42.58 1 0
github.com/OpenSIN-Code/SIN-Code-Bundle/cmd/sin-code/internal/orchestrator/txn.go:46.2,46.62 1 0
github.com/OpenSIN-Code/SIN-Code-Bundle/cmd/sin-code/internal/orchestrator/txn.go:46.62,48.3 1 0
github.com/OpenSIN-Code/SIN-Code-Bundle/cmd/sin-code/internal/orchestrator/txn.go:49.2,49.58 1 0
github.com/OpenSIN-Code/SIN-Code-Bundle/cmd/sin-code/internal/orchestrator/txn.go:49.58,51.3 1 0
github.com/OpenSIN-Code/SIN-Code-Bundle/cmd/sin-code/internal/orchestrator/txn.go:52.2,52.12 1 0
github.com/OpenSIN-Code/SIN-Code-Bundle/cmd/sin-code/internal/orchestrator/txn.go:55.50,58.33 3 0
github.com/OpenSIN-Code/SIN-Code-Bundle/cmd/sin-code/internal/orchestrator/txn.go:58.33,60.3 1 0
github.com/OpenSIN-Code/SIN-Code-Bundle/cmd/sin-code/internal/orchestrator/txn.go:61.2,62.44 2 0
github.com/OpenSIN-Code/SIN-Code-Bundle/cmd/sin-code/internal/orchestrator/txn.go:62.44,64.17 2 0
github.com/OpenSIN-Code/SIN-Code-Bundle/cmd/sin-code/internal/orchestrator/txn.go:64.17,66.4 1 0
github.com/OpenSIN-Code/SIN-Code-Bundle/cmd/sin-code/internal/orchestrator/txn.go:67.3,67.30 1 0
github.com/OpenSIN-Code/SIN-Code-Bundle/cmd/sin-code/internal/orchestrator/txn.go:69.2,69.23 1 0
github.com/OpenSIN-Code/SIN-Code-Bundle/cmd/sin-code/internal/orchestrator/txn.go:72.36,76.29 4 0
github.com/OpenSIN-Code/SIN-Code-Bundle/cmd/sin-code/internal/orchestrator/txn.go:76.29,78.3 1 0
github.com/OpenSIN-Code/SIN-Code-Bundle/cmd/sin-code/internal/orchestrator/txn.go:79.2,79.12 1 0
github.com/OpenSIN-Code/SIN-Code-Bundle/cmd/sin-code/internal/orchestrator/txn.go:82.32,85.18 3 0
github.com/OpenSIN-Code/SIN-Code-Bundle/cmd/sin-code/internal/orchestrator/txn.go:85.18,87.3 1 0
github.com/OpenSIN-Code/SIN-Code-Bundle/cmd/sin-code/internal/orchestrator/txn.go:88.2,90.12 3 0
github.com/OpenSIN-Code/SIN-Code-Bundle/cmd/sin-code/internal/orchestrator/txn.go:93.34,96.33 3 0
github.com/OpenSIN-Code/SIN-Code-Bundle/cmd/sin-code/internal/orchestrator/txn.go:96.33,98.3 1 0
github.com/OpenSIN-Code/SIN-Code-Bundle/cmd/sin-code/internal/orchestrator/txn.go:99.2,100.37 2 0
github.com/OpenSIN-Code/SIN-Code-Bundle/cmd/sin-code/internal/orchestrator/txn.go:100.37,103.18 3 0
github.com/OpenSIN-Code/SIN-Code-Bundle/cmd/sin-code/internal/orchestrator/txn.go:103.18,105.26 2 0
github.com/OpenSIN-Code/SIN-Code-Bundle/cmd/sin-code/internal/orchestrator/txn.go:105.26,107.5 1 0
github.com/OpenSIN-Code/SIN-Code-Bundle/cmd/sin-code/internal/orchestrator/txn.go:108.9,110.4 1 0
github.com/OpenSIN-Code/SIN-Code-Bundle/cmd/sin-code/internal/orchestrator/txn.go:111.3,111.36 1 0
github.com/OpenSIN-Code/SIN-Code-Bundle/cmd/sin-code/internal/orchestrator/txn.go:111.36,113.4 1 0
github.com/OpenSIN-Code/SIN-Code-Bundle/cmd/sin-code/internal/orchestrator/txn.go:115.2,116.17 2 0
github.com/OpenSIN-Code/SIN-Code-Bundle/cmd/sin-code/internal/orchestrator/verifier.go:59.38,62.30 3 0
github.com/OpenSIN-Code/SIN-Code-Bundle/cmd/sin-code/internal/orchestrator/verifier.go:62.30,63.15 1 0
github.com/OpenSIN-Code/SIN-Code-Bundle/cmd/sin-code/internal/orchestrator/verifier.go:63.15,64.12 1 0
github.com/OpenSIN-Code/SIN-Code-Bundle/cmd/sin-code/internal/orchestrator/verifier.go:66.3,68.80 3 0
github.com/OpenSIN-Code/SIN-Code-Bundle/cmd/sin-code/internal/orchestrator/verifier.go:70.2,70.16 1 0
github.com/OpenSIN-Code/SIN-Code-Bundle/cmd/sin-code/internal/orchestrator/verifier.go:70.16,72.3 1 0
github.com/OpenSIN-Code/SIN-Code-Bundle/cmd/sin-code/internal/orchestrator/verifier.go:73.2,74.46 1 0
github.com/OpenSIN-Code/SIN-Code-Bundle/cmd/sin-code/internal/orchestrator/verifier.go:82.44,87.2 1 0
github.com/OpenSIN-Code/SIN-Code-Bundle/cmd/sin-code/internal/orchestrator/verifier.go:89.100,92.38 3 0
github.com/OpenSIN-Code/SIN-Code-Bundle/cmd/sin-code/internal/orchestrator/verifier.go:92.38,94.3 1 0
github.com/OpenSIN-Code/SIN-Code-Bundle/cmd/sin-code/internal/orchestrator/verifier.go:96.2,99.27 3 0
github.com/OpenSIN-Code/SIN-Code-Bundle/cmd/sin-code/internal/orchestrator/verifier.go:99.27,104.13 4 0
github.com/OpenSIN-Code/SIN-Code-Bundle/cmd/sin-code/internal/orchestrator/verifier.go:104.13,106.4 1 0
github.com/OpenSIN-Code/SIN-Code-Bundle/cmd/sin-code/internal/orchestrator/verifier.go:107.3,108.17 2 0
github.com/OpenSIN-Code/SIN-Code-Bundle/cmd/sin-code/internal/orchestrator/verifier.go:108.17,110.4 1 0
github.com/OpenSIN-Code/SIN-Code-Bundle/cmd/sin-code/internal/orchestrator/verifier.go:110.9,110.31 1 0
github.com/OpenSIN-Code/SIN-Code-Bundle/cmd/sin-code/internal/orchestrator/verifier.go:110.31,112.4 1 0
github.com/OpenSIN-Code/SIN-Code-Bundle/cmd/sin-code/internal/orchestrator/verifier.go:115.2,115.21 1 0
github.com/OpenSIN-Code/SIN-Code-Bundle/cmd/sin-code/internal/orchestrator/verifier.go:115.21,117.3 1 0
github.com/OpenSIN-Code/SIN-Code-Bundle/cmd/sin-code/internal/orchestrator/verifier.go:118.2,119.10 2 0
github.com/OpenSIN-Code/SIN-Code-Bundle/cmd/sin-code/internal/orchestrator/verifier.go:122.72,124.18 2 0
github.com/OpenSIN-Code/SIN-Code-Bundle/cmd/sin-code/internal/orchestrator/verifier.go:124.18,126.3 1 0
github.com/OpenSIN-Code/SIN-Code-Bundle/cmd/sin-code/internal/orchestrator/verifier.go:127.2,131.21 4 0
github.com/OpenSIN-Code/SIN-Code-Bundle/cmd/sin-code/internal/orchestrator/verifier.go:131.21,133.3 1 0
github.com/OpenSIN-Code/SIN-Code-Bundle/cmd/sin-code/internal/orchestrator/verifier.go:134.2,142.3 4 0
github.com/OpenSIN-Code/SIN-Code-Bundle/cmd/sin-code/internal/orchestrator/verifier.go:145.32,151.2 1 0
github.com/OpenSIN-Code/SIN-Code-Bundle/cmd/sin-code/internal/orchestrator/verifier.go:153.48,154.24 1 0
github.com/OpenSIN-Code/SIN-Code-Bundle/cmd/sin-code/internal/orchestrator/verifier.go:154.24,156.3 1 0
github.com/OpenSIN-Code/SIN-Code-Bundle/cmd/sin-code/internal/orchestrator/verifier.go:157.2,159.47 3 0
github.com/OpenSIN-Code/SIN-Code-Bundle/cmd/sin-code/internal/orchestrator/verifier.go:159.47,161.27 2 0
github.com/OpenSIN-Code/SIN-Code-Bundle/cmd/sin-code/internal/orchestrator/verifier.go:161.27,163.4 1 0
github.com/OpenSIN-Code/SIN-Code-Bundle/cmd/sin-code/internal/orchestrator/verifier.go:164.3,164.25 1 0
github.com/OpenSIN-Code/SIN-Code-Bundle/cmd/sin-code/internal/orchestrator/verifier.go:164.25,166.4 1 0
github.com/OpenSIN-Code/SIN-Code-Bundle/cmd/sin-code/internal/orchestrator/verifier.go:167.3,167.41 1 0
github.com/OpenSIN-Code/SIN-Code-Bundle/cmd/sin-code/internal/orchestrator/verifier.go:169.2,169.18 1 0
github.com/OpenSIN-Code/SIN-Code-Bundle/cmd/sin-code/internal/orchestrator/verifier.go:172.39,173.17 1 0
github.com/OpenSIN-Code/SIN-Code-Bundle/cmd/sin-code/internal/orchestrator/verifier.go:173.17,175.3 1 0
github.com/OpenSIN-Code/SIN-Code-Bundle/cmd/sin-code/internal/orchestrator/verifier.go:176.2,176.35 1 0
github.com/OpenSIN-Code/SIN-Code-Bundle/cmd/sin-code/internal/plugins/manifest.go:67.35,68.18 1 1
github.com/OpenSIN-Code/SIN-Code-Bundle/cmd/sin-code/internal/plugins/manifest.go:68.18,70.3 1 0
github.com/OpenSIN-Code/SIN-Code-Bundle/cmd/sin-code/internal/plugins/manifest.go:71.2,71.42 1 1
github.com/OpenSIN-Code/SIN-Code-Bundle/cmd/sin-code/internal/plugins/manifest.go:71.42,73.3 1 0
github.com/OpenSIN-Code/SIN-Code-Bundle/cmd/sin-code/internal/plugins/manifest.go:74.2,74.21 1 1
github.com/OpenSIN-Code/SIN-Code-Bundle/cmd/sin-code/internal/plugins/manifest.go:74.21,76.3 1 0
github.com/OpenSIN-Code/SIN-Code-Bundle/cmd/sin-code/internal/plugins/manifest.go:77.2,77.34 1 1
github.com/OpenSIN-Code/SIN-Code-Bundle/cmd/sin-code/internal/plugins/manifest.go:77.34,78.19 1 1
github.com/OpenSIN-Code/SIN-Code-Bundle/cmd/sin-code/internal/plugins/manifest.go:78.19,80.4 1 0
github.com/OpenSIN-Code/SIN-Code-Bundle/cmd/sin-code/internal/plugins/manifest.go:81.3,81.21 1 1
github.com/OpenSIN-Code/SIN-Code-Bundle/cmd/sin-code/internal/plugins/manifest.go:81.21,83.4 1 0
github.com/OpenSIN-Code/SIN-Code-Bundle/cmd/sin-code/internal/plugins/manifest.go:85.2,85.29 1 1
github.com/OpenSIN-Code/SIN-Code-Bundle/cmd/sin-code/internal/plugins/manifest.go:85.29,86.19 1 1
github.com/OpenSIN-Code/SIN-Code-Bundle/cmd/sin-code/internal/plugins/manifest.go:86.19,88.4 1 0
github.com/OpenSIN-Code/SIN-Code-Bundle/cmd/sin-code/internal/plugins/manifest.go:89.3,89.19 1 1
github.com/OpenSIN-Code/SIN-Code-Bundle/cmd/sin-code/internal/plugins/manifest.go:89.19,91.4 1 0
github.com/OpenSIN-Code/SIN-Code-Bundle/cmd/sin-code/internal/plugins/manifest.go:93.2,93.28 1 1
github.com/OpenSIN-Code/SIN-Code-Bundle/cmd/sin-code/internal/plugins/manifest.go:93.28,94.19 1 1
github.com/OpenSIN-Code/SIN-Code-Bundle/cmd/sin-code/internal/plugins/manifest.go:94.19,96.4 1 0
github.com/OpenSIN-Code/SIN-Code-Bundle/cmd/sin-code/internal/plugins/manifest.go:97.3,97.21 1 1
github.com/OpenSIN-Code/SIN-Code-Bundle/cmd/sin-code/internal/plugins/manifest.go:97.21,99.4 1 0
github.com/OpenSIN-Code/SIN-Code-Bundle/cmd/sin-code/internal/plugins/manifest.go:101.2,101.12 1 1
github.com/OpenSIN-Code/SIN-Code-Bundle/cmd/sin-code/internal/plugins/manifest.go:104.32,106.16 2 1
github.com/OpenSIN-Code/SIN-Code-Bundle/cmd/sin-code/internal/plugins/manifest.go:106.16,108.3 1 0
github.com/OpenSIN-Code/SIN-Code-Bundle/cmd/sin-code/internal/plugins/manifest.go:109.2,109.50 1 1
github.com/OpenSIN-Code/SIN-Code-Bundle/cmd/sin-code/internal/plugins/manifest.go:112.41,114.16 2 1
github.com/OpenSIN-Code/SIN-Code-Bundle/cmd/sin-code/internal/plugins/manifest.go:114.16,116.3 1 0
github.com/OpenSIN-Code/SIN-Code-Bundle/cmd/sin-code/internal/plugins/manifest.go:117.2,118.49 2 1
github.com/OpenSIN-Code/SIN-Code-Bundle/cmd/sin-code/internal/plugins/manifest.go:118.49,120.3 1 1
github.com/OpenSIN-Code/SIN-Code-Bundle/cmd/sin-code/internal/plugins/manifest.go:121.2,121.37 1 1
github.com/OpenSIN-Code/SIN-Code-Bundle/cmd/sin-code/internal/plugins/manifest.go:121.37,123.3 1 0
github.com/OpenSIN-Code/SIN-Code-Bundle/cmd/sin-code/internal/plugins/manifest.go:124.2,125.16 2 1
github.com/OpenSIN-Code/SIN-Code-Bundle/cmd/sin-code/internal/plugins/manifest.go:128.45,130.16 2 1
github.com/OpenSIN-Code/SIN-Code-Bundle/cmd/sin-code/internal/plugins/manifest.go:130.16,131.25 1 0
github.com/OpenSIN-Code/SIN-Code-Bundle/cmd/sin-code/internal/plugins/manifest.go:131.25,133.4 1 0
github.com/OpenSIN-Code/SIN-Code-Bundle/cmd/sin-code/internal/plugins/manifest.go:134.3,134.18 1 0
github.com/OpenSIN-Code/SIN-Code-Bundle/cmd/sin-code/internal/plugins/manifest.go:136.2,137.28 2 1
github.com/OpenSIN-Code/SIN-Code-Bundle/cmd/sin-code/internal/plugins/manifest.go:137.28,138.17 1 1
github.com/OpenSIN-Code/SIN-Code-Bundle/cmd/sin-code/internal/plugins/manifest.go:138.17,139.12 1 0
github.com/OpenSIN-Code/SIN-Code-Bundle/cmd/sin-code/internal/plugins/manifest.go:141.3,142.58 2 1
github.com/OpenSIN-Code/SIN-Code-Bundle/cmd/sin-code/internal/plugins/manifest.go:142.58,143.12 1 0
github.com/OpenSIN-Code/SIN-Code-Bundle/cmd/sin-code/internal/plugins/manifest.go:145.3,146.17 2 1
github.com/OpenSIN-Code/SIN-Code-Bundle/cmd/sin-code/internal/plugins/manifest.go:146.17,148.12 2 1
github.com/OpenSIN-Code/SIN-Code-Bundle/cmd/sin-code/internal/plugins/manifest.go:150.3,151.23 2 1
github.com/OpenSIN-Code/SIN-Code-Bundle/cmd/sin-code/internal/plugins/manifest.go:153.2,153.17 1 1
github.com/OpenSIN-Code/SIN-Code-Bundle/cmd/sin-code/internal/plugins/manifest.go:156.41,157.18 1 1
github.com/OpenSIN-Code/SIN-Code-Bundle/cmd/sin-code/internal/plugins/manifest.go:157.18,159.3 1 0
github.com/OpenSIN-Code/SIN-Code-Bundle/cmd/sin-code/internal/plugins/manifest.go:160.2,160.71 1 1
github.com/OpenSIN-Code/SIN-Code-Bundle/cmd/sin-code/internal/plugins/manifest.go:160.71,162.3 1 1
github.com/OpenSIN-Code/SIN-Code-Bundle/cmd/sin-code/internal/plugins/manifest.go:163.2,163.13 1 1
github.com/OpenSIN-Code/SIN-Code-Bundle/cmd/sin-code/internal/plugins/manifest.go:166.34,167.18 1 1
github.com/OpenSIN-Code/SIN-Code-Bundle/cmd/sin-code/internal/plugins/manifest.go:167.18,169.3 1 0
github.com/OpenSIN-Code/SIN-Code-Bundle/cmd/sin-code/internal/plugins/manifest.go:170.2,170.74 1 1
github.com/OpenSIN-Code/SIN-Code-Bundle/cmd/sin-code/internal/plugins/manifest.go:173.33,174.18 1 1
github.com/OpenSIN-Code/SIN-Code-Bundle/cmd/sin-code/internal/plugins/manifest.go:174.18,176.3 1 0
github.com/OpenSIN-Code/SIN-Code-Bundle/cmd/sin-code/internal/plugins/manifest.go:177.2,177.54 1 1
github.com/OpenSIN-Code/SIN-Code-Bundle/cmd/sin-code/internal/plugins/manifest.go:180.31,182.2 1 0
github.com/OpenSIN-Code/SIN-Code-Bundle/cmd/sin-code/internal/plugins/registry.go:23.30,25.2 1 1
github.com/OpenSIN-Code/SIN-Code-Bundle/cmd/sin-code/internal/plugins/registry.go:27.50,28.15 1 1
github.com/OpenSIN-Code/SIN-Code-Bundle/cmd/sin-code/internal/plugins/registry.go:28.15,30.3 1 1
github.com/OpenSIN-Code/SIN-Code-Bundle/cmd/sin-code/internal/plugins/registry.go:31.2,31.48 1 1
github.com/OpenSIN-Code/SIN-Code-Bundle/cmd/sin-code/internal/plugins/registry.go:31.48,33.3 1 0
github.com/OpenSIN-Code/SIN-Code-Bundle/cmd/sin-code/internal/plugins/registry.go:34.2,35.16 2 1
github.com/OpenSIN-Code/SIN-Code-Bundle/cmd/sin-code/internal/plugins/registry.go:35.16,37.3 1 0
github.com/OpenSIN-Code/SIN-Code-Bundle/cmd/sin-code/internal/plugins/registry.go:38.2,40.28 3 1
github.com/OpenSIN-Code/SIN-Code-Bundle/cmd/sin-code/internal/plugins/registry.go:40.28,41.16 1 1
github.com/OpenSIN-Code/SIN-Code-Bundle/cmd/sin-code/internal/plugins/registry.go:41.16,43.4 1 1
github.com/OpenSIN-Code/SIN-Code-Bundle/cmd/sin-code/internal/plugins/registry.go:45.2,45.12 1 1
github.com/OpenSIN-Code/SIN-Code-Bundle/cmd/sin-code/internal/plugins/registry.go:51.47,52.20 1 1
github.com/OpenSIN-Code/SIN-Code-Bundle/cmd/sin-code/internal/plugins/registry.go:52.20,54.3 1 0
github.com/OpenSIN-Code/SIN-Code-Bundle/cmd/sin-code/internal/plugins/registry.go:55.2,55.56 1 1
github.com/OpenSIN-Code/SIN-Code-Bundle/cmd/sin-code/internal/plugins/registry.go:55.56,57.3 1 0
github.com/OpenSIN-Code/SIN-Code-Bundle/cmd/sin-code/internal/plugins/registry.go:58.2,58.27 1 1
github.com/OpenSIN-Code/SIN-Code-Bundle/cmd/sin-code/internal/plugins/registry.go:61.37,65.30 4 1
github.com/OpenSIN-Code/SIN-Code-Bundle/cmd/sin-code/internal/plugins/registry.go:65.30,67.3 1 1
github.com/OpenSIN-Code/SIN-Code-Bundle/cmd/sin-code/internal/plugins/registry.go:68.2,68.12 1 1
github.com/OpenSIN-Code/SIN-Code-Bundle/cmd/sin-code/internal/plugins/registry.go:71.53,76.2 4 0
github.com/OpenSIN-Code/SIN-Code-Bundle/cmd/sin-code/internal/plugins/registry.go:78.40,82.2 3 1
github.com/OpenSIN-Code/SIN-Code-Bundle/cmd/sin-code/internal/plugins/registry.go:87.58,88.29 1 0
github.com/OpenSIN-Code/SIN-Code-Bundle/cmd/sin-code/internal/plugins/registry.go:88.29,89.36 1 0
github.com/OpenSIN-Code/SIN-Code-Bundle/cmd/sin-code/internal/plugins/registry.go:89.36,97.57 3 0
github.com/OpenSIN-Code/SIN-Code-Bundle/cmd/sin-code/internal/plugins/registry.go:97.57,101.6 3 0
github.com/OpenSIN-Code/SIN-Code-Bundle/cmd/sin-code/internal/plugins/registry.go:103.4,103.24 1 0
github.com/OpenSIN-Code/SIN-Code-Bundle/cmd/sin-code/internal/plugins/registry.go:110.62,112.29 2 0
github.com/OpenSIN-Code/SIN-Code-Bundle/cmd/sin-code/internal/plugins/registry.go:112.29,113.30 1 0
github.com/OpenSIN-Code/SIN-Code-Bundle/cmd/sin-code/internal/plugins/registry.go:113.30,123.4 1 0
github.com/OpenSIN-Code/SIN-Code-Bundle/cmd/sin-code/internal/plugins/registry.go:125.2,125.12 1 0
github.com/OpenSIN-Code/SIN-Code-Bundle/cmd/sin-code/internal/plugins/registry.go:147.44,149.29 2 1
github.com/OpenSIN-Code/SIN-Code-Bundle/cmd/sin-code/internal/plugins/registry.go:149.29,150.29 1 1
github.com/OpenSIN-Code/SIN-Code-Bundle/cmd/sin-code/internal/plugins/registry.go:150.29,152.29 2 1
github.com/OpenSIN-Code/SIN-Code-Bundle/cmd/sin-code/internal/plugins/registry.go:152.29,157.5 1 1
github.com/OpenSIN-Code/SIN-Code-Bundle/cmd/sin-code/internal/plugins/registry.go:158.4,162.23 2 1
github.com/OpenSIN-Code/SIN-Code-Bundle/cmd/sin-code/internal/plugins/registry.go:162.23,164.5 1 1
github.com/OpenSIN-Code/SIN-Code-Bundle/cmd/sin-code/internal/plugins/registry.go:165.4,166.18 2 1
github.com/OpenSIN-Code/SIN-Code-Bundle/cmd/sin-code/internal/plugins/registry.go:166.18,168.5 1 0
github.com/OpenSIN-Code/SIN-Code-Bundle/cmd/sin-code/internal/plugins/registry.go:168.10,170.5 1 1
github.com/OpenSIN-Code/SIN-Code-Bundle/cmd/sin-code/internal/plugins/registry.go:171.4,181.6 1 1
github.com/OpenSIN-Code/SIN-Code-Bundle/cmd/sin-code/internal/plugins/registry.go:184.2,184.12 1 1
github.com/OpenSIN-Code/SIN-Code-Bundle/cmd/sin-code/internal/plugins/registry.go:199.53,201.29 2 0
github.com/OpenSIN-Code/SIN-Code-Bundle/cmd/sin-code/internal/plugins/registry.go:201.29,202.29 1 0
github.com/OpenSIN-Code/SIN-Code-Bundle/cmd/sin-code/internal/plugins/registry.go:202.29,203.24 1 0
github.com/OpenSIN-Code/SIN-Code-Bundle/cmd/sin-code/internal/plugins/registry.go:203.24,210.5 1 0
github.com/OpenSIN-Code/SIN-Code-Bundle/cmd/sin-code/internal/plugins/registry.go:213.2,213.12 1 0
github.com/OpenSIN-Code/SIN-Code-Bundle/cmd/sin-code/internal/plugins/registry.go:216.68,218.31 2 0
github.com/OpenSIN-Code/SIN-Code-Bundle/cmd/sin-code/internal/plugins/registry.go:218.31,220.3 1 0
github.com/OpenSIN-Code/SIN-Code-Bundle/cmd/sin-code/internal/plugins/registry.go:221.2,227.18 7 0
github.com/OpenSIN-Code/SIN-Code-Bundle/cmd/sin-code/internal/todo/audit.go:14.47,20.2 5 0
github.com/OpenSIN-Code/SIN-Code-Bundle/cmd/sin-code/internal/todo/audit.go:22.27,24.2 1 0
github.com/OpenSIN-Code/SIN-Code-Bundle/cmd/sin-code/internal/todo/audit.go:26.49,27.16 1 0
github.com/OpenSIN-Code/SIN-Code-Bundle/cmd/sin-code/internal/todo/audit.go:27.16,30.3 2 0
github.com/OpenSIN-Code/SIN-Code-Bundle/cmd/sin-code/internal/todo/audit.go:31.2,31.26 1 0
github.com/OpenSIN-Code/SIN-Code-Bundle/cmd/sin-code/internal/todo/audit.go:31.26,33.3 1 0
github.com/OpenSIN-Code/SIN-Code-Bundle/cmd/sin-code/internal/todo/audit.go:34.2,34.19 1 0
github.com/OpenSIN-Code/SIN-Code-Bundle/cmd/sin-code/internal/todo/audit.go:34.19,36.3 1 0
github.com/OpenSIN-Code/SIN-Code-Bundle/cmd/sin-code/internal/todo/audit.go:37.2,37.42 1 0
github.com/OpenSIN-Code/SIN-Code-Bundle/cmd/sin-code/internal/todo/audit.go:37.42,40.17 3 0
github.com/OpenSIN-Code/SIN-Code-Bundle/cmd/sin-code/internal/todo/audit.go:40.17,42.4 1 0
github.com/OpenSIN-Code/SIN-Code-Bundle/cmd/sin-code/internal/todo/audit.go:43.3,43.50 1 0
github.com/OpenSIN-Code/SIN-Code-Bundle/cmd/sin-code/internal/todo/audit.go:47.65,49.40 2 0
github.com/OpenSIN-Code/SIN-Code-Bundle/cmd/sin-code/internal/todo/audit.go:49.40,52.52 3 0
github.com/OpenSIN-Code/SIN-Code-Bundle/cmd/sin-code/internal/todo/audit.go:52.52,54.50 2 0
github.com/OpenSIN-Code/SIN-Code-Bundle/cmd/sin-code/internal/todo/audit.go:54.50,55.13 1 0
github.com/OpenSIN-Code/SIN-Code-Bundle/cmd/sin-code/internal/todo/audit.go:57.4,57.42 1 0
github.com/OpenSIN-Code/SIN-Code-Bundle/cmd/sin-code/internal/todo/audit.go:57.42,59.5 1 0
github.com/OpenSIN-Code/SIN-Code-Bundle/cmd/sin-code/internal/todo/audit.go:61.3,61.13 1 0
github.com/OpenSIN-Code/SIN-Code-Bundle/cmd/sin-code/internal/todo/audit.go:63.2,63.38 1 0
github.com/OpenSIN-Code/SIN-Code-Bundle/cmd/sin-code/internal/todo/audit.go:63.38,63.90 1 0
github.com/OpenSIN-Code/SIN-Code-Bundle/cmd/sin-code/internal/todo/audit.go:64.2,64.17 1 0
github.com/OpenSIN-Code/SIN-Code-Bundle/cmd/sin-code/internal/todo/audit.go:67.43,69.40 2 0
github.com/OpenSIN-Code/SIN-Code-Bundle/cmd/sin-code/internal/todo/audit.go:69.40,73.3 3 0
github.com/OpenSIN-Code/SIN-Code-Bundle/cmd/sin-code/internal/todo/audit.go:74.2,74.15 1 0
github.com/OpenSIN-Code/SIN-Code-Bundle/cmd/sin-code/internal/todo/compact.go:20.70,21.30 1 0
github.com/OpenSIN-Code/SIN-Code-Bundle/cmd/sin-code/internal/todo/compact.go:21.30,23.3 1 0
github.com/OpenSIN-Code/SIN-Code-Bundle/cmd/sin-code/internal/todo/compact.go:24.2,25.25 2 0
github.com/OpenSIN-Code/SIN-Code-Bundle/cmd/sin-code/internal/todo/compact.go:25.25,27.3 1 0
github.com/OpenSIN-Code/SIN-Code-Bundle/cmd/sin-code/internal/todo/compact.go:28.2,29.16 2 0
github.com/OpenSIN-Code/SIN-Code-Bundle/cmd/sin-code/internal/todo/compact.go:29.16,31.3 1 0
github.com/OpenSIN-Code/SIN-Code-Bundle/cmd/sin-code/internal/todo/compact.go:32.2,33.24 2 0
github.com/OpenSIN-Code/SIN-Code-Bundle/cmd/sin-code/internal/todo/compact.go:33.24,35.40 2 0
github.com/OpenSIN-Code/SIN-Code-Bundle/cmd/sin-code/internal/todo/compact.go:35.40,36.22 1 0
github.com/OpenSIN-Code/SIN-Code-Bundle/cmd/sin-code/internal/todo/compact.go:36.22,38.10 2 0
github.com/OpenSIN-Code/SIN-Code-Bundle/cmd/sin-code/internal/todo/compact.go:41.3,41.16 1 0
github.com/OpenSIN-Code/SIN-Code-Bundle/cmd/sin-code/internal/todo/compact.go:41.16,42.12 1 0
github.com/OpenSIN-Code/SIN-Code-Bundle/cmd/sin-code/internal/todo/compact.go:44.3,45.24 2 0
github.com/OpenSIN-Code/SIN-Code-Bundle/cmd/sin-code/internal/todo/compact.go:45.24,47.4 1 0
github.com/OpenSIN-Code/SIN-Code-Bundle/cmd/sin-code/internal/todo/compact.go:48.3,48.48 1 0
github.com/OpenSIN-Code/SIN-Code-Bundle/cmd/sin-code/internal/todo/compact.go:48.48,49.12 1 0
github.com/OpenSIN-Code/SIN-Code-Bundle/cmd/sin-code/internal/todo/compact.go:51.3,51.19 1 0
github.com/OpenSIN-Code/SIN-Code-Bundle/cmd/sin-code/internal/todo/compact.go:51.19,55.38 4 0
github.com/OpenSIN-Code/SIN-Code-Bundle/cmd/sin-code/internal/todo/compact.go:55.38,57.5 1 0
github.com/OpenSIN-Code/SIN-Code-Bundle/cmd/sin-code/internal/todo/compact.go:59.3,60.34 2 0
github.com/OpenSIN-Code/SIN-Code-Bundle/cmd/sin-code/internal/todo/compact.go:62.2,62.17 1 0
github.com/OpenSIN-Code/SIN-Code-Bundle/cmd/sin-code/internal/todo/compact.go:65.32,68.22 3 0
github.com/OpenSIN-Code/SIN-Code-Bundle/cmd/sin-code/internal/todo/compact.go:68.22,72.3 3 0
github.com/OpenSIN-Code/SIN-Code-Bundle/cmd/sin-code/internal/todo/compact.go:73.2,73.22 1 0
github.com/OpenSIN-Code/SIN-Code-Bundle/cmd/sin-code/internal/todo/compact.go:73.22,76.3 2 0
github.com/OpenSIN-Code/SIN-Code-Bundle/cmd/sin-code/internal/todo/compact.go:77.2,77.21 1 0
github.com/OpenSIN-Code/SIN-Code-Bundle/cmd/sin-code/internal/todo/compact.go:77.21,81.3 3 0
github.com/OpenSIN-Code/SIN-Code-Bundle/cmd/sin-code/internal/todo/compact.go:82.2,82.21 1 0
github.com/OpenSIN-Code/SIN-Code-Bundle/cmd/sin-code/internal/todo/compact.go:82.21,85.3 2 0
github.com/OpenSIN-Code/SIN-Code-Bundle/cmd/sin-code/internal/todo/compact.go:86.2,86.19 1 0
github.com/OpenSIN-Code/SIN-Code-Bundle/cmd/sin-code/internal/todo/deps.go:11.52,13.2 1 0
github.com/OpenSIN-Code/SIN-Code-Bundle/cmd/sin-code/internal/todo/deps.go:15.36,17.2 1 0
github.com/OpenSIN-Code/SIN-Code-Bundle/cmd/sin-code/internal/todo/deps.go:19.46,20.36 1 0
github.com/OpenSIN-Code/SIN-Code-Bundle/cmd/sin-code/internal/todo/deps.go:20.36,22.3 1 0
github.com/OpenSIN-Code/SIN-Code-Bundle/cmd/sin-code/internal/todo/deps.go:23.2,23.24 1 0
github.com/OpenSIN-Code/SIN-Code-Bundle/cmd/sin-code/internal/todo/deps.go:23.24,25.3 1 0
github.com/OpenSIN-Code/SIN-Code-Bundle/cmd/sin-code/internal/todo/deps.go:26.2,26.23 1 0
github.com/OpenSIN-Code/SIN-Code-Bundle/cmd/sin-code/internal/todo/deps.go:26.23,28.3 1 0
github.com/OpenSIN-Code/SIN-Code-Bundle/cmd/sin-code/internal/todo/deps.go:29.2,29.27 1 0
github.com/OpenSIN-Code/SIN-Code-Bundle/cmd/sin-code/internal/todo/deps.go:29.27,30.69 1 0
github.com/OpenSIN-Code/SIN-Code-Bundle/cmd/sin-code/internal/todo/deps.go:30.69,32.4 1 0
github.com/OpenSIN-Code/SIN-Code-Bundle/cmd/sin-code/internal/todo/deps.go:32.9,32.19 1 0
github.com/OpenSIN-Code/SIN-Code-Bundle/cmd/sin-code/internal/todo/deps.go:32.19,34.4 1 0
github.com/OpenSIN-Code/SIN-Code-Bundle/cmd/sin-code/internal/todo/deps.go:36.2,36.42 1 0
github.com/OpenSIN-Code/SIN-Code-Bundle/cmd/sin-code/internal/todo/deps.go:36.42,38.39 2 0
github.com/OpenSIN-Code/SIN-Code-Bundle/cmd/sin-code/internal/todo/deps.go:38.39,40.4 1 0
github.com/OpenSIN-Code/SIN-Code-Bundle/cmd/sin-code/internal/todo/deps.go:41.3,41.37 1 0
github.com/OpenSIN-Code/SIN-Code-Bundle/cmd/sin-code/internal/todo/deps.go:41.37,43.4 1 0
github.com/OpenSIN-Code/SIN-Code-Bundle/cmd/sin-code/internal/todo/deps.go:44.3,45.65 2 0
github.com/OpenSIN-Code/SIN-Code-Bundle/cmd/sin-code/internal/todo/deps.go:49.50,50.42 1 0
github.com/OpenSIN-Code/SIN-Code-Bundle/cmd/sin-code/internal/todo/deps.go:50.42,53.120 3 0
github.com/OpenSIN-Code/SIN-Code-Bundle/cmd/sin-code/internal/todo/deps.go:53.120,54.58 1 0
github.com/OpenSIN-Code/SIN-Code-Bundle/cmd/sin-code/internal/todo/deps.go:54.58,56.5 1 0
github.com/OpenSIN-Code/SIN-Code-Bundle/cmd/sin-code/internal/todo/deps.go:57.4,57.16 1 0
github.com/OpenSIN-Code/SIN-Code-Bundle/cmd/sin-code/internal/todo/deps.go:59.3,59.13 1 0
github.com/OpenSIN-Code/SIN-Code-Bundle/cmd/sin-code/internal/todo/deps.go:59.13,61.4 1 0
github.com/OpenSIN-Code/SIN-Code-Bundle/cmd/sin-code/internal/todo/deps.go:62.3,62.13 1 0
github.com/OpenSIN-Code/SIN-Code-Bundle/cmd/sin-code/internal/todo/deps.go:66.58,68.40 2 0
github.com/OpenSIN-Code/SIN-Code-Bundle/cmd/sin-code/internal/todo/deps.go:68.40,72.81 4 0
github.com/OpenSIN-Code/SIN-Code-Bundle/cmd/sin-code/internal/todo/deps.go:72.81,74.23 2 0
github.com/OpenSIN-Code/SIN-Code-Bundle/cmd/sin-code/internal/todo/deps.go:74.23,75.13 1 0
github.com/OpenSIN-Code/SIN-Code-Bundle/cmd/sin-code/internal/todo/deps.go:77.4,77.88 1 0
github.com/OpenSIN-Code/SIN-Code-Bundle/cmd/sin-code/internal/todo/deps.go:79.3,79.13 1 0
github.com/OpenSIN-Code/SIN-Code-Bundle/cmd/sin-code/internal/todo/deps.go:81.2,81.17 1 0
github.com/OpenSIN-Code/SIN-Code-Bundle/cmd/sin-code/internal/todo/deps.go:84.65,86.40 2 0
github.com/OpenSIN-Code/SIN-Code-Bundle/cmd/sin-code/internal/todo/deps.go:86.40,91.52 5 0
github.com/OpenSIN-Code/SIN-Code-Bundle/cmd/sin-code/internal/todo/deps.go:91.52,93.23 2 0
github.com/OpenSIN-Code/SIN-Code-Bundle/cmd/sin-code/internal/todo/deps.go:93.23,94.13 1 0
github.com/OpenSIN-Code/SIN-Code-Bundle/cmd/sin-code/internal/todo/deps.go:96.4,96.22 1 0
github.com/OpenSIN-Code/SIN-Code-Bundle/cmd/sin-code/internal/todo/deps.go:96.22,98.5 1 0
github.com/OpenSIN-Code/SIN-Code-Bundle/cmd/sin-code/internal/todo/deps.go:100.3,100.13 1 0
github.com/OpenSIN-Code/SIN-Code-Bundle/cmd/sin-code/internal/todo/deps.go:102.2,102.17 1 0
github.com/OpenSIN-Code/SIN-Code-Bundle/cmd/sin-code/internal/todo/deps.go:105.65,107.16 2 0
github.com/OpenSIN-Code/SIN-Code-Bundle/cmd/sin-code/internal/todo/deps.go:107.16,109.3 1 0
github.com/OpenSIN-Code/SIN-Code-Bundle/cmd/sin-code/internal/todo/deps.go:110.2,111.24 2 0
github.com/OpenSIN-Code/SIN-Code-Bundle/cmd/sin-code/internal/todo/deps.go:111.24,112.26 1 0
github.com/OpenSIN-Code/SIN-Code-Bundle/cmd/sin-code/internal/todo/deps.go:112.26,114.4 1 0
github.com/OpenSIN-Code/SIN-Code-Bundle/cmd/sin-code/internal/todo/deps.go:116.2,116.17 1 0
github.com/OpenSIN-Code/SIN-Code-Bundle/cmd/sin-code/internal/todo/deps.go:119.65,122.40 3 0
github.com/OpenSIN-Code/SIN-Code-Bundle/cmd/sin-code/internal/todo/deps.go:122.40,123.19 1 0
github.com/OpenSIN-Code/SIN-Code-Bundle/cmd/sin-code/internal/todo/deps.go:123.19,125.4 1 0
github.com/OpenSIN-Code/SIN-Code-Bundle/cmd/sin-code/internal/todo/deps.go:126.3,126.20 1 0
github.com/OpenSIN-Code/SIN-Code-Bundle/cmd/sin-code/internal/todo/deps.go:126.20,128.4 1 0
github.com/OpenSIN-Code/SIN-Code-Bundle/cmd/sin-code/internal/todo/deps.go:129.3,131.17 3 0
github.com/OpenSIN-Code/SIN-Code-Bundle/cmd/sin-code/internal/todo/deps.go:131.17,133.4 1 0
github.com/OpenSIN-Code/SIN-Code-Bundle/cmd/sin-code/internal/todo/deps.go:134.3,134.26 1 0
github.com/OpenSIN-Code/SIN-Code-Bundle/cmd/sin-code/internal/todo/deps.go:134.26,135.27 1 0
github.com/OpenSIN-Code/SIN-Code-Bundle/cmd/sin-code/internal/todo/deps.go:135.27,136.13 1 0
github.com/OpenSIN-Code/SIN-Code-Bundle/cmd/sin-code/internal/todo/deps.go:138.4,138.43 1 0
github.com/OpenSIN-Code/SIN-Code-Bundle/cmd/sin-code/internal/todo/deps.go:138.43,140.5 1 0
github.com/OpenSIN-Code/SIN-Code-Bundle/cmd/sin-code/internal/todo/deps.go:140.10,140.20 1 0
github.com/OpenSIN-Code/SIN-Code-Bundle/cmd/sin-code/internal/todo/deps.go:140.20,142.5 1 0
github.com/OpenSIN-Code/SIN-Code-Bundle/cmd/sin-code/internal/todo/deps.go:144.3,144.20 1 0
github.com/OpenSIN-Code/SIN-Code-Bundle/cmd/sin-code/internal/todo/deps.go:146.2,147.17 2 0
github.com/OpenSIN-Code/SIN-Code-Bundle/cmd/sin-code/internal/todo/deps.go:150.92,154.42 4 0
github.com/OpenSIN-Code/SIN-Code-Bundle/cmd/sin-code/internal/todo/deps.go:154.42,155.38 1 0
github.com/OpenSIN-Code/SIN-Code-Bundle/cmd/sin-code/internal/todo/deps.go:155.38,157.4 1 0
github.com/OpenSIN-Code/SIN-Code-Bundle/cmd/sin-code/internal/todo/deps.go:158.3,160.17 3 0
github.com/OpenSIN-Code/SIN-Code-Bundle/cmd/sin-code/internal/todo/deps.go:160.17,162.4 1 0
github.com/OpenSIN-Code/SIN-Code-Bundle/cmd/sin-code/internal/todo/deps.go:163.3,164.26 2 0
github.com/OpenSIN-Code/SIN-Code-Bundle/cmd/sin-code/internal/todo/deps.go:164.26,165.46 1 0
github.com/OpenSIN-Code/SIN-Code-Bundle/cmd/sin-code/internal/todo/deps.go:165.46,167.5 1 0
github.com/OpenSIN-Code/SIN-Code-Bundle/cmd/sin-code/internal/todo/deps.go:169.3,169.13 1 0
github.com/OpenSIN-Code/SIN-Code-Bundle/cmd/sin-code/internal/todo/deps.go:171.2,171.38 1 0
github.com/OpenSIN-Code/SIN-Code-Bundle/cmd/sin-code/internal/todo/deps.go:171.38,173.3 1 0
github.com/OpenSIN-Code/SIN-Code-Bundle/cmd/sin-code/internal/todo/deps.go:174.2,174.17 1 0
github.com/OpenSIN-Code/SIN-Code-Bundle/cmd/sin-code/internal/todo/deps.go:177.44,179.2 1 0
github.com/OpenSIN-Code/SIN-Code-Bundle/cmd/sin-code/internal/todo/hook_cmd.go:53.54,55.17 2 0
github.com/OpenSIN-Code/SIN-Code-Bundle/cmd/sin-code/internal/todo/hook_cmd.go:55.17,57.4 1 0
github.com/OpenSIN-Code/SIN-Code-Bundle/cmd/sin-code/internal/todo/hook_cmd.go:58.3,58.26 1 0
github.com/OpenSIN-Code/SIN-Code-Bundle/cmd/sin-code/internal/todo/hook_cmd.go:58.26,61.4 2 0
github.com/OpenSIN-Code/SIN-Code-Bundle/cmd/sin-code/internal/todo/hook_cmd.go:62.3,63.37 2 0
github.com/OpenSIN-Code/SIN-Code-Bundle/cmd/sin-code/internal/todo/hook_cmd.go:63.37,65.23 2 0
github.com/OpenSIN-Code/SIN-Code-Bundle/cmd/sin-code/internal/todo/hook_cmd.go:65.23,66.13 1 0
github.com/OpenSIN-Code/SIN-Code-Bundle/cmd/sin-code/internal/todo/hook_cmd.go:68.4,69.28 2 0
github.com/OpenSIN-Code/SIN-Code-Bundle/cmd/sin-code/internal/todo/hook_cmd.go:69.28,71.21 2 0
github.com/OpenSIN-Code/SIN-Code-Bundle/cmd/sin-code/internal/todo/hook_cmd.go:71.21,73.6 1 0
github.com/OpenSIN-Code/SIN-Code-Bundle/cmd/sin-code/internal/todo/hook_cmd.go:74.5,75.22 2 0
github.com/OpenSIN-Code/SIN-Code-Bundle/cmd/sin-code/internal/todo/hook_cmd.go:75.22,77.6 1 0
github.com/OpenSIN-Code/SIN-Code-Bundle/cmd/sin-code/internal/todo/hook_cmd.go:78.5,79.66 2 0
github.com/OpenSIN-Code/SIN-Code-Bundle/cmd/sin-code/internal/todo/hook_cmd.go:81.4,81.17 1 0
github.com/OpenSIN-Code/SIN-Code-Bundle/cmd/sin-code/internal/todo/hook_cmd.go:83.3,83.13 1 0
github.com/OpenSIN-Code/SIN-Code-Bundle/cmd/sin-code/internal/todo/hook_cmd.go:91.54,93.21 2 0
github.com/OpenSIN-Code/SIN-Code-Bundle/cmd/sin-code/internal/todo/hook_cmd.go:93.21,96.4 1 0
github.com/OpenSIN-Code/SIN-Code-Bundle/cmd/sin-code/internal/todo/hook_cmd.go:97.3,98.17 2 0
github.com/OpenSIN-Code/SIN-Code-Bundle/cmd/sin-code/internal/todo/hook_cmd.go:98.17,100.4 1 0
github.com/OpenSIN-Code/SIN-Code-Bundle/cmd/sin-code/internal/todo/hook_cmd.go:101.3,102.43 2 0
github.com/OpenSIN-Code/SIN-Code-Bundle/cmd/sin-code/internal/todo/hook_cmd.go:102.43,104.4 1 0
github.com/OpenSIN-Code/SIN-Code-Bundle/cmd/sin-code/internal/todo/hook_cmd.go:105.3,106.13 2 0
github.com/OpenSIN-Code/SIN-Code-Bundle/cmd/sin-code/internal/todo/hook_cmd.go:114.54,116.21 2 0
github.com/OpenSIN-Code/SIN-Code-Bundle/cmd/sin-code/internal/todo/hook_cmd.go:116.21,118.4 1 0
github.com/OpenSIN-Code/SIN-Code-Bundle/cmd/sin-code/internal/todo/hook_cmd.go:119.3,120.17 2 0
github.com/OpenSIN-Code/SIN-Code-Bundle/cmd/sin-code/internal/todo/hook_cmd.go:120.17,122.4 1 0
github.com/OpenSIN-Code/SIN-Code-Bundle/cmd/sin-code/internal/todo/hook_cmd.go:123.3,123.54 1 0
github.com/OpenSIN-Code/SIN-Code-Bundle/cmd/sin-code/internal/todo/hook_cmd.go:123.54,125.4 1 0
github.com/OpenSIN-Code/SIN-Code-Bundle/cmd/sin-code/internal/todo/hook_cmd.go:126.3,127.13 2 0
github.com/OpenSIN-Code/SIN-Code-Bundle/cmd/sin-code/internal/todo/hook_cmd.go:135.54,137.21 2 0
github.com/OpenSIN-Code/SIN-Code-Bundle/cmd/sin-code/internal/todo/hook_cmd.go:137.21,139.4 1 0
github.com/OpenSIN-Code/SIN-Code-Bundle/cmd/sin-code/internal/todo/hook_cmd.go:140.3,141.17 2 0
github.com/OpenSIN-Code/SIN-Code-Bundle/cmd/sin-code/internal/todo/hook_cmd.go:141.17,143.4 1 0
github.com/OpenSIN-Code/SIN-Code-Bundle/cmd/sin-code/internal/todo/hook_cmd.go:144.3,145.18 2 0
github.com/OpenSIN-Code/SIN-Code-Bundle/cmd/sin-code/internal/todo/hook_cmd.go:145.18,147.4 1 0
github.com/OpenSIN-Code/SIN-Code-Bundle/cmd/sin-code/internal/todo/hook_cmd.go:148.3,157.24 4 0
github.com/OpenSIN-Code/SIN-Code-Bundle/cmd/sin-code/internal/todo/hook_cmd.go:157.24,160.4 2 0
github.com/OpenSIN-Code/SIN-Code-Bundle/cmd/sin-code/internal/todo/hook_cmd.go:161.3,161.29 1 0
github.com/OpenSIN-Code/SIN-Code-Bundle/cmd/sin-code/internal/todo/hook_cmd.go:161.29,164.20 3 0
github.com/OpenSIN-Code/SIN-Code-Bundle/cmd/sin-code/internal/todo/hook_cmd.go:164.20,166.5 1 0
github.com/OpenSIN-Code/SIN-Code-Bundle/cmd/sin-code/internal/todo/hook_cmd.go:166.10,168.5 1 0
github.com/OpenSIN-Code/SIN-Code-Bundle/cmd/sin-code/internal/todo/hook_cmd.go:169.4,169.22 1 0
github.com/OpenSIN-Code/SIN-Code-Bundle/cmd/sin-code/internal/todo/hook_cmd.go:169.22,171.5 1 0
github.com/OpenSIN-Code/SIN-Code-Bundle/cmd/sin-code/internal/todo/hook_cmd.go:172.4,172.22 1 0
github.com/OpenSIN-Code/SIN-Code-Bundle/cmd/sin-code/internal/todo/hook_cmd.go:172.22,174.5 1 0
github.com/OpenSIN-Code/SIN-Code-Bundle/cmd/sin-code/internal/todo/hook_cmd.go:175.4,175.17 1 0
github.com/OpenSIN-Code/SIN-Code-Bundle/cmd/sin-code/internal/todo/hook_cmd.go:177.3,177.13 1 0
github.com/OpenSIN-Code/SIN-Code-Bundle/cmd/sin-code/internal/todo/hook_cmd.go:184.54,186.17 2 0
github.com/OpenSIN-Code/SIN-Code-Bundle/cmd/sin-code/internal/todo/hook_cmd.go:186.17,188.4 1 0
github.com/OpenSIN-Code/SIN-Code-Bundle/cmd/sin-code/internal/todo/hook_cmd.go:189.3,190.13 2 0
github.com/OpenSIN-Code/SIN-Code-Bundle/cmd/sin-code/internal/todo/hook_cmd.go:194.13,212.2 12 1
github.com/OpenSIN-Code/SIN-Code-Bundle/cmd/sin-code/internal/todo/hook_cmd.go:214.45,216.23 2 1
github.com/OpenSIN-Code/SIN-Code-Bundle/cmd/sin-code/internal/todo/hook_cmd.go:216.23,218.3 1 1
github.com/OpenSIN-Code/SIN-Code-Bundle/cmd/sin-code/internal/todo/hook_cmd.go:219.2,219.12 1 1
github.com/OpenSIN-Code/SIN-Code-Bundle/cmd/sin-code/internal/todo/hooks.go:39.30,49.2 1 1
github.com/OpenSIN-Code/SIN-Code-Bundle/cmd/sin-code/internal/todo/hooks.go:51.33,52.32 1 0
github.com/OpenSIN-Code/SIN-Code-Bundle/cmd/sin-code/internal/todo/hooks.go:52.32,53.13 1 0
github.com/OpenSIN-Code/SIN-Code-Bundle/cmd/sin-code/internal/todo/hooks.go:53.13,55.4 1 0
github.com/OpenSIN-Code/SIN-Code-Bundle/cmd/sin-code/internal/todo/hooks.go:57.2,57.14 1 0
github.com/OpenSIN-Code/SIN-Code-Bundle/cmd/sin-code/internal/todo/hooks.go:66.32,67.40 1 0
github.com/OpenSIN-Code/SIN-Code-Bundle/cmd/sin-code/internal/todo/hooks.go:67.40,69.3 1 0
github.com/OpenSIN-Code/SIN-Code-Bundle/cmd/sin-code/internal/todo/hooks.go:70.2,70.19 1 0
github.com/OpenSIN-Code/SIN-Code-Bundle/cmd/sin-code/internal/todo/hooks.go:70.19,72.3 1 0
github.com/OpenSIN-Code/SIN-Code-Bundle/cmd/sin-code/internal/todo/hooks.go:73.2,73.92 1 0
github.com/OpenSIN-Code/SIN-Code-Bundle/cmd/sin-code/internal/todo/hooks.go:73.92,75.3 1 0
github.com/OpenSIN-Code/SIN-Code-Bundle/cmd/sin-code/internal/todo/hooks.go:76.2,76.12 1 0
github.com/OpenSIN-Code/SIN-Code-Bundle/cmd/sin-code/internal/todo/hooks.go:85.32,87.16 2 0
github.com/OpenSIN-Code/SIN-Code-Bundle/cmd/sin-code/internal/todo/hooks.go:87.16,89.3 1 0
github.com/OpenSIN-Code/SIN-Code-Bundle/cmd/sin-code/internal/todo/hooks.go:90.2,90.53 1 0
github.com/OpenSIN-Code/SIN-Code-Bundle/cmd/sin-code/internal/todo/hooks.go:93.56,94.16 1 0
github.com/OpenSIN-Code/SIN-Code-Bundle/cmd/sin-code/internal/todo/hooks.go:94.16,96.3 1 0
github.com/OpenSIN-Code/SIN-Code-Bundle/cmd/sin-code/internal/todo/hooks.go:97.2,101.16 2 0
github.com/OpenSIN-Code/SIN-Code-Bundle/cmd/sin-code/internal/todo/hooks.go:101.16,103.3 1 0
github.com/OpenSIN-Code/SIN-Code-Bundle/cmd/sin-code/internal/todo/hooks.go:104.2,104.49 1 0
github.com/OpenSIN-Code/SIN-Code-Bundle/cmd/sin-code/internal/todo/hooks.go:104.49,106.3 1 0
github.com/OpenSIN-Code/SIN-Code-Bundle/cmd/sin-code/internal/todo/hooks.go:107.2,107.54 1 0
github.com/OpenSIN-Code/SIN-Code-Bundle/cmd/sin-code/internal/todo/hooks.go:107.54,109.3 1 0
github.com/OpenSIN-Code/SIN-Code-Bundle/cmd/sin-code/internal/todo/hooks.go:110.2,110.22 1 0
github.com/OpenSIN-Code/SIN-Code-Bundle/cmd/sin-code/internal/todo/hooks.go:110.22,112.3 1 0
github.com/OpenSIN-Code/SIN-Code-Bundle/cmd/sin-code/internal/todo/hooks.go:113.2,113.38 1 0
github.com/OpenSIN-Code/SIN-Code-Bundle/cmd/sin-code/internal/todo/hooks.go:113.38,114.27 1 0
github.com/OpenSIN-Code/SIN-Code-Bundle/cmd/sin-code/internal/todo/hooks.go:114.27,115.39 1 0
github.com/OpenSIN-Code/SIN-Code-Bundle/cmd/sin-code/internal/todo/hooks.go:115.39,117.5 1 0
github.com/OpenSIN-Code/SIN-Code-Bundle/cmd/sin-code/internal/todo/hooks.go:120.2,120.17 1 0
github.com/OpenSIN-Code/SIN-Code-Bundle/cmd/sin-code/internal/todo/hooks.go:123.36,127.2 3 0
github.com/OpenSIN-Code/SIN-Code-Bundle/cmd/sin-code/internal/todo/hooks.go:129.50,133.2 3 0
github.com/OpenSIN-Code/SIN-Code-Bundle/cmd/sin-code/internal/todo/hooks.go:135.57,136.37 1 0
github.com/OpenSIN-Code/SIN-Code-Bundle/cmd/sin-code/internal/todo/hooks.go:136.37,138.3 1 0
github.com/OpenSIN-Code/SIN-Code-Bundle/cmd/sin-code/internal/todo/hooks.go:139.2,142.17 4 0
github.com/OpenSIN-Code/SIN-Code-Bundle/cmd/sin-code/internal/todo/hooks.go:145.63,149.45 4 0
github.com/OpenSIN-Code/SIN-Code-Bundle/cmd/sin-code/internal/todo/hooks.go:149.45,151.3 1 0
github.com/OpenSIN-Code/SIN-Code-Bundle/cmd/sin-code/internal/todo/hooks.go:152.2,153.30 2 0
github.com/OpenSIN-Code/SIN-Code-Bundle/cmd/sin-code/internal/todo/hooks.go:153.30,155.3 1 0
github.com/OpenSIN-Code/SIN-Code-Bundle/cmd/sin-code/internal/todo/hooks.go:156.2,156.17 1 0
github.com/OpenSIN-Code/SIN-Code-Bundle/cmd/sin-code/internal/todo/hooks.go:159.35,160.18 1 0
github.com/OpenSIN-Code/SIN-Code-Bundle/cmd/sin-code/internal/todo/hooks.go:160.18,162.3 1 0
github.com/OpenSIN-Code/SIN-Code-Bundle/cmd/sin-code/internal/todo/hooks.go:163.2,163.65 1 0
github.com/OpenSIN-Code/SIN-Code-Bundle/cmd/sin-code/internal/todo/hooks.go:163.65,165.3 1 0
github.com/OpenSIN-Code/SIN-Code-Bundle/cmd/sin-code/internal/todo/hooks.go:166.2,167.16 2 0
github.com/OpenSIN-Code/SIN-Code-Bundle/cmd/sin-code/internal/todo/hooks.go:167.16,169.3 1 0
github.com/OpenSIN-Code/SIN-Code-Bundle/cmd/sin-code/internal/todo/hooks.go:170.2,171.37 2 0
github.com/OpenSIN-Code/SIN-Code-Bundle/cmd/sin-code/internal/todo/hooks.go:192.31,192.54 1 0
github.com/OpenSIN-Code/SIN-Code-Bundle/cmd/sin-code/internal/todo/hooks.go:194.57,196.21 2 0
github.com/OpenSIN-Code/SIN-Code-Bundle/cmd/sin-code/internal/todo/hooks.go:196.21,198.3 1 0
github.com/OpenSIN-Code/SIN-Code-Bundle/cmd/sin-code/internal/todo/hooks.go:199.2,200.26 2 0
github.com/OpenSIN-Code/SIN-Code-Bundle/cmd/sin-code/internal/todo/hooks.go:200.26,202.3 1 0
github.com/OpenSIN-Code/SIN-Code-Bundle/cmd/sin-code/internal/todo/hooks.go:203.2,203.16 1 0
github.com/OpenSIN-Code/SIN-Code-Bundle/cmd/sin-code/internal/todo/hooks.go:206.50,209.18 3 0
github.com/OpenSIN-Code/SIN-Code-Bundle/cmd/sin-code/internal/todo/hooks.go:209.18,211.3 1 0
github.com/OpenSIN-Code/SIN-Code-Bundle/cmd/sin-code/internal/todo/hooks.go:212.2,224.47 10 0
github.com/OpenSIN-Code/SIN-Code-Bundle/cmd/sin-code/internal/todo/hooks.go:224.47,226.3 1 0
github.com/OpenSIN-Code/SIN-Code-Bundle/cmd/sin-code/internal/todo/hooks.go:227.2,234.3 1 0
github.com/OpenSIN-Code/SIN-Code-Bundle/cmd/sin-code/internal/todo/hooks.go:237.41,239.27 2 0
github.com/OpenSIN-Code/SIN-Code-Bundle/cmd/sin-code/internal/todo/hooks.go:239.27,241.3 1 0
github.com/OpenSIN-Code/SIN-Code-Bundle/cmd/sin-code/internal/todo/hooks.go:242.2,244.21 3 0
github.com/OpenSIN-Code/SIN-Code-Bundle/cmd/sin-code/internal/todo/hooks.go:244.21,253.3 8 0
github.com/OpenSIN-Code/SIN-Code-Bundle/cmd/sin-code/internal/todo/hooks.go:254.2,254.20 1 0
github.com/OpenSIN-Code/SIN-Code-Bundle/cmd/sin-code/internal/todo/hooks.go:254.20,256.3 1 0
github.com/OpenSIN-Code/SIN-Code-Bundle/cmd/sin-code/internal/todo/hooks.go:257.2,257.18 1 0
github.com/OpenSIN-Code/SIN-Code-Bundle/cmd/sin-code/internal/todo/hooks.go:257.18,259.3 1 0
github.com/OpenSIN-Code/SIN-Code-Bundle/cmd/sin-code/internal/todo/hooks.go:260.2,260.20 1 0
github.com/OpenSIN-Code/SIN-Code-Bundle/cmd/sin-code/internal/todo/hooks.go:260.20,262.3 1 0
github.com/OpenSIN-Code/SIN-Code-Bundle/cmd/sin-code/internal/todo/hooks.go:263.2,263.12 1 0
github.com/OpenSIN-Code/SIN-Code-Bundle/cmd/sin-code/internal/todo/id.go:20.13,22.2 1 1
github.com/OpenSIN-Code/SIN-Code-Bundle/cmd/sin-code/internal/todo/id.go:24.43,25.12 1 0
github.com/OpenSIN-Code/SIN-Code-Bundle/cmd/sin-code/internal/todo/id.go:25.12,27.3 1 0
github.com/OpenSIN-Code/SIN-Code-Bundle/cmd/sin-code/internal/todo/id.go:28.2,29.26 2 0
github.com/OpenSIN-Code/SIN-Code-Bundle/cmd/sin-code/internal/todo/id.go:29.26,32.3 2 0
github.com/OpenSIN-Code/SIN-Code-Bundle/cmd/sin-code/internal/todo/id.go:33.2,33.17 1 0
github.com/OpenSIN-Code/SIN-Code-Bundle/cmd/sin-code/internal/todo/id.go:33.17,35.3 1 0
github.com/OpenSIN-Code/SIN-Code-Bundle/cmd/sin-code/internal/todo/id.go:36.2,36.18 1 0
github.com/OpenSIN-Code/SIN-Code-Bundle/cmd/sin-code/internal/todo/id.go:39.26,42.26 3 0
github.com/OpenSIN-Code/SIN-Code-Bundle/cmd/sin-code/internal/todo/id.go:42.26,46.40 4 0
github.com/OpenSIN-Code/SIN-Code-Bundle/cmd/sin-code/internal/todo/id.go:46.40,49.4 2 0
github.com/OpenSIN-Code/SIN-Code-Bundle/cmd/sin-code/internal/todo/id.go:51.2,51.86 1 0
github.com/OpenSIN-Code/SIN-Code-Bundle/cmd/sin-code/internal/todo/id.go:54.32,55.40 1 0
github.com/OpenSIN-Code/SIN-Code-Bundle/cmd/sin-code/internal/todo/id.go:55.40,57.3 1 0
github.com/OpenSIN-Code/SIN-Code-Bundle/cmd/sin-code/internal/todo/id.go:58.2,58.36 1 0
github.com/OpenSIN-Code/SIN-Code-Bundle/cmd/sin-code/internal/todo/id.go:58.36,60.3 1 0
github.com/OpenSIN-Code/SIN-Code-Bundle/cmd/sin-code/internal/todo/id.go:61.2,62.25 2 0
github.com/OpenSIN-Code/SIN-Code-Bundle/cmd/sin-code/internal/todo/id.go:62.25,64.32 2 0
github.com/OpenSIN-Code/SIN-Code-Bundle/cmd/sin-code/internal/todo/id.go:64.32,65.26 1 0
github.com/OpenSIN-Code/SIN-Code-Bundle/cmd/sin-code/internal/todo/id.go:65.26,67.10 2 0
github.com/OpenSIN-Code/SIN-Code-Bundle/cmd/sin-code/internal/todo/id.go:70.3,70.13 1 0
github.com/OpenSIN-Code/SIN-Code-Bundle/cmd/sin-code/internal/todo/id.go:70.13,72.4 1 0
github.com/OpenSIN-Code/SIN-Code-Bundle/cmd/sin-code/internal/todo/id.go:74.2,74.13 1 0
github.com/OpenSIN-Code/SIN-Code-Bundle/cmd/sin-code/internal/todo/id.go:77.21,82.2 4 0
github.com/OpenSIN-Code/SIN-Code-Bundle/cmd/sin-code/internal/todo/model.go:15.30,16.11 1 0
github.com/OpenSIN-Code/SIN-Code-Bundle/cmd/sin-code/internal/todo/model.go:17.80,18.14 1 0
github.com/OpenSIN-Code/SIN-Code-Bundle/cmd/sin-code/internal/todo/model.go:20.2,20.14 1 0
github.com/OpenSIN-Code/SIN-Code-Bundle/cmd/sin-code/internal/todo/model.go:32.32,33.11 1 0
github.com/OpenSIN-Code/SIN-Code-Bundle/cmd/sin-code/internal/todo/model.go:34.54,35.14 1 0
github.com/OpenSIN-Code/SIN-Code-Bundle/cmd/sin-code/internal/todo/model.go:37.2,37.14 1 0
github.com/OpenSIN-Code/SIN-Code-Bundle/cmd/sin-code/internal/todo/model.go:40.30,41.11 1 0
github.com/OpenSIN-Code/SIN-Code-Bundle/cmd/sin-code/internal/todo/model.go:42.18,43.11 1 0
github.com/OpenSIN-Code/SIN-Code-Bundle/cmd/sin-code/internal/todo/model.go:44.18,45.11 1 0
github.com/OpenSIN-Code/SIN-Code-Bundle/cmd/sin-code/internal/todo/model.go:46.18,47.11 1 0
github.com/OpenSIN-Code/SIN-Code-Bundle/cmd/sin-code/internal/todo/model.go:48.18,49.11 1 0
github.com/OpenSIN-Code/SIN-Code-Bundle/cmd/sin-code/internal/todo/model.go:51.2,51.11 1 0
github.com/OpenSIN-Code/SIN-Code-Bundle/cmd/sin-code/internal/todo/model.go:65.32,66.11 1 0
github.com/OpenSIN-Code/SIN-Code-Bundle/cmd/sin-code/internal/todo/model.go:67.73,68.14 1 0
github.com/OpenSIN-Code/SIN-Code-Bundle/cmd/sin-code/internal/todo/model.go:70.2,70.14 1 0
github.com/OpenSIN-Code/SIN-Code-Bundle/cmd/sin-code/internal/todo/model.go:84.31,85.11 1 0
github.com/OpenSIN-Code/SIN-Code-Bundle/cmd/sin-code/internal/todo/model.go:86.94,87.14 1 0
github.com/OpenSIN-Code/SIN-Code-Bundle/cmd/sin-code/internal/todo/model.go:89.2,89.14 1 0
github.com/OpenSIN-Code/SIN-Code-Bundle/cmd/sin-code/internal/todo/model.go:92.36,94.2 1 0
github.com/OpenSIN-Code/SIN-Code-Bundle/cmd/sin-code/internal/todo/model.go:124.30,126.2 1 0
github.com/OpenSIN-Code/SIN-Code-Bundle/cmd/sin-code/internal/todo/model.go:128.32,130.2 1 0
github.com/OpenSIN-Code/SIN-Code-Bundle/cmd/sin-code/internal/todo/plugin_hooks.go:21.41,22.26 1 0
github.com/OpenSIN-Code/SIN-Code-Bundle/cmd/sin-code/internal/todo/plugin_hooks.go:22.26,25.3 2 0
github.com/OpenSIN-Code/SIN-Code-Bundle/cmd/sin-code/internal/todo/plugin_hooks.go:26.2,26.18 1 0
github.com/OpenSIN-Code/SIN-Code-Bundle/cmd/sin-code/internal/todo/plugin_hooks.go:29.85,31.16 2 0
github.com/OpenSIN-Code/SIN-Code-Bundle/cmd/sin-code/internal/todo/plugin_hooks.go:31.16,33.3 1 0
github.com/OpenSIN-Code/SIN-Code-Bundle/cmd/sin-code/internal/todo/plugin_hooks.go:34.2,35.21 2 0
github.com/OpenSIN-Code/SIN-Code-Bundle/cmd/sin-code/internal/todo/plugin_hooks.go:35.21,37.3 1 0
github.com/OpenSIN-Code/SIN-Code-Bundle/cmd/sin-code/internal/todo/plugin_hooks.go:38.2,39.26 2 0
github.com/OpenSIN-Code/SIN-Code-Bundle/cmd/sin-code/internal/todo/plugin_hooks.go:39.26,42.17 3 0
github.com/OpenSIN-Code/SIN-Code-Bundle/cmd/sin-code/internal/todo/plugin_hooks.go:42.17,44.4 1 0
github.com/OpenSIN-Code/SIN-Code-Bundle/cmd/sin-code/internal/todo/plugin_hooks.go:45.3,45.17 1 0
github.com/OpenSIN-Code/SIN-Code-Bundle/cmd/sin-code/internal/todo/plugin_hooks.go:45.17,47.4 1 0
github.com/OpenSIN-Code/SIN-Code-Bundle/cmd/sin-code/internal/todo/plugin_hooks.go:48.3,48.17 1 0
github.com/OpenSIN-Code/SIN-Code-Bundle/cmd/sin-code/internal/todo/plugin_hooks.go:48.17,50.4 1 0
github.com/OpenSIN-Code/SIN-Code-Bundle/cmd/sin-code/internal/todo/plugin_hooks.go:51.3,59.17 2 0
github.com/OpenSIN-Code/SIN-Code-Bundle/cmd/sin-code/internal/todo/plugin_hooks.go:59.17,62.4 1 0
github.com/OpenSIN-Code/SIN-Code-Bundle/cmd/sin-code/internal/todo/plugin_hooks.go:66.105,68.18 2 0
github.com/OpenSIN-Code/SIN-Code-Bundle/cmd/sin-code/internal/todo/plugin_hooks.go:68.18,70.3 1 0
github.com/OpenSIN-Code/SIN-Code-Bundle/cmd/sin-code/internal/todo/plugin_hooks.go:71.2,85.19 11 0
github.com/OpenSIN-Code/SIN-Code-Bundle/cmd/sin-code/internal/todo/plugin_hooks.go:85.19,87.30 2 0
github.com/OpenSIN-Code/SIN-Code-Bundle/cmd/sin-code/internal/todo/plugin_hooks.go:87.30,89.4 1 0
github.com/OpenSIN-Code/SIN-Code-Bundle/cmd/sin-code/internal/todo/plugin_hooks.go:90.3,90.42 1 0
github.com/OpenSIN-Code/SIN-Code-Bundle/cmd/sin-code/internal/todo/plugin_hooks.go:92.2,92.31 1 0
github.com/OpenSIN-Code/SIN-Code-Bundle/cmd/sin-code/internal/todo/query.go:9.61,11.16 2 0
github.com/OpenSIN-Code/SIN-Code-Bundle/cmd/sin-code/internal/todo/query.go:11.16,13.3 1 0
github.com/OpenSIN-Code/SIN-Code-Bundle/cmd/sin-code/internal/todo/query.go:14.2,15.24 2 0
github.com/OpenSIN-Code/SIN-Code-Bundle/cmd/sin-code/internal/todo/query.go:15.24,16.45 1 0
github.com/OpenSIN-Code/SIN-Code-Bundle/cmd/sin-code/internal/todo/query.go:16.45,17.12 1 0
github.com/OpenSIN-Code/SIN-Code-Bundle/cmd/sin-code/internal/todo/query.go:19.3,19.51 1 0
github.com/OpenSIN-Code/SIN-Code-Bundle/cmd/sin-code/internal/todo/query.go:19.51,20.12 1 0
github.com/OpenSIN-Code/SIN-Code-Bundle/cmd/sin-code/internal/todo/query.go:22.3,22.39 1 0
github.com/OpenSIN-Code/SIN-Code-Bundle/cmd/sin-code/internal/todo/query.go:22.39,23.12 1 0
github.com/OpenSIN-Code/SIN-Code-Bundle/cmd/sin-code/internal/todo/query.go:25.3,25.51 1 0
github.com/OpenSIN-Code/SIN-Code-Bundle/cmd/sin-code/internal/todo/query.go:25.51,26.12 1 0
github.com/OpenSIN-Code/SIN-Code-Bundle/cmd/sin-code/internal/todo/query.go:28.3,28.48 1 0
github.com/OpenSIN-Code/SIN-Code-Bundle/cmd/sin-code/internal/todo/query.go:28.48,29.12 1 0
github.com/OpenSIN-Code/SIN-Code-Bundle/cmd/sin-code/internal/todo/query.go:31.3,31.18 1 0
github.com/OpenSIN-Code/SIN-Code-Bundle/cmd/sin-code/internal/todo/query.go:31.18,33.30 2 0
github.com/OpenSIN-Code/SIN-Code-Bundle/cmd/sin-code/internal/todo/query.go:33.30,34.20 1 0
github.com/OpenSIN-Code/SIN-Code-Bundle/cmd/sin-code/internal/todo/query.go:34.20,36.11 2 0
github.com/OpenSIN-Code/SIN-Code-Bundle/cmd/sin-code/internal/todo/query.go:39.4,39.14 1 0
github.com/OpenSIN-Code/SIN-Code-Bundle/cmd/sin-code/internal/todo/query.go:39.14,40.13 1 0
github.com/OpenSIN-Code/SIN-Code-Bundle/cmd/sin-code/internal/todo/query.go:43.3,43.21 1 0
github.com/OpenSIN-Code/SIN-Code-Bundle/cmd/sin-code/internal/todo/query.go:43.21,46.63 2 0
github.com/OpenSIN-Code/SIN-Code-Bundle/cmd/sin-code/internal/todo/query.go:46.63,47.13 1 0
github.com/OpenSIN-Code/SIN-Code-Bundle/cmd/sin-code/internal/todo/query.go:50.3,50.23 1 0
github.com/OpenSIN-Code/SIN-Code-Bundle/cmd/sin-code/internal/todo/query.go:52.2,53.17 2 0
github.com/OpenSIN-Code/SIN-Code-Bundle/cmd/sin-code/internal/todo/query.go:56.42,57.43 1 0
github.com/OpenSIN-Code/SIN-Code-Bundle/cmd/sin-code/internal/todo/query.go:57.43,59.15 2 0
github.com/OpenSIN-Code/SIN-Code-Bundle/cmd/sin-code/internal/todo/query.go:59.15,61.4 1 0
github.com/OpenSIN-Code/SIN-Code-Bundle/cmd/sin-code/internal/todo/query.go:62.3,62.49 1 0
github.com/OpenSIN-Code/SIN-Code-Bundle/cmd/sin-code/internal/todo/query.go:66.42,68.16 2 0
github.com/OpenSIN-Code/SIN-Code-Bundle/cmd/sin-code/internal/todo/query.go:68.16,70.3 1 0
github.com/OpenSIN-Code/SIN-Code-Bundle/cmd/sin-code/internal/todo/query.go:71.2,72.24 2 0
github.com/OpenSIN-Code/SIN-Code-Bundle/cmd/sin-code/internal/todo/query.go:72.24,73.18 1 0
github.com/OpenSIN-Code/SIN-Code-Bundle/cmd/sin-code/internal/todo/query.go:73.18,74.12 1 0
github.com/OpenSIN-Code/SIN-Code-Bundle/cmd/sin-code/internal/todo/query.go:76.3,77.17 2 0
github.com/OpenSIN-Code/SIN-Code-Bundle/cmd/sin-code/internal/todo/query.go:77.17,79.4 1 0
github.com/OpenSIN-Code/SIN-Code-Bundle/cmd/sin-code/internal/todo/query.go:80.3,81.31 2 0
github.com/OpenSIN-Code/SIN-Code-Bundle/cmd/sin-code/internal/todo/query.go:81.31,83.19 2 0
github.com/OpenSIN-Code/SIN-Code-Bundle/cmd/sin-code/internal/todo/query.go:83.19,84.13 1 0
github.com/OpenSIN-Code/SIN-Code-Bundle/cmd/sin-code/internal/todo/query.go:86.4,86.34 1 0
github.com/OpenSIN-Code/SIN-Code-Bundle/cmd/sin-code/internal/todo/query.go:86.34,88.10 2 0
github.com/OpenSIN-Code/SIN-Code-Bundle/cmd/sin-code/internal/todo/query.go:91.3,91.15 1 0
github.com/OpenSIN-Code/SIN-Code-Bundle/cmd/sin-code/internal/todo/query.go:91.15,93.4 1 0
github.com/OpenSIN-Code/SIN-Code-Bundle/cmd/sin-code/internal/todo/query.go:95.2,96.18 2 0
github.com/OpenSIN-Code/SIN-Code-Bundle/cmd/sin-code/internal/todo/query.go:99.44,101.16 2 0
github.com/OpenSIN-Code/SIN-Code-Bundle/cmd/sin-code/internal/todo/query.go:101.16,103.3 1 0
github.com/OpenSIN-Code/SIN-Code-Bundle/cmd/sin-code/internal/todo/query.go:104.2,105.24 2 0
github.com/OpenSIN-Code/SIN-Code-Bundle/cmd/sin-code/internal/todo/query.go:105.24,106.18 1 0
github.com/OpenSIN-Code/SIN-Code-Bundle/cmd/sin-code/internal/todo/query.go:106.18,107.12 1 0
github.com/OpenSIN-Code/SIN-Code-Bundle/cmd/sin-code/internal/todo/query.go:109.3,110.17 2 0
github.com/OpenSIN-Code/SIN-Code-Bundle/cmd/sin-code/internal/todo/query.go:110.17,112.4 1 0
github.com/OpenSIN-Code/SIN-Code-Bundle/cmd/sin-code/internal/todo/query.go:113.3,115.31 3 0
github.com/OpenSIN-Code/SIN-Code-Bundle/cmd/sin-code/internal/todo/query.go:115.31,117.19 2 0
github.com/OpenSIN-Code/SIN-Code-Bundle/cmd/sin-code/internal/todo/query.go:117.19,118.13 1 0
github.com/OpenSIN-Code/SIN-Code-Bundle/cmd/sin-code/internal/todo/query.go:120.4,120.34 1 0
github.com/OpenSIN-Code/SIN-Code-Bundle/cmd/sin-code/internal/todo/query.go:120.34,123.5 2 0
github.com/OpenSIN-Code/SIN-Code-Bundle/cmd/sin-code/internal/todo/query.go:125.3,125.21 1 0
github.com/OpenSIN-Code/SIN-Code-Bundle/cmd/sin-code/internal/todo/query.go:125.21,129.4 3 0
github.com/OpenSIN-Code/SIN-Code-Bundle/cmd/sin-code/internal/todo/query.go:131.2,132.17 2 0
github.com/OpenSIN-Code/SIN-Code-Bundle/cmd/sin-code/internal/todo/query.go:135.55,136.36 1 0
github.com/OpenSIN-Code/SIN-Code-Bundle/cmd/sin-code/internal/todo/query.go:136.36,138.3 1 0
github.com/OpenSIN-Code/SIN-Code-Bundle/cmd/sin-code/internal/todo/query.go:139.2,140.26 2 0
github.com/OpenSIN-Code/SIN-Code-Bundle/cmd/sin-code/internal/todo/query.go:143.56,145.2 1 0
github.com/OpenSIN-Code/SIN-Code-Bundle/cmd/sin-code/internal/todo/query.go:147.60,149.2 1 0
github.com/OpenSIN-Code/SIN-Code-Bundle/cmd/sin-code/internal/todo/query.go:151.48,153.16 2 0
github.com/OpenSIN-Code/SIN-Code-Bundle/cmd/sin-code/internal/todo/query.go:153.16,155.3 1 0
github.com/OpenSIN-Code/SIN-Code-Bundle/cmd/sin-code/internal/todo/query.go:156.2,162.24 2 0
github.com/OpenSIN-Code/SIN-Code-Bundle/cmd/sin-code/internal/todo/query.go:162.24,167.23 5 0
github.com/OpenSIN-Code/SIN-Code-Bundle/cmd/sin-code/internal/todo/query.go:167.23,169.4 1 0
github.com/OpenSIN-Code/SIN-Code-Bundle/cmd/sin-code/internal/todo/query.go:171.2,172.16 2 0
github.com/OpenSIN-Code/SIN-Code-Bundle/cmd/sin-code/internal/todo/query.go:172.16,174.3 1 0
github.com/OpenSIN-Code/SIN-Code-Bundle/cmd/sin-code/internal/todo/query.go:175.2,177.16 3 0
github.com/OpenSIN-Code/SIN-Code-Bundle/cmd/sin-code/internal/todo/query.go:177.16,179.3 1 0
github.com/OpenSIN-Code/SIN-Code-Bundle/cmd/sin-code/internal/todo/query.go:180.2,181.16 2 0
github.com/OpenSIN-Code/SIN-Code-Bundle/cmd/sin-code/internal/todo/remember.go:18.45,21.26 3 0
github.com/OpenSIN-Code/SIN-Code-Bundle/cmd/sin-code/internal/todo/remember.go:21.26,24.3 2 0
github.com/OpenSIN-Code/SIN-Code-Bundle/cmd/sin-code/internal/todo/remember.go:25.2,25.60 1 0
github.com/OpenSIN-Code/SIN-Code-Bundle/cmd/sin-code/internal/todo/remember.go:28.44,29.16 1 0
github.com/OpenSIN-Code/SIN-Code-Bundle/cmd/sin-code/internal/todo/remember.go:29.16,31.3 1 0
github.com/OpenSIN-Code/SIN-Code-Bundle/cmd/sin-code/internal/todo/remember.go:32.2,32.26 1 0
github.com/OpenSIN-Code/SIN-Code-Bundle/cmd/sin-code/internal/todo/remember.go:32.26,34.3 1 0
github.com/OpenSIN-Code/SIN-Code-Bundle/cmd/sin-code/internal/todo/remember.go:35.2,35.19 1 0
github.com/OpenSIN-Code/SIN-Code-Bundle/cmd/sin-code/internal/todo/remember.go:35.19,37.3 1 0
github.com/OpenSIN-Code/SIN-Code-Bundle/cmd/sin-code/internal/todo/remember.go:38.2,38.42 1 0
github.com/OpenSIN-Code/SIN-Code-Bundle/cmd/sin-code/internal/todo/remember.go:38.42,41.17 3 0
github.com/OpenSIN-Code/SIN-Code-Bundle/cmd/sin-code/internal/todo/remember.go:41.17,43.4 1 0
github.com/OpenSIN-Code/SIN-Code-Bundle/cmd/sin-code/internal/todo/remember.go:44.3,44.48 1 0
github.com/OpenSIN-Code/SIN-Code-Bundle/cmd/sin-code/internal/todo/remember.go:48.51,50.40 2 0
github.com/OpenSIN-Code/SIN-Code-Bundle/cmd/sin-code/internal/todo/remember.go:50.40,52.44 2 0
github.com/OpenSIN-Code/SIN-Code-Bundle/cmd/sin-code/internal/todo/remember.go:52.44,54.48 2 0
github.com/OpenSIN-Code/SIN-Code-Bundle/cmd/sin-code/internal/todo/remember.go:54.48,56.5 1 0
github.com/OpenSIN-Code/SIN-Code-Bundle/cmd/sin-code/internal/todo/remember.go:57.4,58.14 2 0
github.com/OpenSIN-Code/SIN-Code-Bundle/cmd/sin-code/internal/todo/remember.go:61.2,61.17 1 0
github.com/OpenSIN-Code/SIN-Code-Bundle/cmd/sin-code/internal/todo/store.go:42.40,43.16 1 0
github.com/OpenSIN-Code/SIN-Code-Bundle/cmd/sin-code/internal/todo/store.go:43.16,45.17 2 0
github.com/OpenSIN-Code/SIN-Code-Bundle/cmd/sin-code/internal/todo/store.go:45.17,47.4 1 0
github.com/OpenSIN-Code/SIN-Code-Bundle/cmd/sin-code/internal/todo/store.go:48.3,48.51 1 0
github.com/OpenSIN-Code/SIN-Code-Bundle/cmd/sin-code/internal/todo/store.go:50.2,50.63 1 0
github.com/OpenSIN-Code/SIN-Code-Bundle/cmd/sin-code/internal/todo/store.go:50.63,52.3 1 0
github.com/OpenSIN-Code/SIN-Code-Bundle/cmd/sin-code/internal/todo/store.go:53.2,54.16 2 0
github.com/OpenSIN-Code/SIN-Code-Bundle/cmd/sin-code/internal/todo/store.go:54.16,56.3 1 0
github.com/OpenSIN-Code/SIN-Code-Bundle/cmd/sin-code/internal/todo/store.go:57.2,57.46 1 0
github.com/OpenSIN-Code/SIN-Code-Bundle/cmd/sin-code/internal/todo/store.go:57.46,61.5 1 0
github.com/OpenSIN-Code/SIN-Code-Bundle/cmd/sin-code/internal/todo/store.go:61.5,62.67 1 0
github.com/OpenSIN-Code/SIN-Code-Bundle/cmd/sin-code/internal/todo/store.go:62.67,64.5 1 0
github.com/OpenSIN-Code/SIN-Code-Bundle/cmd/sin-code/internal/todo/store.go:66.3,66.13 1 0
github.com/OpenSIN-Code/SIN-Code-Bundle/cmd/sin-code/internal/todo/store.go:67.17,70.3 2 0
github.com/OpenSIN-Code/SIN-Code-Bundle/cmd/sin-code/internal/todo/store.go:71.2,71.40 1 0
github.com/OpenSIN-Code/SIN-Code-Bundle/cmd/sin-code/internal/todo/store.go:74.31,75.29 1 0
github.com/OpenSIN-Code/SIN-Code-Bundle/cmd/sin-code/internal/todo/store.go:75.29,77.3 1 0
github.com/OpenSIN-Code/SIN-Code-Bundle/cmd/sin-code/internal/todo/store.go:78.2,78.21 1 0
github.com/OpenSIN-Code/SIN-Code-Bundle/cmd/sin-code/internal/todo/store.go:81.31,81.48 1 0
github.com/OpenSIN-Code/SIN-Code-Bundle/cmd/sin-code/internal/todo/store.go:83.31,83.46 1 0
github.com/OpenSIN-Code/SIN-Code-Bundle/cmd/sin-code/internal/todo/store.go:85.55,86.29 1 0
github.com/OpenSIN-Code/SIN-Code-Bundle/cmd/sin-code/internal/todo/store.go:86.29,88.3 1 0
github.com/OpenSIN-Code/SIN-Code-Bundle/cmd/sin-code/internal/todo/store.go:89.2,89.24 1 0
github.com/OpenSIN-Code/SIN-Code-Bundle/cmd/sin-code/internal/todo/store.go:92.53,93.29 1 0
github.com/OpenSIN-Code/SIN-Code-Bundle/cmd/sin-code/internal/todo/store.go:93.29,95.3 1 0
github.com/OpenSIN-Code/SIN-Code-Bundle/cmd/sin-code/internal/todo/store.go:96.2,96.22 1 0
github.com/OpenSIN-Code/SIN-Code-Bundle/cmd/sin-code/internal/todo/store.go:99.32,99.53 1 0
github.com/OpenSIN-Code/SIN-Code-Bundle/cmd/sin-code/internal/todo/store.go:101.39,103.2 1 0
github.com/OpenSIN-Code/SIN-Code-Bundle/cmd/sin-code/internal/todo/store.go:105.36,106.14 1 0
github.com/OpenSIN-Code/SIN-Code-Bundle/cmd/sin-code/internal/todo/store.go:106.14,108.3 1 0
github.com/OpenSIN-Code/SIN-Code-Bundle/cmd/sin-code/internal/todo/store.go:109.2,109.38 1 0
github.com/OpenSIN-Code/SIN-Code-Bundle/cmd/sin-code/internal/todo/store.go:109.38,111.3 1 0
github.com/OpenSIN-Code/SIN-Code-Bundle/cmd/sin-code/internal/todo/store.go:112.2,112.22 1 0
github.com/OpenSIN-Code/SIN-Code-Bundle/cmd/sin-code/internal/todo/store.go:112.22,114.3 1 0
github.com/OpenSIN-Code/SIN-Code-Bundle/cmd/sin-code/internal/todo/store.go:115.2,115.25 1 0
github.com/OpenSIN-Code/SIN-Code-Bundle/cmd/sin-code/internal/todo/store.go:115.25,117.3 1 0
github.com/OpenSIN-Code/SIN-Code-Bundle/cmd/sin-code/internal/todo/store.go:118.2,118.18 1 0
github.com/OpenSIN-Code/SIN-Code-Bundle/cmd/sin-code/internal/todo/store.go:118.18,120.3 1 0
github.com/OpenSIN-Code/SIN-Code-Bundle/cmd/sin-code/internal/todo/store.go:121.2,121.21 1 0
github.com/OpenSIN-Code/SIN-Code-Bundle/cmd/sin-code/internal/todo/store.go:121.21,123.3 1 0
github.com/OpenSIN-Code/SIN-Code-Bundle/cmd/sin-code/internal/todo/store.go:124.2,124.20 1 0
github.com/OpenSIN-Code/SIN-Code-Bundle/cmd/sin-code/internal/todo/store.go:124.20,126.3 1 0
github.com/OpenSIN-Code/SIN-Code-Bundle/cmd/sin-code/internal/todo/store.go:127.2,127.23 1 0
github.com/OpenSIN-Code/SIN-Code-Bundle/cmd/sin-code/internal/todo/store.go:127.23,129.3 1 0
github.com/OpenSIN-Code/SIN-Code-Bundle/cmd/sin-code/internal/todo/store.go:130.2,131.26 2 0
github.com/OpenSIN-Code/SIN-Code-Bundle/cmd/sin-code/internal/todo/store.go:131.26,133.3 1 0
github.com/OpenSIN-Code/SIN-Code-Bundle/cmd/sin-code/internal/todo/store.go:134.2,135.16 2 0
github.com/OpenSIN-Code/SIN-Code-Bundle/cmd/sin-code/internal/todo/store.go:135.16,137.3 1 0
github.com/OpenSIN-Code/SIN-Code-Bundle/cmd/sin-code/internal/todo/store.go:138.2,139.42 2 0
github.com/OpenSIN-Code/SIN-Code-Bundle/cmd/sin-code/internal/todo/store.go:139.42,141.17 2 0
github.com/OpenSIN-Code/SIN-Code-Bundle/cmd/sin-code/internal/todo/store.go:141.17,143.4 1 0
github.com/OpenSIN-Code/SIN-Code-Bundle/cmd/sin-code/internal/todo/store.go:144.3,145.52 2 0
github.com/OpenSIN-Code/SIN-Code-Bundle/cmd/sin-code/internal/todo/store.go:145.52,147.4 1 0
github.com/OpenSIN-Code/SIN-Code-Bundle/cmd/sin-code/internal/todo/store.go:148.3,150.23 3 0
github.com/OpenSIN-Code/SIN-Code-Bundle/cmd/sin-code/internal/todo/store.go:150.23,152.4 1 0
github.com/OpenSIN-Code/SIN-Code-Bundle/cmd/sin-code/internal/todo/store.go:153.3,153.22 1 0
github.com/OpenSIN-Code/SIN-Code-Bundle/cmd/sin-code/internal/todo/store.go:153.22,155.4 1 0
github.com/OpenSIN-Code/SIN-Code-Bundle/cmd/sin-code/internal/todo/store.go:156.3,156.30 1 0
github.com/OpenSIN-Code/SIN-Code-Bundle/cmd/sin-code/internal/todo/store.go:156.30,158.4 1 0
github.com/OpenSIN-Code/SIN-Code-Bundle/cmd/sin-code/internal/todo/store.go:159.3,159.13 1 0
github.com/OpenSIN-Code/SIN-Code-Bundle/cmd/sin-code/internal/todo/store.go:163.39,164.28 1 0
github.com/OpenSIN-Code/SIN-Code-Bundle/cmd/sin-code/internal/todo/store.go:164.28,166.3 1 0
github.com/OpenSIN-Code/SIN-Code-Bundle/cmd/sin-code/internal/todo/store.go:167.2,168.23 2 0
github.com/OpenSIN-Code/SIN-Code-Bundle/cmd/sin-code/internal/todo/store.go:168.23,170.3 1 0
github.com/OpenSIN-Code/SIN-Code-Bundle/cmd/sin-code/internal/todo/store.go:171.2,171.39 1 0
github.com/OpenSIN-Code/SIN-Code-Bundle/cmd/sin-code/internal/todo/store.go:171.39,174.3 2 0
github.com/OpenSIN-Code/SIN-Code-Bundle/cmd/sin-code/internal/todo/store.go:175.2,175.40 1 0
github.com/OpenSIN-Code/SIN-Code-Bundle/cmd/sin-code/internal/todo/store.go:175.40,177.3 1 0
github.com/OpenSIN-Code/SIN-Code-Bundle/cmd/sin-code/internal/todo/store.go:178.2,179.42 2 0
github.com/OpenSIN-Code/SIN-Code-Bundle/cmd/sin-code/internal/todo/store.go:179.42,182.17 3 0
github.com/OpenSIN-Code/SIN-Code-Bundle/cmd/sin-code/internal/todo/store.go:182.17,184.4 1 0
github.com/OpenSIN-Code/SIN-Code-Bundle/cmd/sin-code/internal/todo/store.go:185.3,186.52 2 0
github.com/OpenSIN-Code/SIN-Code-Bundle/cmd/sin-code/internal/todo/store.go:186.52,188.4 1 0
github.com/OpenSIN-Code/SIN-Code-Bundle/cmd/sin-code/internal/todo/store.go:189.3,189.30 1 0
github.com/OpenSIN-Code/SIN-Code-Bundle/cmd/sin-code/internal/todo/store.go:189.30,192.4 2 0
github.com/OpenSIN-Code/SIN-Code-Bundle/cmd/sin-code/internal/todo/store.go:193.3,193.34 1 0
github.com/OpenSIN-Code/SIN-Code-Bundle/cmd/sin-code/internal/todo/store.go:193.34,196.4 2 0
github.com/OpenSIN-Code/SIN-Code-Bundle/cmd/sin-code/internal/todo/store.go:197.3,197.34 1 0
github.com/OpenSIN-Code/SIN-Code-Bundle/cmd/sin-code/internal/todo/store.go:197.34,199.24 2 0
github.com/OpenSIN-Code/SIN-Code-Bundle/cmd/sin-code/internal/todo/store.go:199.24,201.5 1 0
github.com/OpenSIN-Code/SIN-Code-Bundle/cmd/sin-code/internal/todo/store.go:203.3,203.32 1 0
github.com/OpenSIN-Code/SIN-Code-Bundle/cmd/sin-code/internal/todo/store.go:203.32,205.23 2 0
github.com/OpenSIN-Code/SIN-Code-Bundle/cmd/sin-code/internal/todo/store.go:205.23,207.5 1 0
github.com/OpenSIN-Code/SIN-Code-Bundle/cmd/sin-code/internal/todo/store.go:209.3,210.32 2 0
github.com/OpenSIN-Code/SIN-Code-Bundle/cmd/sin-code/internal/todo/store.go:210.32,212.4 1 0
github.com/OpenSIN-Code/SIN-Code-Bundle/cmd/sin-code/internal/todo/store.go:213.3,214.29 2 0
github.com/OpenSIN-Code/SIN-Code-Bundle/cmd/sin-code/internal/todo/store.go:214.29,216.4 1 0
github.com/OpenSIN-Code/SIN-Code-Bundle/cmd/sin-code/internal/todo/store.go:217.3,217.27 1 0
github.com/OpenSIN-Code/SIN-Code-Bundle/cmd/sin-code/internal/todo/store.go:217.27,218.37 1 0
github.com/OpenSIN-Code/SIN-Code-Bundle/cmd/sin-code/internal/todo/store.go:218.37,220.5 1 0
github.com/OpenSIN-Code/SIN-Code-Bundle/cmd/sin-code/internal/todo/store.go:222.3,222.27 1 0
github.com/OpenSIN-Code/SIN-Code-Bundle/cmd/sin-code/internal/todo/store.go:222.27,223.35 1 0
github.com/OpenSIN-Code/SIN-Code-Bundle/cmd/sin-code/internal/todo/store.go:223.35,225.5 1 0
github.com/OpenSIN-Code/SIN-Code-Bundle/cmd/sin-code/internal/todo/store.go:227.3,228.17 2 0
github.com/OpenSIN-Code/SIN-Code-Bundle/cmd/sin-code/internal/todo/store.go:228.17,230.4 1 0
github.com/OpenSIN-Code/SIN-Code-Bundle/cmd/sin-code/internal/todo/store.go:231.3,231.36 1 0
github.com/OpenSIN-Code/SIN-Code-Bundle/cmd/sin-code/internal/todo/store.go:235.47,237.40 2 0
github.com/OpenSIN-Code/SIN-Code-Bundle/cmd/sin-code/internal/todo/store.go:237.40,239.17 2 0
github.com/OpenSIN-Code/SIN-Code-Bundle/cmd/sin-code/internal/todo/store.go:239.17,241.4 1 0
github.com/OpenSIN-Code/SIN-Code-Bundle/cmd/sin-code/internal/todo/store.go:242.3,243.49 2 0
github.com/OpenSIN-Code/SIN-Code-Bundle/cmd/sin-code/internal/todo/store.go:243.49,245.4 1 0
github.com/OpenSIN-Code/SIN-Code-Bundle/cmd/sin-code/internal/todo/store.go:246.3,247.13 2 0
github.com/OpenSIN-Code/SIN-Code-Bundle/cmd/sin-code/internal/todo/store.go:249.2,249.17 1 0
github.com/OpenSIN-Code/SIN-Code-Bundle/cmd/sin-code/internal/todo/store.go:252.41,254.40 2 0
github.com/OpenSIN-Code/SIN-Code-Bundle/cmd/sin-code/internal/todo/store.go:254.40,255.73 1 0
github.com/OpenSIN-Code/SIN-Code-Bundle/cmd/sin-code/internal/todo/store.go:255.73,257.48 2 0
github.com/OpenSIN-Code/SIN-Code-Bundle/cmd/sin-code/internal/todo/store.go:257.48,259.5 1 0
github.com/OpenSIN-Code/SIN-Code-Bundle/cmd/sin-code/internal/todo/store.go:260.4,261.14 2 0
github.com/OpenSIN-Code/SIN-Code-Bundle/cmd/sin-code/internal/todo/store.go:264.2,264.17 1 0
github.com/OpenSIN-Code/SIN-Code-Bundle/cmd/sin-code/internal/todo/store.go:267.52,268.42 1 0
github.com/OpenSIN-Code/SIN-Code-Bundle/cmd/sin-code/internal/todo/store.go:268.42,271.17 3 0
github.com/OpenSIN-Code/SIN-Code-Bundle/cmd/sin-code/internal/todo/store.go:271.17,273.4 1 0
github.com/OpenSIN-Code/SIN-Code-Bundle/cmd/sin-code/internal/todo/store.go:274.3,274.12 1 0
github.com/OpenSIN-Code/SIN-Code-Bundle/cmd/sin-code/internal/todo/store.go:274.12,276.50 2 0
github.com/OpenSIN-Code/SIN-Code-Bundle/cmd/sin-code/internal/todo/store.go:276.50,278.5 1 0
github.com/OpenSIN-Code/SIN-Code-Bundle/cmd/sin-code/internal/todo/store.go:279.4,284.18 6 0
github.com/OpenSIN-Code/SIN-Code-Bundle/cmd/sin-code/internal/todo/store.go:284.18,286.5 1 0
github.com/OpenSIN-Code/SIN-Code-Bundle/cmd/sin-code/internal/todo/store.go:287.4,287.35 1 0
github.com/OpenSIN-Code/SIN-Code-Bundle/cmd/sin-code/internal/todo/store.go:289.3,290.49 2 0
github.com/OpenSIN-Code/SIN-Code-Bundle/cmd/sin-code/internal/todo/store.go:290.49,292.4 1 0
github.com/OpenSIN-Code/SIN-Code-Bundle/cmd/sin-code/internal/todo/store.go:293.3,297.29 5 0
github.com/OpenSIN-Code/SIN-Code-Bundle/cmd/sin-code/internal/todo/store.go:297.29,299.4 1 0
github.com/OpenSIN-Code/SIN-Code-Bundle/cmd/sin-code/internal/todo/store.go:300.3,300.32 1 0
github.com/OpenSIN-Code/SIN-Code-Bundle/cmd/sin-code/internal/todo/store.go:304.53,306.40 2 0
github.com/OpenSIN-Code/SIN-Code-Bundle/cmd/sin-code/internal/todo/store.go:306.40,309.17 3 0
github.com/OpenSIN-Code/SIN-Code-Bundle/cmd/sin-code/internal/todo/store.go:309.17,311.4 1 0
github.com/OpenSIN-Code/SIN-Code-Bundle/cmd/sin-code/internal/todo/store.go:312.3,313.13 2 0
github.com/OpenSIN-Code/SIN-Code-Bundle/cmd/sin-code/internal/todo/store.go:315.2,315.17 1 0
github.com/OpenSIN-Code/SIN-Code-Bundle/cmd/sin-code/internal/todo/store.go:318.50,319.42 1 0
github.com/OpenSIN-Code/SIN-Code-Bundle/cmd/sin-code/internal/todo/store.go:319.42,322.3 2 0
github.com/OpenSIN-Code/SIN-Code-Bundle/cmd/sin-code/internal/todo/store.go:325.69,327.40 2 0
github.com/OpenSIN-Code/SIN-Code-Bundle/cmd/sin-code/internal/todo/store.go:327.40,329.15 2 0
github.com/OpenSIN-Code/SIN-Code-Bundle/cmd/sin-code/internal/todo/store.go:329.15,331.4 1 0
github.com/OpenSIN-Code/SIN-Code-Bundle/cmd/sin-code/internal/todo/store.go:332.3,334.81 3 0
github.com/OpenSIN-Code/SIN-Code-Bundle/cmd/sin-code/internal/todo/store.go:334.81,337.4 2 0
github.com/OpenSIN-Code/SIN-Code-Bundle/cmd/sin-code/internal/todo/store.go:338.3,338.13 1 0
github.com/OpenSIN-Code/SIN-Code-Bundle/cmd/sin-code/internal/todo/store.go:340.2,341.17 2 0
github.com/OpenSIN-Code/SIN-Code-Bundle/cmd/sin-code/internal/todo/store.go:344.58,345.15 1 0
github.com/OpenSIN-Code/SIN-Code-Bundle/cmd/sin-code/internal/todo/store.go:345.15,347.3 1 0
github.com/OpenSIN-Code/SIN-Code-Bundle/cmd/sin-code/internal/todo/store.go:348.2,349.14 2 0
github.com/OpenSIN-Code/SIN-Code-Bundle/cmd/sin-code/internal/todo/store.go:349.14,351.3 1 0
github.com/OpenSIN-Code/SIN-Code-Bundle/cmd/sin-code/internal/todo/store.go:352.2,352.44 1 0
github.com/OpenSIN-Code/SIN-Code-Bundle/cmd/sin-code/internal/todo/store.go:355.59,356.15 1 0
github.com/OpenSIN-Code/SIN-Code-Bundle/cmd/sin-code/internal/todo/store.go:356.15,358.3 1 0
github.com/OpenSIN-Code/SIN-Code-Bundle/cmd/sin-code/internal/todo/store.go:359.2,360.14 2 0
github.com/OpenSIN-Code/SIN-Code-Bundle/cmd/sin-code/internal/todo/store.go:360.14,362.3 1 0
github.com/OpenSIN-Code/SIN-Code-Bundle/cmd/sin-code/internal/todo/store.go:363.2,363.41 1 0
github.com/OpenSIN-Code/SIN-Code-Bundle/cmd/sin-code/internal/todo/store.go:366.44,369.25 3 0
github.com/OpenSIN-Code/SIN-Code-Bundle/cmd/sin-code/internal/todo/store.go:369.25,371.14 2 0
github.com/OpenSIN-Code/SIN-Code-Bundle/cmd/sin-code/internal/todo/store.go:371.14,372.12 1 0
github.com/OpenSIN-Code/SIN-Code-Bundle/cmd/sin-code/internal/todo/store.go:374.3,374.27 1 0
github.com/OpenSIN-Code/SIN-Code-Bundle/cmd/sin-code/internal/todo/store.go:374.27,375.12 1 0
github.com/OpenSIN-Code/SIN-Code-Bundle/cmd/sin-code/internal/todo/store.go:377.3,378.23 2 0
github.com/OpenSIN-Code/SIN-Code-Bundle/cmd/sin-code/internal/todo/store.go:380.2,381.12 2 0
github.com/OpenSIN-Code/SIN-Code-Bundle/cmd/sin-code/internal/todo/todo.go:32.13,64.2 30 1
github.com/OpenSIN-Code/SIN-Code-Bundle/cmd/sin-code/internal/todo/todo.go:66.34,68.2 1 0
github.com/OpenSIN-Code/SIN-Code-Bundle/cmd/sin-code/internal/todo/todo.go:70.28,71.18 1 0
github.com/OpenSIN-Code/SIN-Code-Bundle/cmd/sin-code/internal/todo/todo.go:71.18,73.3 1 0
github.com/OpenSIN-Code/SIN-Code-Bundle/cmd/sin-code/internal/todo/todo.go:74.2,75.16 2 0
github.com/OpenSIN-Code/SIN-Code-Bundle/cmd/sin-code/internal/todo/todo.go:75.16,77.17 2 0
github.com/OpenSIN-Code/SIN-Code-Bundle/cmd/sin-code/internal/todo/todo.go:77.17,79.4 1 0
github.com/OpenSIN-Code/SIN-Code-Bundle/cmd/sin-code/internal/todo/todo.go:81.2,81.46 1 0
github.com/OpenSIN-Code/SIN-Code-Bundle/cmd/sin-code/internal/todo/todo.go:81.46,83.3 1 0
github.com/OpenSIN-Code/SIN-Code-Bundle/cmd/sin-code/internal/todo/todo.go:84.2,84.18 1 0
github.com/OpenSIN-Code/SIN-Code-Bundle/cmd/sin-code/internal/todo/todo.go:87.30,88.23 1 0
github.com/OpenSIN-Code/SIN-Code-Bundle/cmd/sin-code/internal/todo/todo.go:88.23,90.3 1 0
github.com/OpenSIN-Code/SIN-Code-Bundle/cmd/sin-code/internal/todo/todo.go:91.2,92.16 2 0
github.com/OpenSIN-Code/SIN-Code-Bundle/cmd/sin-code/internal/todo/todo.go:92.16,94.3 1 0
github.com/OpenSIN-Code/SIN-Code-Bundle/cmd/sin-code/internal/todo/todo.go:95.2,95.27 1 0
github.com/OpenSIN-Code/SIN-Code-Bundle/cmd/sin-code/internal/todo/todo.go:98.37,102.2 3 0
github.com/OpenSIN-Code/SIN-Code-Bundle/cmd/sin-code/internal/todo/todo.go:104.34,105.11 1 0
github.com/OpenSIN-Code/SIN-Code-Bundle/cmd/sin-code/internal/todo/todo.go:106.18,107.15 1 0
github.com/OpenSIN-Code/SIN-Code-Bundle/cmd/sin-code/internal/todo/todo.go:108.23,109.15 1 0
github.com/OpenSIN-Code/SIN-Code-Bundle/cmd/sin-code/internal/todo/todo.go:110.21,111.15 1 0
github.com/OpenSIN-Code/SIN-Code-Bundle/cmd/sin-code/internal/todo/todo.go:112.24,113.15 1 0
github.com/OpenSIN-Code/SIN-Code-Bundle/cmd/sin-code/internal/todo/todo.go:114.10,115.15 1 0
github.com/OpenSIN-Code/SIN-Code-Bundle/cmd/sin-code/internal/todo/todo.go:119.33,120.18 1 0
github.com/OpenSIN-Code/SIN-Code-Bundle/cmd/sin-code/internal/todo/todo.go:120.18,123.3 2 0
github.com/OpenSIN-Code/SIN-Code-Bundle/cmd/sin-code/internal/todo/todo.go:124.2,126.23 3 0
github.com/OpenSIN-Code/SIN-Code-Bundle/cmd/sin-code/internal/todo/todo.go:126.23,128.21 2 0
github.com/OpenSIN-Code/SIN-Code-Bundle/cmd/sin-code/internal/todo/todo.go:128.21,130.4 1 0
github.com/OpenSIN-Code/SIN-Code-Bundle/cmd/sin-code/internal/todo/todo.go:131.3,132.18 2 0
github.com/OpenSIN-Code/SIN-Code-Bundle/cmd/sin-code/internal/todo/todo.go:132.18,134.4 1 0
github.com/OpenSIN-Code/SIN-Code-Bundle/cmd/sin-code/internal/todo/todo.go:135.3,137.54 1 0
github.com/OpenSIN-Code/SIN-Code-Bundle/cmd/sin-code/internal/todo/todo.go:146.54,157.18 10 0
github.com/OpenSIN-Code/SIN-Code-Bundle/cmd/sin-code/internal/todo/todo.go:157.18,159.4 1 0
github.com/OpenSIN-Code/SIN-Code-Bundle/cmd/sin-code/internal/todo/todo.go:160.3,160.52 1 0
github.com/OpenSIN-Code/SIN-Code-Bundle/cmd/sin-code/internal/todo/todo.go:160.52,162.4 1 0
github.com/OpenSIN-Code/SIN-Code-Bundle/cmd/sin-code/internal/todo/todo.go:163.3,163.46 1 0
github.com/OpenSIN-Code/SIN-Code-Bundle/cmd/sin-code/internal/todo/todo.go:163.46,165.4 1 0
github.com/OpenSIN-Code/SIN-Code-Bundle/cmd/sin-code/internal/todo/todo.go:166.3,166.20 1 0
github.com/OpenSIN-Code/SIN-Code-Bundle/cmd/sin-code/internal/todo/todo.go:166.20,168.4 1 0
github.com/OpenSIN-Code/SIN-Code-Bundle/cmd/sin-code/internal/todo/todo.go:169.3,181.17 3 0
github.com/OpenSIN-Code/SIN-Code-Bundle/cmd/sin-code/internal/todo/todo.go:181.17,183.4 1 0
github.com/OpenSIN-Code/SIN-Code-Bundle/cmd/sin-code/internal/todo/todo.go:184.3,185.38 2 0
github.com/OpenSIN-Code/SIN-Code-Bundle/cmd/sin-code/internal/todo/todo.go:185.38,187.4 1 0
github.com/OpenSIN-Code/SIN-Code-Bundle/cmd/sin-code/internal/todo/todo.go:188.3,195.27 4 0
github.com/OpenSIN-Code/SIN-Code-Bundle/cmd/sin-code/internal/todo/todo.go:195.27,197.4 1 0
github.com/OpenSIN-Code/SIN-Code-Bundle/cmd/sin-code/internal/todo/todo.go:198.3,199.13 2 0
github.com/OpenSIN-Code/SIN-Code-Bundle/cmd/sin-code/internal/todo/todo.go:203.13,213.2 9 1
github.com/OpenSIN-Code/SIN-Code-Bundle/cmd/sin-code/internal/todo/todo.go:220.54,240.17 11 0
github.com/OpenSIN-Code/SIN-Code-Bundle/cmd/sin-code/internal/todo/todo.go:240.17,242.4 1 0
github.com/OpenSIN-Code/SIN-Code-Bundle/cmd/sin-code/internal/todo/todo.go:243.3,245.10 2 0
github.com/OpenSIN-Code/SIN-Code-Bundle/cmd/sin-code/internal/todo/todo.go:245.10,247.18 2 0
github.com/OpenSIN-Code/SIN-Code-Bundle/cmd/sin-code/internal/todo/todo.go:247.18,249.5 1 0
github.com/OpenSIN-Code/SIN-Code-Bundle/cmd/sin-code/internal/todo/todo.go:250.4,250.28 1 0
github.com/OpenSIN-Code/SIN-Code-Bundle/cmd/sin-code/internal/todo/todo.go:250.28,252.5 1 0
github.com/OpenSIN-Code/SIN-Code-Bundle/cmd/sin-code/internal/todo/todo.go:253.4,254.14 2 0
github.com/OpenSIN-Code/SIN-Code-Bundle/cmd/sin-code/internal/todo/todo.go:256.3,257.17 2 0
github.com/OpenSIN-Code/SIN-Code-Bundle/cmd/sin-code/internal/todo/todo.go:257.17,259.4 1 0
github.com/OpenSIN-Code/SIN-Code-Bundle/cmd/sin-code/internal/todo/todo.go:260.3,260.27 1 0
github.com/OpenSIN-Code/SIN-Code-Bundle/cmd/sin-code/internal/todo/todo.go:260.27,262.4 1 0
github.com/OpenSIN-Code/SIN-Code-Bundle/cmd/sin-code/internal/todo/todo.go:263.3,264.13 2 0
github.com/OpenSIN-Code/SIN-Code-Bundle/cmd/sin-code/internal/todo/todo.go:268.13,277.2 8 1
github.com/OpenSIN-Code/SIN-Code-Bundle/cmd/sin-code/internal/todo/todo.go:285.54,287.17 2 0
github.com/OpenSIN-Code/SIN-Code-Bundle/cmd/sin-code/internal/todo/todo.go:287.17,289.4 1 0
github.com/OpenSIN-Code/SIN-Code-Bundle/cmd/sin-code/internal/todo/todo.go:290.3,292.17 3 0
github.com/OpenSIN-Code/SIN-Code-Bundle/cmd/sin-code/internal/todo/todo.go:292.17,294.4 1 0
github.com/OpenSIN-Code/SIN-Code-Bundle/cmd/sin-code/internal/todo/todo.go:295.3,298.27 4 0
github.com/OpenSIN-Code/SIN-Code-Bundle/cmd/sin-code/internal/todo/todo.go:298.27,305.4 1 0
github.com/OpenSIN-Code/SIN-Code-Bundle/cmd/sin-code/internal/todo/todo.go:306.3,308.26 3 0
github.com/OpenSIN-Code/SIN-Code-Bundle/cmd/sin-code/internal/todo/todo.go:308.26,310.4 1 0
github.com/OpenSIN-Code/SIN-Code-Bundle/cmd/sin-code/internal/todo/todo.go:311.3,314.23 4 0
github.com/OpenSIN-Code/SIN-Code-Bundle/cmd/sin-code/internal/todo/todo.go:314.23,316.4 1 0
github.com/OpenSIN-Code/SIN-Code-Bundle/cmd/sin-code/internal/todo/todo.go:317.3,317.21 1 0
github.com/OpenSIN-Code/SIN-Code-Bundle/cmd/sin-code/internal/todo/todo.go:317.21,319.4 1 0
github.com/OpenSIN-Code/SIN-Code-Bundle/cmd/sin-code/internal/todo/todo.go:320.3,320.26 1 0
github.com/OpenSIN-Code/SIN-Code-Bundle/cmd/sin-code/internal/todo/todo.go:320.26,322.4 1 0
github.com/OpenSIN-Code/SIN-Code-Bundle/cmd/sin-code/internal/todo/todo.go:323.3,323.22 1 0
github.com/OpenSIN-Code/SIN-Code-Bundle/cmd/sin-code/internal/todo/todo.go:323.22,325.4 1 0
github.com/OpenSIN-Code/SIN-Code-Bundle/cmd/sin-code/internal/todo/todo.go:326.3,326.22 1 0
github.com/OpenSIN-Code/SIN-Code-Bundle/cmd/sin-code/internal/todo/todo.go:326.22,328.4 1 0
github.com/OpenSIN-Code/SIN-Code-Bundle/cmd/sin-code/internal/todo/todo.go:329.3,331.24 3 0
github.com/OpenSIN-Code/SIN-Code-Bundle/cmd/sin-code/internal/todo/todo.go:331.24,333.4 1 0
github.com/OpenSIN-Code/SIN-Code-Bundle/cmd/sin-code/internal/todo/todo.go:334.3,334.18 1 0
github.com/OpenSIN-Code/SIN-Code-Bundle/cmd/sin-code/internal/todo/todo.go:334.18,336.4 1 0
github.com/OpenSIN-Code/SIN-Code-Bundle/cmd/sin-code/internal/todo/todo.go:337.3,337.20 1 0
github.com/OpenSIN-Code/SIN-Code-Bundle/cmd/sin-code/internal/todo/todo.go:337.20,339.27 2 0
github.com/OpenSIN-Code/SIN-Code-Bundle/cmd/sin-code/internal/todo/todo.go:339.27,341.5 1 0
github.com/OpenSIN-Code/SIN-Code-Bundle/cmd/sin-code/internal/todo/todo.go:343.3,343.19 1 0
github.com/OpenSIN-Code/SIN-Code-Bundle/cmd/sin-code/internal/todo/todo.go:343.19,345.26 2 0
github.com/OpenSIN-Code/SIN-Code-Bundle/cmd/sin-code/internal/todo/todo.go:345.26,347.5 1 0
github.com/OpenSIN-Code/SIN-Code-Bundle/cmd/sin-code/internal/todo/todo.go:349.3,349.21 1 0
github.com/OpenSIN-Code/SIN-Code-Bundle/cmd/sin-code/internal/todo/todo.go:349.21,351.28 2 0
github.com/OpenSIN-Code/SIN-Code-Bundle/cmd/sin-code/internal/todo/todo.go:351.28,354.5 1 0
github.com/OpenSIN-Code/SIN-Code-Bundle/cmd/sin-code/internal/todo/todo.go:356.3,356.13 1 0
github.com/OpenSIN-Code/SIN-Code-Bundle/cmd/sin-code/internal/todo/todo.go:366.54,368.17 2 0
github.com/OpenSIN-Code/SIN-Code-Bundle/cmd/sin-code/internal/todo/todo.go:368.17,370.4 1 0
github.com/OpenSIN-Code/SIN-Code-Bundle/cmd/sin-code/internal/todo/todo.go:371.3,373.17 3 0
github.com/OpenSIN-Code/SIN-Code-Bundle/cmd/sin-code/internal/todo/todo.go:373.17,375.4 1 0
github.com/OpenSIN-Code/SIN-Code-Bundle/cmd/sin-code/internal/todo/todo.go:376.3,378.54 3 0
github.com/OpenSIN-Code/SIN-Code-Bundle/cmd/sin-code/internal/todo/todo.go:378.54,381.4 2 0
github.com/OpenSIN-Code/SIN-Code-Bundle/cmd/sin-code/internal/todo/todo.go:382.3,382.73 1 0
github.com/OpenSIN-Code/SIN-Code-Bundle/cmd/sin-code/internal/todo/todo.go:382.73,385.4 2 0
github.com/OpenSIN-Code/SIN-Code-Bundle/cmd/sin-code/internal/todo/todo.go:386.3,386.57 1 0
github.com/OpenSIN-Code/SIN-Code-Bundle/cmd/sin-code/internal/todo/todo.go:386.57,387.28 1 0
github.com/OpenSIN-Code/SIN-Code-Bundle/cmd/sin-code/internal/todo/todo.go:387.28,389.5 1 0
github.com/OpenSIN-Code/SIN-Code-Bundle/cmd/sin-code/internal/todo/todo.go:390.4,391.28 2 0
github.com/OpenSIN-Code/SIN-Code-Bundle/cmd/sin-code/internal/todo/todo.go:393.3,393.53 1 0
github.com/OpenSIN-Code/SIN-Code-Bundle/cmd/sin-code/internal/todo/todo.go:393.53,394.28 1 0
github.com/OpenSIN-Code/SIN-Code-Bundle/cmd/sin-code/internal/todo/todo.go:394.28,396.5 1 0
github.com/OpenSIN-Code/SIN-Code-Bundle/cmd/sin-code/internal/todo/todo.go:397.4,398.24 2 0
github.com/OpenSIN-Code/SIN-Code-Bundle/cmd/sin-code/internal/todo/todo.go:400.3,400.55 1 0
github.com/OpenSIN-Code/SIN-Code-Bundle/cmd/sin-code/internal/todo/todo.go:400.55,401.26 1 0
github.com/OpenSIN-Code/SIN-Code-Bundle/cmd/sin-code/internal/todo/todo.go:401.26,403.5 1 0
github.com/OpenSIN-Code/SIN-Code-Bundle/cmd/sin-code/internal/todo/todo.go:404.4,405.24 2 0
github.com/OpenSIN-Code/SIN-Code-Bundle/cmd/sin-code/internal/todo/todo.go:407.3,407.73 1 0
github.com/OpenSIN-Code/SIN-Code-Bundle/cmd/sin-code/internal/todo/todo.go:407.73,410.4 2 0
github.com/OpenSIN-Code/SIN-Code-Bundle/cmd/sin-code/internal/todo/todo.go:411.3,411.81 1 0
github.com/OpenSIN-Code/SIN-Code-Bundle/cmd/sin-code/internal/todo/todo.go:411.81,414.4 2 0
github.com/OpenSIN-Code/SIN-Code-Bundle/cmd/sin-code/internal/todo/todo.go:415.3,415.89 1 0
github.com/OpenSIN-Code/SIN-Code-Bundle/cmd/sin-code/internal/todo/todo.go:415.89,418.4 2 0
github.com/OpenSIN-Code/SIN-Code-Bundle/cmd/sin-code/internal/todo/todo.go:419.3,419.77 1 0
github.com/OpenSIN-Code/SIN-Code-Bundle/cmd/sin-code/internal/todo/todo.go:419.77,422.4 2 0
github.com/OpenSIN-Code/SIN-Code-Bundle/cmd/sin-code/internal/todo/todo.go:423.3,423.75 1 0
github.com/OpenSIN-Code/SIN-Code-Bundle/cmd/sin-code/internal/todo/todo.go:423.75,426.4 2 0
github.com/OpenSIN-Code/SIN-Code-Bundle/cmd/sin-code/internal/todo/todo.go:427.3,427.24 1 0
github.com/OpenSIN-Code/SIN-Code-Bundle/cmd/sin-code/internal/todo/todo.go:427.24,429.4 1 0
github.com/OpenSIN-Code/SIN-Code-Bundle/cmd/sin-code/internal/todo/todo.go:430.3,430.41 1 0
github.com/OpenSIN-Code/SIN-Code-Bundle/cmd/sin-code/internal/todo/todo.go:430.41,432.4 1 0
github.com/OpenSIN-Code/SIN-Code-Bundle/cmd/sin-code/internal/todo/todo.go:433.3,437.27 2 0
github.com/OpenSIN-Code/SIN-Code-Bundle/cmd/sin-code/internal/todo/todo.go:437.27,439.4 1 0
github.com/OpenSIN-Code/SIN-Code-Bundle/cmd/sin-code/internal/todo/todo.go:440.3,441.13 2 0
github.com/OpenSIN-Code/SIN-Code-Bundle/cmd/sin-code/internal/todo/todo.go:445.13,456.2 10 1
github.com/OpenSIN-Code/SIN-Code-Bundle/cmd/sin-code/internal/todo/todo.go:464.54,466.17 2 0
github.com/OpenSIN-Code/SIN-Code-Bundle/cmd/sin-code/internal/todo/todo.go:466.17,468.4 1 0
github.com/OpenSIN-Code/SIN-Code-Bundle/cmd/sin-code/internal/todo/todo.go:469.3,471.17 3 0
github.com/OpenSIN-Code/SIN-Code-Bundle/cmd/sin-code/internal/todo/todo.go:471.17,473.4 1 0
github.com/OpenSIN-Code/SIN-Code-Bundle/cmd/sin-code/internal/todo/todo.go:474.3,475.46 2 0
github.com/OpenSIN-Code/SIN-Code-Bundle/cmd/sin-code/internal/todo/todo.go:475.46,477.4 1 0
github.com/OpenSIN-Code/SIN-Code-Bundle/cmd/sin-code/internal/todo/todo.go:478.3,480.29 3 0
github.com/OpenSIN-Code/SIN-Code-Bundle/cmd/sin-code/internal/todo/todo.go:480.29,482.4 1 0
github.com/OpenSIN-Code/SIN-Code-Bundle/cmd/sin-code/internal/todo/todo.go:483.3,483.41 1 0
github.com/OpenSIN-Code/SIN-Code-Bundle/cmd/sin-code/internal/todo/todo.go:483.41,485.4 1 0
github.com/OpenSIN-Code/SIN-Code-Bundle/cmd/sin-code/internal/todo/todo.go:486.3,492.13 4 0
github.com/OpenSIN-Code/SIN-Code-Bundle/cmd/sin-code/internal/todo/todo.go:500.54,502.17 2 0
github.com/OpenSIN-Code/SIN-Code-Bundle/cmd/sin-code/internal/todo/todo.go:502.17,504.4 1 0
github.com/OpenSIN-Code/SIN-Code-Bundle/cmd/sin-code/internal/todo/todo.go:505.3,507.17 3 0
github.com/OpenSIN-Code/SIN-Code-Bundle/cmd/sin-code/internal/todo/todo.go:507.17,509.4 1 0
github.com/OpenSIN-Code/SIN-Code-Bundle/cmd/sin-code/internal/todo/todo.go:510.3,512.35 3 0
github.com/OpenSIN-Code/SIN-Code-Bundle/cmd/sin-code/internal/todo/todo.go:512.35,514.4 1 0
github.com/OpenSIN-Code/SIN-Code-Bundle/cmd/sin-code/internal/todo/todo.go:515.3,515.41 1 0
github.com/OpenSIN-Code/SIN-Code-Bundle/cmd/sin-code/internal/todo/todo.go:515.41,517.4 1 0
github.com/OpenSIN-Code/SIN-Code-Bundle/cmd/sin-code/internal/todo/todo.go:518.3,523.13 3 0
github.com/OpenSIN-Code/SIN-Code-Bundle/cmd/sin-code/internal/todo/todo.go:533.54,535.17 2 0
github.com/OpenSIN-Code/SIN-Code-Bundle/cmd/sin-code/internal/todo/todo.go:535.17,537.4 1 0
github.com/OpenSIN-Code/SIN-Code-Bundle/cmd/sin-code/internal/todo/todo.go:538.3,540.17 3 0
github.com/OpenSIN-Code/SIN-Code-Bundle/cmd/sin-code/internal/todo/todo.go:540.17,542.4 1 0
github.com/OpenSIN-Code/SIN-Code-Bundle/cmd/sin-code/internal/todo/todo.go:543.3,545.41 3 0
github.com/OpenSIN-Code/SIN-Code-Bundle/cmd/sin-code/internal/todo/todo.go:545.41,547.4 1 0
github.com/OpenSIN-Code/SIN-Code-Bundle/cmd/sin-code/internal/todo/todo.go:548.3,554.13 4 0
github.com/OpenSIN-Code/SIN-Code-Bundle/cmd/sin-code/internal/todo/todo.go:562.54,564.17 2 0
github.com/OpenSIN-Code/SIN-Code-Bundle/cmd/sin-code/internal/todo/todo.go:564.17,566.4 1 0
github.com/OpenSIN-Code/SIN-Code-Bundle/cmd/sin-code/internal/todo/todo.go:567.3,569.17 3 0
github.com/OpenSIN-Code/SIN-Code-Bundle/cmd/sin-code/internal/todo/todo.go:569.17,571.4 1 0
github.com/OpenSIN-Code/SIN-Code-Bundle/cmd/sin-code/internal/todo/todo.go:572.3,574.41 3 0
github.com/OpenSIN-Code/SIN-Code-Bundle/cmd/sin-code/internal/todo/todo.go:574.41,576.4 1 0
github.com/OpenSIN-Code/SIN-Code-Bundle/cmd/sin-code/internal/todo/todo.go:577.3,583.13 4 0
github.com/OpenSIN-Code/SIN-Code-Bundle/cmd/sin-code/internal/todo/todo.go:591.54,594.17 3 0
github.com/OpenSIN-Code/SIN-Code-Bundle/cmd/sin-code/internal/todo/todo.go:594.17,596.4 1 0
github.com/OpenSIN-Code/SIN-Code-Bundle/cmd/sin-code/internal/todo/todo.go:597.3,598.54 2 0
github.com/OpenSIN-Code/SIN-Code-Bundle/cmd/sin-code/internal/todo/todo.go:598.54,600.4 1 0
github.com/OpenSIN-Code/SIN-Code-Bundle/cmd/sin-code/internal/todo/todo.go:601.3,606.13 3 0
github.com/OpenSIN-Code/SIN-Code-Bundle/cmd/sin-code/internal/todo/todo.go:610.13,612.2 1 1
github.com/OpenSIN-Code/SIN-Code-Bundle/cmd/sin-code/internal/todo/todo.go:625.54,627.30 2 0
github.com/OpenSIN-Code/SIN-Code-Bundle/cmd/sin-code/internal/todo/todo.go:627.30,629.4 1 0
github.com/OpenSIN-Code/SIN-Code-Bundle/cmd/sin-code/internal/todo/todo.go:630.3,631.17 2 0
github.com/OpenSIN-Code/SIN-Code-Bundle/cmd/sin-code/internal/todo/todo.go:631.17,633.4 1 0
github.com/OpenSIN-Code/SIN-Code-Bundle/cmd/sin-code/internal/todo/todo.go:634.3,636.43 3 0
github.com/OpenSIN-Code/SIN-Code-Bundle/cmd/sin-code/internal/todo/todo.go:636.43,638.4 1 0
github.com/OpenSIN-Code/SIN-Code-Bundle/cmd/sin-code/internal/todo/todo.go:639.3,643.67 2 0
github.com/OpenSIN-Code/SIN-Code-Bundle/cmd/sin-code/internal/todo/todo.go:643.67,645.4 1 0
github.com/OpenSIN-Code/SIN-Code-Bundle/cmd/sin-code/internal/todo/todo.go:646.3,647.13 2 0
github.com/OpenSIN-Code/SIN-Code-Bundle/cmd/sin-code/internal/todo/todo.go:655.54,657.17 2 0
github.com/OpenSIN-Code/SIN-Code-Bundle/cmd/sin-code/internal/todo/todo.go:657.17,659.4 1 0
github.com/OpenSIN-Code/SIN-Code-Bundle/cmd/sin-code/internal/todo/todo.go:660.3,661.59 2 0
github.com/OpenSIN-Code/SIN-Code-Bundle/cmd/sin-code/internal/todo/todo.go:661.59,663.4 1 0
github.com/OpenSIN-Code/SIN-Code-Bundle/cmd/sin-code/internal/todo/todo.go:664.3,669.13 3 0
github.com/OpenSIN-Code/SIN-Code-Bundle/cmd/sin-code/internal/todo/todo.go:673.13,677.2 3 1
github.com/OpenSIN-Code/SIN-Code-Bundle/cmd/sin-code/internal/todo/todo.go:685.54,688.17 3 0
github.com/OpenSIN-Code/SIN-Code-Bundle/cmd/sin-code/internal/todo/todo.go:688.17,690.4 1 0
github.com/OpenSIN-Code/SIN-Code-Bundle/cmd/sin-code/internal/todo/todo.go:691.3,693.17 3 0
github.com/OpenSIN-Code/SIN-Code-Bundle/cmd/sin-code/internal/todo/todo.go:693.17,695.4 1 0
github.com/OpenSIN-Code/SIN-Code-Bundle/cmd/sin-code/internal/todo/todo.go:696.3,696.27 1 0
github.com/OpenSIN-Code/SIN-Code-Bundle/cmd/sin-code/internal/todo/todo.go:696.27,698.4 1 0
github.com/OpenSIN-Code/SIN-Code-Bundle/cmd/sin-code/internal/todo/todo.go:699.3,702.46 4 0
github.com/OpenSIN-Code/SIN-Code-Bundle/cmd/sin-code/internal/todo/todo.go:702.46,703.36 1 0
github.com/OpenSIN-Code/SIN-Code-Bundle/cmd/sin-code/internal/todo/todo.go:703.36,705.5 1 0
github.com/OpenSIN-Code/SIN-Code-Bundle/cmd/sin-code/internal/todo/todo.go:706.4,709.16 4 0
github.com/OpenSIN-Code/SIN-Code-Bundle/cmd/sin-code/internal/todo/todo.go:709.16,711.5 1 0
github.com/OpenSIN-Code/SIN-Code-Bundle/cmd/sin-code/internal/todo/todo.go:712.4,713.31 2 0
github.com/OpenSIN-Code/SIN-Code-Bundle/cmd/sin-code/internal/todo/todo.go:713.31,715.5 1 0
github.com/OpenSIN-Code/SIN-Code-Bundle/cmd/sin-code/internal/todo/todo.go:717.3,718.13 2 0
github.com/OpenSIN-Code/SIN-Code-Bundle/cmd/sin-code/internal/todo/todo.go:722.13,724.2 1 1
github.com/OpenSIN-Code/SIN-Code-Bundle/cmd/sin-code/internal/todo/todo.go:731.54,733.17 2 0
github.com/OpenSIN-Code/SIN-Code-Bundle/cmd/sin-code/internal/todo/todo.go:733.17,735.4 1 0
github.com/OpenSIN-Code/SIN-Code-Bundle/cmd/sin-code/internal/todo/todo.go:736.3,738.17 3 0
github.com/OpenSIN-Code/SIN-Code-Bundle/cmd/sin-code/internal/todo/todo.go:738.17,740.4 1 0
github.com/OpenSIN-Code/SIN-Code-Bundle/cmd/sin-code/internal/todo/todo.go:741.3,741.27 1 0
github.com/OpenSIN-Code/SIN-Code-Bundle/cmd/sin-code/internal/todo/todo.go:741.27,743.4 1 0
github.com/OpenSIN-Code/SIN-Code-Bundle/cmd/sin-code/internal/todo/todo.go:744.3,745.13 2 0
github.com/OpenSIN-Code/SIN-Code-Bundle/cmd/sin-code/internal/todo/todo.go:752.54,754.17 2 0
github.com/OpenSIN-Code/SIN-Code-Bundle/cmd/sin-code/internal/todo/todo.go:754.17,756.4 1 0
github.com/OpenSIN-Code/SIN-Code-Bundle/cmd/sin-code/internal/todo/todo.go:757.3,759.17 3 0
github.com/OpenSIN-Code/SIN-Code-Bundle/cmd/sin-code/internal/todo/todo.go:759.17,761.4 1 0
github.com/OpenSIN-Code/SIN-Code-Bundle/cmd/sin-code/internal/todo/todo.go:762.3,762.27 1 0
github.com/OpenSIN-Code/SIN-Code-Bundle/cmd/sin-code/internal/todo/todo.go:762.27,764.4 1 0
github.com/OpenSIN-Code/SIN-Code-Bundle/cmd/sin-code/internal/todo/todo.go:765.3,766.13 2 0
github.com/OpenSIN-Code/SIN-Code-Bundle/cmd/sin-code/internal/todo/todo.go:774.54,776.17 2 0
github.com/OpenSIN-Code/SIN-Code-Bundle/cmd/sin-code/internal/todo/todo.go:776.17,778.4 1 0
github.com/OpenSIN-Code/SIN-Code-Bundle/cmd/sin-code/internal/todo/todo.go:779.3,781.17 3 0
github.com/OpenSIN-Code/SIN-Code-Bundle/cmd/sin-code/internal/todo/todo.go:781.17,783.4 1 0
github.com/OpenSIN-Code/SIN-Code-Bundle/cmd/sin-code/internal/todo/todo.go:784.3,784.27 1 0
github.com/OpenSIN-Code/SIN-Code-Bundle/cmd/sin-code/internal/todo/todo.go:784.27,786.4 1 0
github.com/OpenSIN-Code/SIN-Code-Bundle/cmd/sin-code/internal/todo/todo.go:787.3,788.13 2 0
github.com/OpenSIN-Code/SIN-Code-Bundle/cmd/sin-code/internal/todo/todo.go:797.54,799.17 2 0
github.com/OpenSIN-Code/SIN-Code-Bundle/cmd/sin-code/internal/todo/todo.go:799.17,801.4 1 0
github.com/OpenSIN-Code/SIN-Code-Bundle/cmd/sin-code/internal/todo/todo.go:802.3,804.17 3 0
github.com/OpenSIN-Code/SIN-Code-Bundle/cmd/sin-code/internal/todo/todo.go:804.17,806.4 1 0
github.com/OpenSIN-Code/SIN-Code-Bundle/cmd/sin-code/internal/todo/todo.go:807.3,808.24 2 0
github.com/OpenSIN-Code/SIN-Code-Bundle/cmd/sin-code/internal/todo/todo.go:808.24,811.4 2 0
github.com/OpenSIN-Code/SIN-Code-Bundle/cmd/sin-code/internal/todo/todo.go:812.3,815.24 4 0
github.com/OpenSIN-Code/SIN-Code-Bundle/cmd/sin-code/internal/todo/todo.go:815.24,817.20 2 0
github.com/OpenSIN-Code/SIN-Code-Bundle/cmd/sin-code/internal/todo/todo.go:818.20,819.25 1 0
github.com/OpenSIN-Code/SIN-Code-Bundle/cmd/sin-code/internal/todo/todo.go:820.25,821.24 1 0
github.com/OpenSIN-Code/SIN-Code-Bundle/cmd/sin-code/internal/todo/todo.go:822.23,823.26 1 0
github.com/OpenSIN-Code/SIN-Code-Bundle/cmd/sin-code/internal/todo/todo.go:824.26,825.24 1 0
github.com/OpenSIN-Code/SIN-Code-Bundle/cmd/sin-code/internal/todo/todo.go:827.4,828.96 2 0
github.com/OpenSIN-Code/SIN-Code-Bundle/cmd/sin-code/internal/todo/todo.go:830.3,831.35 2 0
github.com/OpenSIN-Code/SIN-Code-Bundle/cmd/sin-code/internal/todo/todo.go:831.35,832.27 1 0
github.com/OpenSIN-Code/SIN-Code-Bundle/cmd/sin-code/internal/todo/todo.go:832.27,834.22 2 0
github.com/OpenSIN-Code/SIN-Code-Bundle/cmd/sin-code/internal/todo/todo.go:834.22,835.14 1 0
github.com/OpenSIN-Code/SIN-Code-Bundle/cmd/sin-code/internal/todo/todo.go:837.5,839.28 3 0
github.com/OpenSIN-Code/SIN-Code-Bundle/cmd/sin-code/internal/todo/todo.go:839.28,841.6 1 0
github.com/OpenSIN-Code/SIN-Code-Bundle/cmd/sin-code/internal/todo/todo.go:842.5,842.88 1 0
github.com/OpenSIN-Code/SIN-Code-Bundle/cmd/sin-code/internal/todo/todo.go:845.3,846.13 2 0
github.com/OpenSIN-Code/SIN-Code-Bundle/cmd/sin-code/internal/todo/todo.go:850.39,851.17 1 0
github.com/OpenSIN-Code/SIN-Code-Bundle/cmd/sin-code/internal/todo/todo.go:851.17,853.3 1 0
github.com/OpenSIN-Code/SIN-Code-Bundle/cmd/sin-code/internal/todo/todo.go:854.2,854.24 1 0
github.com/OpenSIN-Code/SIN-Code-Bundle/cmd/sin-code/internal/todo/todo.go:862.54,864.17 2 0
github.com/OpenSIN-Code/SIN-Code-Bundle/cmd/sin-code/internal/todo/todo.go:864.17,866.4 1 0
github.com/OpenSIN-Code/SIN-Code-Bundle/cmd/sin-code/internal/todo/todo.go:867.3,869.17 3 0
github.com/OpenSIN-Code/SIN-Code-Bundle/cmd/sin-code/internal/todo/todo.go:869.17,871.4 1 0
github.com/OpenSIN-Code/SIN-Code-Bundle/cmd/sin-code/internal/todo/todo.go:872.3,872.27 1 0
github.com/OpenSIN-Code/SIN-Code-Bundle/cmd/sin-code/internal/todo/todo.go:872.27,874.4 1 0
github.com/OpenSIN-Code/SIN-Code-Bundle/cmd/sin-code/internal/todo/todo.go:875.3,882.13 8 0
github.com/OpenSIN-Code/SIN-Code-Bundle/cmd/sin-code/internal/todo/todo.go:886.56,888.19 2 0
github.com/OpenSIN-Code/SIN-Code-Bundle/cmd/sin-code/internal/todo/todo.go:888.19,890.3 1 0
github.com/OpenSIN-Code/SIN-Code-Bundle/cmd/sin-code/internal/todo/todo.go:891.2,893.25 3 0
github.com/OpenSIN-Code/SIN-Code-Bundle/cmd/sin-code/internal/todo/todo.go:893.25,895.3 1 0
github.com/OpenSIN-Code/SIN-Code-Bundle/cmd/sin-code/internal/todo/todo.go:904.54,906.17 2 0
github.com/OpenSIN-Code/SIN-Code-Bundle/cmd/sin-code/internal/todo/todo.go:906.17,908.4 1 0
github.com/OpenSIN-Code/SIN-Code-Bundle/cmd/sin-code/internal/todo/todo.go:909.3,911.20 3 0
github.com/OpenSIN-Code/SIN-Code-Bundle/cmd/sin-code/internal/todo/todo.go:911.20,913.4 1 0
github.com/OpenSIN-Code/SIN-Code-Bundle/cmd/sin-code/internal/todo/todo.go:914.3,915.17 2 0
github.com/OpenSIN-Code/SIN-Code-Bundle/cmd/sin-code/internal/todo/todo.go:915.17,917.4 1 0
github.com/OpenSIN-Code/SIN-Code-Bundle/cmd/sin-code/internal/todo/todo.go:918.3,918.27 1 0
github.com/OpenSIN-Code/SIN-Code-Bundle/cmd/sin-code/internal/todo/todo.go:918.27,920.4 1 0
github.com/OpenSIN-Code/SIN-Code-Bundle/cmd/sin-code/internal/todo/todo.go:921.3,921.24 1 0
github.com/OpenSIN-Code/SIN-Code-Bundle/cmd/sin-code/internal/todo/todo.go:921.24,924.4 2 0
github.com/OpenSIN-Code/SIN-Code-Bundle/cmd/sin-code/internal/todo/todo.go:925.3,925.29 1 0
github.com/OpenSIN-Code/SIN-Code-Bundle/cmd/sin-code/internal/todo/todo.go:925.29,927.34 2 0
github.com/OpenSIN-Code/SIN-Code-Bundle/cmd/sin-code/internal/todo/todo.go:927.34,929.5 1 0
github.com/OpenSIN-Code/SIN-Code-Bundle/cmd/sin-code/internal/todo/todo.go:930.4,931.20 2 0
github.com/OpenSIN-Code/SIN-Code-Bundle/cmd/sin-code/internal/todo/todo.go:931.20,933.5 1 0
github.com/OpenSIN-Code/SIN-Code-Bundle/cmd/sin-code/internal/todo/todo.go:934.4,935.81 1 0
github.com/OpenSIN-Code/SIN-Code-Bundle/cmd/sin-code/internal/todo/todo.go:937.3,937.13 1 0
github.com/OpenSIN-Code/SIN-Code-Bundle/cmd/sin-code/internal/todo/todo.go:946.54,949.17 3 0
github.com/OpenSIN-Code/SIN-Code-Bundle/cmd/sin-code/internal/todo/todo.go:949.17,951.4 1 0
github.com/OpenSIN-Code/SIN-Code-Bundle/cmd/sin-code/internal/todo/todo.go:952.3,954.17 3 0
github.com/OpenSIN-Code/SIN-Code-Bundle/cmd/sin-code/internal/todo/todo.go:954.17,956.4 1 0
github.com/OpenSIN-Code/SIN-Code-Bundle/cmd/sin-code/internal/todo/todo.go:957.3,957.27 1 0
github.com/OpenSIN-Code/SIN-Code-Bundle/cmd/sin-code/internal/todo/todo.go:957.27,959.4 1 0
github.com/OpenSIN-Code/SIN-Code-Bundle/cmd/sin-code/internal/todo/todo.go:960.3,962.13 3 0
github.com/OpenSIN-Code/SIN-Code-Bundle/cmd/sin-code/internal/todo/todo.go:972.54,974.17 2 0
github.com/OpenSIN-Code/SIN-Code-Bundle/cmd/sin-code/internal/todo/todo.go:974.17,976.4 1 0
github.com/OpenSIN-Code/SIN-Code-Bundle/cmd/sin-code/internal/todo/todo.go:977.3,978.21 2 0
github.com/OpenSIN-Code/SIN-Code-Bundle/cmd/sin-code/internal/todo/todo.go:978.21,980.15 2 0
github.com/OpenSIN-Code/SIN-Code-Bundle/cmd/sin-code/internal/todo/todo.go:980.15,982.5 1 0
github.com/OpenSIN-Code/SIN-Code-Bundle/cmd/sin-code/internal/todo/todo.go:983.4,984.14 2 0
github.com/OpenSIN-Code/SIN-Code-Bundle/cmd/sin-code/internal/todo/todo.go:986.3,986.67 1 0
github.com/OpenSIN-Code/SIN-Code-Bundle/cmd/sin-code/internal/todo/todo.go:986.67,988.4 1 0
github.com/OpenSIN-Code/SIN-Code-Bundle/cmd/sin-code/internal/todo/todo.go:989.3,990.13 2 0
github.com/OpenSIN-Code/SIN-Code-Bundle/cmd/sin-code/internal/todo/todo.go:1000.54,1002.17 2 0
github.com/OpenSIN-Code/SIN-Code-Bundle/cmd/sin-code/internal/todo/todo.go:1002.17,1004.4 1 0
github.com/OpenSIN-Code/SIN-Code-Bundle/cmd/sin-code/internal/todo/todo.go:1005.3,1010.44 3 0
github.com/OpenSIN-Code/SIN-Code-Bundle/cmd/sin-code/internal/todo/todo.go:1010.44,1012.4 1 0
github.com/OpenSIN-Code/SIN-Code-Bundle/cmd/sin-code/internal/todo/todo.go:1013.3,1014.13 2 0
github.com/OpenSIN-Code/SIN-Code-Bundle/cmd/sin-code/internal/todo/todo.go:1021.54,1023.17 2 0
github.com/OpenSIN-Code/SIN-Code-Bundle/cmd/sin-code/internal/todo/todo.go:1023.17,1025.4 1 0
github.com/OpenSIN-Code/SIN-Code-Bundle/cmd/sin-code/internal/todo/todo.go:1026.3,1033.21 8 0
github.com/OpenSIN-Code/SIN-Code-Bundle/cmd/sin-code/internal/todo/todo.go:1033.21,1035.28 2 0
github.com/OpenSIN-Code/SIN-Code-Bundle/cmd/sin-code/internal/todo/todo.go:1035.28,1037.5 1 0
github.com/OpenSIN-Code/SIN-Code-Bundle/cmd/sin-code/internal/todo/todo.go:1039.3,1039.23 1 0
github.com/OpenSIN-Code/SIN-Code-Bundle/cmd/sin-code/internal/todo/todo.go:1039.23,1041.30 2 0
github.com/OpenSIN-Code/SIN-Code-Bundle/cmd/sin-code/internal/todo/todo.go:1041.30,1043.5 1 0
github.com/OpenSIN-Code/SIN-Code-Bundle/cmd/sin-code/internal/todo/todo.go:1045.3,1045.20 1 0
github.com/OpenSIN-Code/SIN-Code-Bundle/cmd/sin-code/internal/todo/todo.go:1045.20,1047.27 2 0
github.com/OpenSIN-Code/SIN-Code-Bundle/cmd/sin-code/internal/todo/todo.go:1047.27,1049.5 1 0
github.com/OpenSIN-Code/SIN-Code-Bundle/cmd/sin-code/internal/todo/todo.go:1051.3,1051.13 1 0
github.com/OpenSIN-Code/SIN-Code-Bundle/cmd/sin-code/internal/todo/todo.go:1060.54,1064.17 4 0
github.com/OpenSIN-Code/SIN-Code-Bundle/cmd/sin-code/internal/todo/todo.go:1064.17,1066.4 1 0
github.com/OpenSIN-Code/SIN-Code-Bundle/cmd/sin-code/internal/todo/todo.go:1067.3,1068.17 2 0
github.com/OpenSIN-Code/SIN-Code-Bundle/cmd/sin-code/internal/todo/todo.go:1068.17,1070.4 1 0
github.com/OpenSIN-Code/SIN-Code-Bundle/cmd/sin-code/internal/todo/todo.go:1071.3,1073.17 3 0
github.com/OpenSIN-Code/SIN-Code-Bundle/cmd/sin-code/internal/todo/todo.go:1073.17,1075.4 1 0
github.com/OpenSIN-Code/SIN-Code-Bundle/cmd/sin-code/internal/todo/todo.go:1076.3,1076.27 1 0
github.com/OpenSIN-Code/SIN-Code-Bundle/cmd/sin-code/internal/todo/todo.go:1076.27,1078.4 1 0
github.com/OpenSIN-Code/SIN-Code-Bundle/cmd/sin-code/internal/todo/todo.go:1079.3,1080.10 2 0
github.com/OpenSIN-Code/SIN-Code-Bundle/cmd/sin-code/internal/todo/todo.go:1080.10,1082.4 1 0
github.com/OpenSIN-Code/SIN-Code-Bundle/cmd/sin-code/internal/todo/todo.go:1083.3,1084.45 2 0
github.com/OpenSIN-Code/SIN-Code-Bundle/cmd/sin-code/internal/todo/todo.go:1084.45,1085.31 1 0
github.com/OpenSIN-Code/SIN-Code-Bundle/cmd/sin-code/internal/todo/todo.go:1085.31,1087.5 1 0
github.com/OpenSIN-Code/SIN-Code-Bundle/cmd/sin-code/internal/todo/todo.go:1089.3,1089.13 1 0
github.com/OpenSIN-Code/SIN-Code-Bundle/cmd/sin-code/internal/todo/todo.go:1093.13,1096.2 2 1
github.com/OpenSIN-Code/SIN-Code-Bundle/cmd/sin-code/internal/todo/todo.go:1103.54,1105.17 2 0
github.com/OpenSIN-Code/SIN-Code-Bundle/cmd/sin-code/internal/todo/todo.go:1105.17,1107.4 1 0
github.com/OpenSIN-Code/SIN-Code-Bundle/cmd/sin-code/internal/todo/todo.go:1108.3,1110.13 3 0
github.com/OpenSIN-Code/SIN-Code-Bundle/cmd/sin-code/internal/todo/todo.go:1117.54,1119.17 2 0
github.com/OpenSIN-Code/SIN-Code-Bundle/cmd/sin-code/internal/todo/todo.go:1119.17,1121.4 1 0
github.com/OpenSIN-Code/SIN-Code-Bundle/cmd/sin-code/internal/todo/todo.go:1122.3,1124.17 3 0
github.com/OpenSIN-Code/SIN-Code-Bundle/cmd/sin-code/internal/todo/todo.go:1124.17,1126.4 1 0
github.com/OpenSIN-Code/SIN-Code-Bundle/cmd/sin-code/internal/todo/todo.go:1127.3,1128.17 2 0
github.com/OpenSIN-Code/SIN-Code-Bundle/cmd/sin-code/internal/todo/todo.go:1128.17,1130.4 1 0
github.com/OpenSIN-Code/SIN-Code-Bundle/cmd/sin-code/internal/todo/todo.go:1131.3,1142.27 3 0
github.com/OpenSIN-Code/SIN-Code-Bundle/cmd/sin-code/internal/todo/todo.go:1142.27,1144.4 1 0
github.com/OpenSIN-Code/SIN-Code-Bundle/cmd/sin-code/internal/todo/todo.go:1145.3,1150.13 6 0
github.com/OpenSIN-Code/SIN-Code-Bundle/cmd/sin-code/internal/todo/todo.go:1159.54,1163.17 4 0
github.com/OpenSIN-Code/SIN-Code-Bundle/cmd/sin-code/internal/todo/todo.go:1163.17,1165.4 1 0
github.com/OpenSIN-Code/SIN-Code-Bundle/cmd/sin-code/internal/todo/todo.go:1166.3,1168.17 3 0
github.com/OpenSIN-Code/SIN-Code-Bundle/cmd/sin-code/internal/todo/todo.go:1168.17,1170.4 1 0
github.com/OpenSIN-Code/SIN-Code-Bundle/cmd/sin-code/internal/todo/todo.go:1171.3,1172.17 2 0
github.com/OpenSIN-Code/SIN-Code-Bundle/cmd/sin-code/internal/todo/todo.go:1173.15,1174.46 1 0
github.com/OpenSIN-Code/SIN-Code-Bundle/cmd/sin-code/internal/todo/todo.go:1175.16,1177.25 2 0
github.com/OpenSIN-Code/SIN-Code-Bundle/cmd/sin-code/internal/todo/todo.go:1177.25,1181.5 3 0
github.com/OpenSIN-Code/SIN-Code-Bundle/cmd/sin-code/internal/todo/todo.go:1182.4,1182.29 1 0
github.com/OpenSIN-Code/SIN-Code-Bundle/cmd/sin-code/internal/todo/todo.go:1183.25,1184.37 1 0
github.com/OpenSIN-Code/SIN-Code-Bundle/cmd/sin-code/internal/todo/todo.go:1185.11,1186.77 1 0
github.com/OpenSIN-Code/SIN-Code-Bundle/cmd/sin-code/internal/todo/todo.go:1188.3,1188.36 1 0
github.com/OpenSIN-Code/SIN-Code-Bundle/cmd/sin-code/internal/todo/todo.go:1188.36,1190.4 1 0
github.com/OpenSIN-Code/SIN-Code-Bundle/cmd/sin-code/internal/todo/todo.go:1191.3,1192.13 2 0
github.com/OpenSIN-Code/SIN-Code-Bundle/cmd/sin-code/internal/todo/todo.go:1196.13,1199.2 2 1
github.com/OpenSIN-Code/SIN-Code-Bundle/cmd/sin-code/internal/todo/todo.go:1201.40,1204.23 3 0
github.com/OpenSIN-Code/SIN-Code-Bundle/cmd/sin-code/internal/todo/todo.go:1204.23,1209.23 5 0
github.com/OpenSIN-Code/SIN-Code-Bundle/cmd/sin-code/internal/todo/todo.go:1209.23,1211.4 1 0
github.com/OpenSIN-Code/SIN-Code-Bundle/cmd/sin-code/internal/todo/todo.go:1212.3,1212.22 1 0
github.com/OpenSIN-Code/SIN-Code-Bundle/cmd/sin-code/internal/todo/todo.go:1212.22,1214.4 1 0
github.com/OpenSIN-Code/SIN-Code-Bundle/cmd/sin-code/internal/todo/todo.go:1215.3,1215.26 1 0
github.com/OpenSIN-Code/SIN-Code-Bundle/cmd/sin-code/internal/todo/todo.go:1215.26,1217.4 1 0
github.com/OpenSIN-Code/SIN-Code-Bundle/cmd/sin-code/internal/todo/todo.go:1218.3,1218.22 1 0
github.com/OpenSIN-Code/SIN-Code-Bundle/cmd/sin-code/internal/todo/todo.go:1220.2,1220.19 1 0
github.com/OpenSIN-Code/SIN-Code-Bundle/cmd/sin-code/internal/todo/todo.go:1227.54,1230.17 3 0
github.com/OpenSIN-Code/SIN-Code-Bundle/cmd/sin-code/internal/todo/todo.go:1230.17,1232.4 1 0
github.com/OpenSIN-Code/SIN-Code-Bundle/cmd/sin-code/internal/todo/todo.go:1233.3,1234.17 2 0
github.com/OpenSIN-Code/SIN-Code-Bundle/cmd/sin-code/internal/todo/todo.go:1234.17,1236.4 1 0
github.com/OpenSIN-Code/SIN-Code-Bundle/cmd/sin-code/internal/todo/todo.go:1237.3,1239.17 3 0
github.com/OpenSIN-Code/SIN-Code-Bundle/cmd/sin-code/internal/todo/todo.go:1240.15,1241.55 1 0
github.com/OpenSIN-Code/SIN-Code-Bundle/cmd/sin-code/internal/todo/todo.go:1241.55,1243.5 1 0
github.com/OpenSIN-Code/SIN-Code-Bundle/cmd/sin-code/internal/todo/todo.go:1244.16,1245.59 1 0
github.com/OpenSIN-Code/SIN-Code-Bundle/cmd/sin-code/internal/todo/todo.go:1245.59,1247.19 2 0
github.com/OpenSIN-Code/SIN-Code-Bundle/cmd/sin-code/internal/todo/todo.go:1247.19,1248.14 1 0
github.com/OpenSIN-Code/SIN-Code-Bundle/cmd/sin-code/internal/todo/todo.go:1250.5,1251.60 2 0
github.com/OpenSIN-Code/SIN-Code-Bundle/cmd/sin-code/internal/todo/todo.go:1251.60,1253.6 1 0
github.com/OpenSIN-Code/SIN-Code-Bundle/cmd/sin-code/internal/todo/todo.go:1254.5,1254.30 1 0
github.com/OpenSIN-Code/SIN-Code-Bundle/cmd/sin-code/internal/todo/todo.go:1256.11,1257.68 1 0
github.com/OpenSIN-Code/SIN-Code-Bundle/cmd/sin-code/internal/todo/todo.go:1259.3,1260.27 2 0
github.com/OpenSIN-Code/SIN-Code-Bundle/cmd/sin-code/internal/todo/todo.go:1260.27,1262.39 2 0
github.com/OpenSIN-Code/SIN-Code-Bundle/cmd/sin-code/internal/todo/todo.go:1262.39,1264.5 1 0
github.com/OpenSIN-Code/SIN-Code-Bundle/cmd/sin-code/internal/todo/todo.go:1265.4,1265.14 1 0
github.com/OpenSIN-Code/SIN-Code-Bundle/cmd/sin-code/internal/todo/todo.go:1267.3,1267.27 1 0
github.com/OpenSIN-Code/SIN-Code-Bundle/cmd/sin-code/internal/todo/todo.go:1267.27,1269.4 1 0
github.com/OpenSIN-Code/SIN-Code-Bundle/cmd/sin-code/internal/todo/todo.go:1270.3,1271.13 2 0
github.com/OpenSIN-Code/SIN-Code-Bundle/cmd/sin-code/internal/todo/todo.go:1275.13,1277.2 1 1
github.com/OpenSIN-Code/SIN-Code-Bundle/cmd/sin-code/internal/todo/todo.go:1281.35,1282.13 1 0
github.com/OpenSIN-Code/SIN-Code-Bundle/cmd/sin-code/internal/todo/todo.go:1282.13,1284.3 1 0
github.com/OpenSIN-Code/SIN-Code-Bundle/cmd/sin-code/internal/todo/todo.go:1285.2,1287.26 3 0
github.com/OpenSIN-Code/SIN-Code-Bundle/cmd/sin-code/internal/todo/todo.go:1287.26,1289.14 2 0
github.com/OpenSIN-Code/SIN-Code-Bundle/cmd/sin-code/internal/todo/todo.go:1289.14,1291.4 1 0
github.com/OpenSIN-Code/SIN-Code-Bundle/cmd/sin-code/internal/todo/todo.go:1293.2,1293.12 1 0
github.com/OpenSIN-Code/SIN-Code-Bundle/cmd/sin-code/internal/todo/todo.go:1296.42,1297.7 1 0
github.com/OpenSIN-Code/SIN-Code-Bundle/cmd/sin-code/internal/todo/todo.go:1297.7,1299.3 1 0
github.com/OpenSIN-Code/SIN-Code-Bundle/cmd/sin-code/internal/todo/todo.go:1300.2,1300.10 1 0
github.com/OpenSIN-Code/SIN-Code-Bundle/cmd/sin-code/internal/todo/todo.go:1303.74,1311.2 1 0
github.com/OpenSIN-Code/SIN-Code-Bundle/cmd/sin-code/internal/todo/todo.go:1316.34,1317.27 1 0
github.com/OpenSIN-Code/SIN-Code-Bundle/cmd/sin-code/internal/todo/todo.go:1317.27,1319.17 2 0
github.com/OpenSIN-Code/SIN-Code-Bundle/cmd/sin-code/internal/todo/todo.go:1319.17,1322.4 2 0
github.com/OpenSIN-Code/SIN-Code-Bundle/cmd/sin-code/internal/todo/todo.go:1323.3,1323.18 1 0
github.com/OpenSIN-Code/SIN-Code-Bundle/cmd/sin-code/internal/todo/todo.go:1325.2,1325.19 1 0
github.com/OpenSIN-Code/SIN-Code-Bundle/cmd/sin-code/internal/todo/todo.go:1328.79,1330.15 2 0
github.com/OpenSIN-Code/SIN-Code-Bundle/cmd/sin-code/internal/todo/todo.go:1330.15,1332.3 1 0
github.com/OpenSIN-Code/SIN-Code-Bundle/cmd/sin-code/internal/todo/todo.go:1333.2,1335.28 3 0
github.com/OpenSIN-Code/SIN-Code-Bundle/cmd/sin-code/internal/todo/todo.go:1335.28,1336.19 1 0
github.com/OpenSIN-Code/SIN-Code-Bundle/cmd/sin-code/internal/todo/todo.go:1336.19,1337.12 1 0
github.com/OpenSIN-Code/SIN-Code-Bundle/cmd/sin-code/internal/todo/todo.go:1339.3,1339.25 1 0
github.com/OpenSIN-Code/SIN-Code-Bundle/cmd/sin-code/internal/todo/todo.go:1340.15,1341.97 1 0
github.com/OpenSIN-Code/SIN-Code-Bundle/cmd/sin-code/internal/todo/todo.go:1342.19,1343.98 1 0
github.com/OpenSIN-Code/SIN-Code-Bundle/cmd/sin-code/internal/todo/todo.go:1344.17,1344.17 0 0
github.com/OpenSIN-Code/SIN-Code-Bundle/cmd/sin-code/internal/todo/todo.go:1347.2,1347.50 1 0
